Canonical_SMILES,QED,ADMET_risk_favorability,expected_favorability,residual
C1=Cc2ccccc2NN=C1,0.592,41.529,49.211,-7.682
CCCCCCCCCCCCCCCCCC(=O)OCC(COP(=O)([O-])OCC[N+](C)(C)C)OC(=O)CCCCCCCCCCCCCCCCC,0.026,52.551,51.462,1.089
CC/C=C\C/C=C\C/C=C\C/C=C\C/C=C\CCCCC(=O)OC(COC(=O)CCC/C=C\C/C=C\C/C=C\C/C=C\C/C=C\CC)COP(=O)(O)OCC(N)C(=O)O,0.024,43.719,51.471,-7.752
CCCCCCCC/C=C\CCCCCCCC(=O)O[C@H](COC(=O)CCCCCCCCCCCCCCC)COP(=O)(O)OCC(O)CO,0.024,50.567,51.47,-0.903
O=P(O)(O)OC[C@H]1O[C@H](OP(=O)(O)OP(=O)(O)O)[C@H](O)[C@@H]1O,0.228,69.179,50.658,18.521
Cc1ccc(-c2ccc(C)cn2)nc1,0.681,43.459,48.859,-5.4
CC(=O)N[C@H](Cc1ccc2ccccc2c1)C(=O)N[C@H](Cc1ccc(Cl)cc1)C(=O)N[C@H](Cc1cccnc1)C(=O)N[C@@H](CO)C(=O)N(C)[C@@H](Cc1ccc(O)cc1)C(=O)N[C@H](CC(N)=O)C(=O)N[C@@H](CC(C)C)C(=O)N[C@@H](CCCCNC(C)C)C(=O)N1CCC[C@H]1C(=O)N[C@H](C)C(N)=O,0.025,31.296,51.467,-20.171
CCN1CCN(Cc2ccc(Nc3ncc(F)c(-c4cc(F)c5nc(C)n(C(C)C)c5c4)n3)nc2)CC1,0.381,19.118,50.052,-30.934
CCCS(=O)(=O)N[C@H]1C[C@@H](N(C)c2ncnc3[nH]ccc23)C1,0.835,31.495,48.247,-16.751
CC#CC(=O)N1CCC[C@H]1c1nc(-c2ccc(C(=O)Nc3ccccn3)cc2)c2c(N)nccn12,0.447,17.647,49.79,-32.143
CC(=O)OC1CN2CCC1CC2,0.54,60.662,49.42,11.241
CC(=O)Nc1cc([As](=O)(O)O)ccc1O,0.405,64.476,49.954,14.522
CC(=O)O[C@H](CC(=O)[O-])C[N+](C)(C)C,0.414,83.732,49.919,33.813
CC(=O)O[C@H]1C[C@H](O[C@H]2[C@@H](O)C[C@H](O[C@H]3[C@@H](O)C[C@H](O[C@H]4CC[C@@]5(C)[C@H](CC[C@@H]6[C@@H]5CC[C@]5(C)[C@@H](C7=CC(=O)OC7)CC[C@]65O)C4)O[C@@H]3C)O[C@@H]2C)O[C@H](C)[C@H]1O,0.205,53.11,50.751,2.359
[C],0.346,85.202,50.191,35.012
C=C(F)C(=O)N1CCN(c2nc(OC[C@@H]3CCCN3C)nc3c2CCN(c2cccc4cccc(Cl)c24)C3)C[C@@H]1CC#N,0.358,16.605,50.141,-33.536
COc1ccc(-c2ccc3cc(C(=O)O)ccc3c2)cc1C12CC3CC(CC(C3)C1)C2,0.52,44.991,49.499,-4.508
CC(C)(C)C(=O)OCOP(=O)(COCCn1cnc2c(N)ncnc21)OCOC(=O)C(C)(C)C,0.207,20.895,50.742,-29.847
Nc1ncnc2c1ncn2[C@@H]1O[C@H](COP(=O)(O)O)[C@@H](O)[C@H]1O,0.39,52.773,50.014,2.759
CCCC[C@H](NC(=O)[C@H](CO)NC(=O)[C@H](Cc1ccc(O)cc1)NC(=O)[C@H](CO)NC(C)=O)C(=O)N[C@@H](CCC(=O)O)C(=O)N[C@@H](Cc1cnc[nH]1)C(=O)N[C@H](Cc1ccccc1)C(=O)N[C@@H](CCCNC(=N)N)C(=O)N[C@@H](Cc1c[nH]c2ccccc12)C(=O)NCC(=O)N[C@@H](CCCCN)C(=O)N1CCC[C@H]1C(=O)N[C@H](C(N)=O)C(C)C,0.01,37.148,51.525,-14.378
COc1ccc2cccc(CCNC(C)=O)c2c1,0.896,30.224,48.004,-17.781
CC[C@H]1[C@@H]2C[C@H]3[C@@H]4N(C)c5ccccc5[C@]45C[C@@H](C2[C@H]5O)N3[C@@H]1O,0.822,46.094,48.297,-2.203
C[C@H](N)C(=O)N[C@@H](C)C(=O)N[C@H]1[C@@H]2CN(c3nc4c(cc3F)c(=O)c(C(=O)O)cn4-c3ccc(F)cc3F)C[C@@H]21,0.333,32.154,50.241,-18.087
CN1CCC(=C2c3ccccc3CCn3c(C=O)cnc32)CC1,0.76,26.823,48.542,-21.719
NC(=O)NC1NC(=O)[N-]C1=O.[Al+3].[Al+3].[Cl-].[OH-].[OH-].[OH-].[OH-],0.312,68.459,50.324,18.135
C=C1/C(=C\C=C2/CCC[C@]3(C)[C@@H]([C@H](C)CCCC(C)C)CC[C@@H]23)C[C@@H](O)C[C@@H]1O,0.528,58.992,49.467,9.525
COCCCOc1cc(C[C@@H](C[C@H](N)[C@@H](O)C[C@H](C(=O)NCC(C)(C)C(N)=O)C(C)C)C(C)C)ccc1OC,0.193,43.214,50.798,-7.584
CC1=C(/C=C/C(C)=C\C=C\C(C)=C\C(=O)O)C(C)(C)CCC1,0.53,55.913,49.46,6.453
O=C1c2c(O)cccc2C([C@@H]2O[C@H](CO)[C@@H](O)[C@H](O)[C@H]2O)c2cc(CO)cc(O)c21,0.334,45.466,50.236,-4.77
O.[Al+3].[Al+3].[Mg+2].[O-][Si]([O-])([O-])[O-].[O-][Si]([O-])([O-])[O-],0.387,70.45,50.028,20.422
Cn1c(=O)cc(N2CCC[C@@H](N)C2)n(Cc2ccccc2C#N)c1=O,0.873,29.779,48.096,-18.317
Cc1nc(NC(=O)N2CCC[C@H]2C(N)=O)sc1-c1ccnc(C(C)(C)C(F)(F)F)c1,0.753,26.593,48.572,-21.979
[Al],0.317,80.591,50.305,30.286
CC(=O)[O-].CC(=O)[O-].CC(=O)[O-].[Al+3],0.369,80.576,50.096,30.48
[Cl][Al]([Cl])[Cl],0.441,70.481,49.811,20.67
O.[Al+3].[Al+3].[Cl-].[OH-].[OH-].[OH-].[OH-].[OH-],0.346,71.461,50.189,21.273
[Al+3].[OH-].[OH-].[OH-],0.351,83.471,50.17,33.301
[Al+3].[Al+3].[O-2].[O-2].[O-2],0.347,72.587,50.187,22.401
CC(=O)[O][Al]([OH])[O]C(C)=O,0.532,72.61,49.451,23.16
O=S(=O)([O-])[O-].O=S(=O)([O-])[O-].O=S(=O)([O-])[O-].[Al+3].[Al+3],0.229,68.765,50.656,18.109
NCC(=O)[O-].O.O.[Al+3].[Cl-].[Zr+4],0.472,80.668,49.69,30.978
CCN(CCCc1ccccc1)CCCc1ccccc1,0.65,48.453,48.98,-0.527
COC(c1ccccc1)(c1ccccc1)[C@H](Oc1nc(C)cc(C)n1)C(=O)O,0.677,51.608,48.872,2.736
Nc1ccncc1N,0.501,45.833,49.572,-3.739
[13NH3],0.397,88.603,49.987,38.616
O=C([O-])[O-].[NH4+].[NH4+],0.372,94.516,50.088,44.428
CC(O)C(=O)[O-].[NH4+],0.426,94.715,49.871,44.844
CCC(C)(C)c1ccc(CC(C)CN2C[C@@H](C)O[C@@H](C)C2)cc1,0.756,52.083,48.559,3.525
C[C@@H]1[C@H](O)[C@@H](C)/C=C/C=C/C=C/C=C/C=C/C=C/C=C/[C@H](O[C@@H]2O[C@H](C)[C@@H](O)[C@H](N)[C@@H]2O)C[C@@H]2O[C@](O)(C[C@@H](O)C[C@@H](O)[C@H](O)CC[C@@H](O)C[C@@H](O)CC(=O)O[C@H]1C)C[C@H](O)[C@H]2C(=O)O,0.174,60.072,50.875,9.197
CCC(C)(CN(C)C)OC(=O)c1ccccc1,0.735,61.137,48.645,12.492
COc1ccc(-c2cc(=S)ss2)cc1,0.574,38.465,49.283,-10.818
COc1ccc(C2C(=O)c3ccccc3C2=O)cc1,0.772,44.623,48.497,-3.874
CCCC(CCC)C(=O)OC1CC2CCC(C1)[N+]2(C)C.[Br-],0.509,61.688,49.542,12.146
O=C(OCCN1CCN(c2cccc(C(F)(F)F)c2)CC1)c1ccccc1Nc1ccnc2cc(C(F)(F)F)ccc12,0.186,14.522,50.827,-36.305
CNC(=O)c1ccc(N2C(=S)N(c3cnc(C#N)c(C(F)(F)F)c3)C(=O)C23CCC3)cc1F,0.538,24.203,49.428,-25.224
CCOc1cc([C@@H](CS(C)(=O)=O)N2C(=O)c3cccc(NC(C)=O)c3C2=O)ccc1OC,0.601,20.971,49.176,-28.205
Oc1ccc(CCCCNC[C@H](O)c2ccc(O)c(O)c2)cc1,0.381,41.023,50.051,-9.028
OC[C@H]1O[C@@H](Oc2ccc(O)cc2)[C@H](O)[C@@H](O)[C@@H]1O,0.457,70.45,49.747,20.704
CCCCCCCCCCCC(=O)OCN1C(=O)CCc2ccc(OCCCCN3CCN(c4cccc(Cl)c4Cl)CC3)cc21,0.111,20.941,51.124,-30.183
NC(=O)C[S@@](=O)C(c1ccccc1)c1ccccc1,0.906,50.061,47.965,2.096
O=[As]O[As]=O,0.53,73.483,49.457,24.026
CCO[C@H]1O[C@@H]2O[C@@]3(C)CC[C@H]4[C@H](C)CC[C@@H]([C@H]1C)[C@@]24OO3,0.733,52.175,48.653,3.522
C[C@@H]1CC[C@H]2[C@@H](C)C(O)O[C@@H]3O[C@@]4(C)CC[C@@H]1[C@]32OO4,0.691,60.141,48.818,11.323
CCCNC(C)C(=O)Nc1c(C)csc1C(=O)OC,0.786,31.602,48.442,-16.84
COc1ccc(-c2sc3cc(O)ccc3c2Oc2ccc(OCCN3CCCCC3)cc2)cc1,0.299,24.142,50.376,-26.234
O=C(Nc1ccc(OC(F)(F)Cl)cc1)c1cnc(N2CC[C@@H](O)C2)c(-c2ccn[nH]2)c1,0.498,19.056,49.586,-30.53
O=C1O[C@H]([C@@H](O)CO)C(O)=C1O,0.385,77.574,50.035,27.539
NC(=O)C[C@H](N)C(=O)O,0.424,89.369,49.88,39.489
C=C[C@@H]1C[C@]1(NC(=O)[C@@H]1C[C@@H](Oc2ncc(OC)c3ccc(Cl)cc23)CN1C(=O)[C@@H](NC(=O)OC(C)(C)C)C(C)(C)C)C(=O)NS(=O)(=O)C1CC1,0.286,22.089,50.429,-28.34
O=C(O)c1cccc(-c2noc(-c3ccccc3F)n2)c1,0.799,45.956,48.391,-2.435
COC(=O)N[C@H](C(=O)N[C@@H](Cc1ccccc1)[C@@H](O)CN(Cc1ccc(-c2ccccn2)cc1)NC(=O)[C@@H](NC(=O)OC)C(C)(C)C)C(C)(C)C,0.154,22.932,50.952,-28.02
C[C@@H]1[C@H](c2c(F)ccc(F)c2F)C[C@H](NC(=O)c2cnc3c(c2)C[C@@]2(C3)C(=O)Nc3ncccc32)C(=O)N1CC(F)(F)F,0.348,25.613,50.184,-24.571
CCOc1ccc(C[C@H]2NC(=O)CCSSC[C@@H](C(=O)N3CCC[C@H]3C(=O)N[C@@H](CCCN)C(=O)NCC(N)=O)NC(=O)[C@H](CC(N)=O)NC(=O)[C@H]([C@@H](C)O)NC(=O)[C@H]([C@@H](C)CC)NC2=O)cc1,0.065,49.173,51.306,-2.133
COc1ccc(CC2c3cc(OC)c(OC)cc3CC[N+]2(C)CCC(=O)OCCCCCOC(=O)CC[N+]2(C)CCc3cc(OC)c(OC)cc3C2Cc2ccc(OC)c(OC)c2)cc1OC.O=S(=O)([O-])c1ccccc1.O=S(=O)([O-])c1ccccc1,0.021,31.847,51.48,-19.633
O.O.O.O.[Al+3].[Mg+2].[O-2].[O-2].[O-2].[O-2].[O-2].[O-2].[O-2].[O-2].[O-2].[O-2].[OH-].[Si+4].[Si+4].[Si+4].[Si+4],0.343,74.939,50.201,24.738
OC[C@H]1O[C@H]([S][Au])[C@H](O)[C@@H](O)[C@@H]1O,0.406,81.281,49.95,31.33
Cc1ccc(NC(=O)[C@H]2CCCN(C(=O)c3c(C)cccc3F)[C@H]2c2ccc(NC3CCCC3)cc2)cc1C(F)(F)F,0.29,22.779,50.413,-27.634
COc1ccc(CNc2nc(N3CCC[C@H]3CO)ncc2C(=O)NCc2ncccn2)cc1Cl,0.42,17.555,49.894,-32.339
Cn1cc(-c2cc3c(N4CCN(c5ncc([C@@](C)(N)c6ccc(F)cc6)cn5)CC4)ncnn3c2)cn1,0.394,17.004,49.998,-32.994
O=C(Nc1nc(-c2cc(Cl)cs2)c(N2CCN(C3CCCCC3)CC2)s1)c1cnc(N2CCC(C(=O)O)CC2)c(Cl)c1,0.296,22.718,50.388,-27.67
NC(=O)[C@@H]1CC[C@@H]2CN1C(=O)N2OS(=O)(=O)O,0.595,63.971,49.198,14.773
CCOc1nc2cccc(C(=O)OCc3oc(=O)oc3C)c2n1Cc1ccc(-c2ccccc2-c2noc(=O)[nH]2)cc1,0.242,22.273,50.601,-28.328
CCOC(=O)OC(C)OC(=O)[C@@H]1N2C(=O)[C@@H](NC(=O)[C@H](N)c3ccccc3)[C@H]2SC1(C)C,0.347,49.862,50.187,-0.325
CC[C@H](C)[C@H](N)C1=N[C@H](C(=O)N[C@@H](CC(C)C)C(=O)N[C@H](CCC(=O)O)C(=O)N[C@H](C(=O)N[C@H]2CCCCNC(=O)[C@H](CC(N)=O)NC(=O)[C@@H](CC(=O)O)NC(=O)[C@H](Cc3c[nH]cn3)NC(=O)[C@@H](Cc3ccccc3)NC(=O)[C@H]([C@@H](C)CC)NC(=O)[C@@H](CCCN)NC2=O)[C@@H](C)CC)CS1,0.04,47.044,51.406,-4.362
COC(=O)OCOc1c2n(ccc1=O)N([C@@H]1c3ccccc3SCc3c1ccc(F)c3F)[C@@H]1COCCN1C2=O,0.345,18.704,50.195,-31.49
O=C(O)CCNC(=O)c1ccc(/N=N/c2ccc(O)c(C(=O)O)c2)cc1,0.56,49.418,49.34,0.078
CCS(=O)(=O)N1CC(CC#N)(n2cc(-c3ncnc4[nH]ccc34)cn2)C1,0.717,23.882,48.716,-24.834
O=S(=O)([O-])[O-].[Ba+2],0.283,75.827,50.439,25.388
CC(C)NC(=O)COc1cccc(-c2nc(Nc3ccc4[nH]ncc4c3)c3ccccc3n2)c1,0.327,13.756,50.265,-36.509
CS(=O)(=O)c1ccc(Oc2cc(F)cc(C#N)c2)c2c1[C@H](O)[C@H](F)[C@@H]2F,0.879,42.004,48.071,-6.068
CCCCC(CC)COc1ccc(-c2nc(-c3ccc(OC)cc3)nc(-c3ccc(OCC(CC)CCCC)cc3O)n2)c(O)c1,0.112,29.488,51.118,-21.63
CC(C)(CCCCCC(O)CCCCCC(C)(C)C(=O)O)C(=O)O,0.404,78.248,49.959,28.289
COc1ccc2c3c1O[C@H]1C(OC(=O)c4ccccc4)=CC[C@H]4[C@@H](C2)N(C)CC[C@]314,0.731,32.215,48.657,-16.442
CCc1oc2ccccc2c1C(=O)c1cc(I)c(O)c(I)c1,0.386,29.917,50.029,-20.112
O=C(O)CCCN1CCC(OC(c2ccc(Cl)cc2)c2ccccn2)CC1,0.735,48.775,48.644,0.131
N#Cc1cccc([C@@H](NCC2CC2)c2ccc(F)c(NC(=O)c3cc(C(F)(F)F)nn3-c3cccc(CN)c3)c2)c1,0.227,10.064,50.663,-40.599
N[C@@H]1CCCCN(c2c(F)cc3c(=O)c(C(=O)O)cn(C4CC4)c3c2Cl)C1,0.836,24.203,48.243,-24.039
C[C@H]1C[C@H]2[C@@H]3CCC4=CC(=O)C=C[C@]4(C)[C@@]3(F)[C@@H](O)C[C@]2(C)[C@@]1(O)C(=O)COP(=O)(O)O,0.456,60.049,49.754,10.295
C/N=C(\NC)NCc1ccccc1,0.522,56.924,49.491,7.433
O=C(O)CNC(=O)CNC(=O)CNC(=O)CSC(=O)c1ccccc1,0.438,64.522,49.823,14.699
COc1ccc(NC(=O)c2ccc(C(=N)N(C)C)cc2)c(C(=O)Nc2ccc(Cl)cn2)c1,0.385,18.903,50.033,-31.13
C=C(C)[C@@H]1CC[C@]2(C(=O)O)CC[C@]3(C)[C@H](CC[C@@H]4[C@@]5(C)CC[C@H](O)C(C)(C)[C@@H]5CC[C@]43C)[C@@H]12,0.436,70.879,49.831,21.048
CCOC(=O)[C@H](CS)NCCN[C@@H](CS)C(=O)OCC,0.241,51.746,50.606,1.141
O=C(NCc1c(F)cc(F)cc1F)c1cn2c(c(O)c1=O)C(=O)N1[C@H]3CC[C@H](C3)O[C@@H]1C2,0.742,32.491,48.615,-16.124
N=C(N)NC(=N)N,0.186,76.501,50.825,25.677
CCOCCn1c(C2CCN(CCc3ccc(C(C)(C)C(=O)O)cc3)CC2)nc2ccccc21,0.435,23.529,49.835,-26.306
CCNC(=O)CCC/C=C\C[C@@H]1[C@@H](/C=C/[C@@H](O)CCc2ccccc2)[C@H](O)C[C@@H]1O,0.312,48.223,50.325,-2.102
Cn1cnc2c(F)c(Nc3ccc(Br)cc3F)c(C(=O)NOCCO)cc21,0.405,11.275,49.957,-38.682
O=C([O-])CC([O-])(CC(=O)[O-])C(=O)[O-].O=C([O-])CC([O-])(CC(=O)[O-])C(=O)[O-].[Bi+3].[K+].[K+].[K+].[K+].[K+],0.186,74.648,50.825,23.823
O=C(O)c1cc(O)c2c(c1)[O][Bi]([OH])[O]2,0.573,58.272,49.285,8.987
O=[N+]([O-])[O-].O=[N+]([O-])[O-].O=[N+]([O-])[O-].O=[N+]([O-])[O-].[Bi+3].[Bi+3].[Bi+3].[Bi+3].[Bi+3].[O-2].[OH-].[OH-].[OH-].[OH-].[OH-].[OH-].[OH-].[OH-].[OH-],0.125,62.898,51.068,11.831
O=C1[O][Bi]([OH])[O]c2ccccc21,0.671,57.537,48.897,8.64
O=C1Nc2ccccc2OC1(c1ccc(O)cc1)c1ccc(O)cc1,0.672,38.45,48.895,-10.445
CC[C@H](C)[C@H](NC(=O)[C@H](CCC(=O)O)NC(=O)[C@H](CCC(=O)O)NC(=O)[C@H](Cc1ccccc1)NC(=O)[C@H](CC(=O)O)NC(=O)CNC(=O)[C@H](CC(N)=O)NC(=O)CNC(=O)CNC(=O)CNC(=O)CNC(=O)[C@@H]1CCCN1C(=O)[C@H](CCCNC(=N)N)NC(=O)[C@@H]1CCCN1C(=O)[C@H](N)Cc1ccccc1)C(=O)N1CCC[C@H]1C(=O)N[C@@H](CCC(=O)O)C(=O)N[C@@H](CCC(=O)O)C(=O)N[C@@H](Cc1ccc(O)cc1)C(=O)N[C@@H](CC(C)C)C(=O)O,0.014,56.357,51.509,4.849
Cc1c(N)nc([C@H](CC(N)=O)NC[C@H](N)C(N)=O)nc1C(=O)N[C@H](C(=O)N[C@H](C)[C@@H](O)[C@H](C)C(=O)N[C@H](C(=O)NCCc1nc(-c2nc(C(=O)NCCC[S+](C)C)cs2)cs1)[C@@H](C)O)[C@@H](OC1OC(CO)C(O)C(O)C1OC1OC(CO)C(O)C(OC(N)=O)C1O)c1c[nH]cn1,0.015,38.465,51.505,-13.04
CC(C)(C)NC(=O)N[C@H](C(=O)N1C[C@H]2[C@@H]([C@H]1C(=O)NC(CC1CCC1)C(=O)C(N)=O)C2(C)C)C(C)(C)C,0.36,49.724,50.134,-0.409
CC(C)C[C@H](NC(=O)[C@H](Cc1ccccc1)NC(=O)c1cnccn1)B1O[C@H]([C@H](O)CO)[C@@H]([C@H](O)CO)O1,0.173,37.822,50.876,-13.054
O=C(Nc1ccccc1-c1ccc(Cl)cc1)c1cccnc1Cl,0.655,28.156,48.961,-20.805
CC(=O)[C@H]1CC[C@H]2[C@@H]3CC[C@H]4C[C@H](O)CC[C@]4(C)[C@H]3CC[C@]12C,0.767,63.848,48.515,15.333
O=c1ccc2ccc(OCCCCN3CCN(c4cccc5sccc45)CC3)cc2[nH]1,0.428,13.986,49.862,-35.876
COc1cc(N2CCC(N3CCN(C)CC3)CC2)ccc1Nc1ncc(Cl)c(Nc2ccccc2P(C)(C)=O)n1,0.352,18.382,50.165,-31.783
CCOc1ccc(Nc2ccc(/C(=C3C=C/C(=[N+](/CC)Cc4cccc(S(=O)(=O)[O-])c4)C=C/3C)c3ccc(N(CC)Cc4cccc(S(=O)(=O)[O-])c4)cc3C)cc2)cc1.[Na+],0.077,27.65,51.26,-23.61
CCCCCCCCCCCCCCCCOCCCOP(=O)(O)CO[C@H](CO)Cn1ccc(N)nc1=O,0.102,31.403,51.16,-19.757
CCC[C@@H]1CC(=O)N([C@@H](CC)C(N)=O)C1,0.736,69.164,48.641,20.522
O=c1[nH]c(=O)n([C@H]2C[C@H](O)[C@@H](CO)O2)cc1/C=C/Br,0.695,49.464,48.804,0.66
Cn1c(=O)c2[nH]c(Br)nc2n(C)c1=O,0.661,45.573,48.936,-3.363
CCCCC(C(=O)O)C(=O)N(Nc1ccccc1)c1ccccc1,0.569,51.593,49.302,2.291
CCNC(=O)[C@@H]1CCCN1C(=O)[C@H](CCCNC(=N)N)NC(=O)[C@H](CC(C)C)NC(=O)[C@@H](COC(C)(C)C)NC(=O)[C@H](Cc1ccc(O)cc1)NC(=O)[C@H](CO)NC(=O)[C@H](Cc1c[nH]c2ccccc12)NC(=O)[C@H](Cc1cnc[nH]1)NC(=O)[C@@H]1CCC(=O)N1,0.015,29.504,51.505,-22.001
CN(Cc1ccc(C(C)(C)C)cc1)Cc1cccc2ccccc12,0.59,28.477,49.219,-20.741
Clc1ccc(CCC(Cn2ccnc2)Sc2c(Cl)cccc2Cl)cc1,0.406,14.323,49.953,-35.63
CCCC[N+]1(C)[C@@H]2C[C@@H](OC(=O)[C@H](CO)c3ccccc3)C[C@H]1[C@@H]1O[C@@H]12,0.46,51.838,49.736,2.103
CO[C@H]1C(=O)[C@]2(C)[C@@H](OC)C[C@H]3OC[C@@]3(OC(C)=O)[C@H]2[C@H](OC(=O)c2ccccc2)[C@]2(O)C[C@H](OC(=O)[C@H](O)[C@@H](NC(=O)OC(C)(C)C)c3ccccc3)C(C)=C1C2(C)C,0.171,36.627,50.886,-14.259
C[C@H]1CO[C@@H]2Cn3cc(C(=O)NCc4ccc(F)cc4F)c(=O)c(O)c3C(=O)N12,0.792,34.758,48.415,-13.657
C=C1CC[C@H](O)C/C1=C/C=C1\CCC[C@]2(C)[C@@H]([C@H](C)CCCC(C)(C)O)CC[C@@H]12,0.518,57.338,49.504,7.834
C=C1/C(=C\C=C2/CCC[C@]3(C)[C@@H]([C@H](C)/C=C/[C@@H](O)C4CC4)CC[C@@H]23)C[C@@H](O)C[C@@H]1O,0.551,62.607,49.374,13.234
CC(=O)[O-].CC(=O)[O-].[Ca+2],0.355,83.678,50.154,33.524
O=C1O[C@H]([C@@H](O)CO)C([O-])=C1O.O=C1O[C@H]([C@@H](O)CO)C([O-])=C1O.[Ca+2],0.195,74.05,50.789,23.262
[Ca+2].[N-]=C=[N-],0.288,79.442,50.419,29.024
[Ca+2].[Cl-].[Cl-],0.273,78.194,50.481,27.713
O=C([O-])CC(O)(CC(=O)[O-])C(=O)[O-].O=C([O-])CC(O)(CC(=O)[O-])C(=O)[O-].[Ca+2].[Ca+2].[Ca+2],0.264,79.35,50.514,28.837
O=C([O][Ca][O]C(=O)[C@H](O)[C@@H](O)[C@H](O[C@@H]1O[C@H](CO)[C@H](O)[C@H](O)[C@H]1O)[C@H](O)CO)[C@H](O)[C@@H](O)[C@H](O)[C@H](O)CO,0.078,66.406,51.253,15.153
O=C([O-])C(O)[C@H](O)[C@@H](O)[C@H](O)[C@H](O)CO.O=C([O-])C(O)[C@H](O)[C@@H](O)[C@H](O)[C@H](O)CO.[Ca+2],0.113,84.528,51.116,33.412
O=C([O-])[C@H](O)[C@@H](O)[C@H](O)[C@H](O)CO.O=C([O-])[C@H](O)[C@@H](O)[C@H](O)[C@H](O)CO.[Ca+2],0.144,84.835,50.993,33.842
O=P([O-])([O-])OC(CO)CO.[Ca+2],0.373,76.072,50.082,25.99
CC(O)C(=O)[O-].CC(O)C(=O)[O-].[Ca+2],0.454,87.117,49.761,37.356
CC(=O)CCC(=O)[O-].CC(=O)CCC(=O)[O-].[Ca+2],0.507,77.206,49.549,27.657
O.O.O=P([O-])([O-])O.[Ca+2],0.291,84.283,50.409,33.874
O=C([O-])[C@@H](O)[C@@H](O)[C@H](O)[C@@H](O)C(=O)[O-].[Ca+2],0.349,87.714,50.178,37.537
O=C([O-])[C@H](O)[C@@H](O)CO.O=C([O-])[C@H](O)[C@@H](O)CO.[Ca+2],0.256,86.811,50.549,36.262
C=CCCCCCCCCC(=O)[O-].C=CCCCCCCCCC(=O)[O-].[Ca+2],0.197,68.29,50.78,17.51
CC1(C)[C@@H]2CC[C@@]1(C)C(=O)C2,0.521,69.393,49.495,19.898
Cc1ccc([C@@H]2O[C@H](CO)[C@@H](O)[C@H](O)[C@H]2O)cc1Cc1ccc(-c2ccc(F)cc2)s1,0.486,34.206,49.633,-15.427
CCOc1nc2cccc(C(=O)OC(C)OC(=O)OC3CCCCC3)c2n1Cc1ccc(-c2ccccc2-c2nnn[nH]2)cc1,0.141,15.778,51.005,-35.227
CC1/C=C/C=C/C=C/C=C/C=C/C=C/C=C/C(OC2O[C@H](C)[C@@H](O)[C@H](N)[C@@H]2O)CC(O)C(C(=O)O)C(O)CC(=O)CC(O)CC(O)CC(O)CC(=O)CCCC(=O)CC(=O)OC1C(C)CC(C)C(O)CC(=O)c1ccc(N)cc1,0.069,36.918,51.291,-14.373
CSCCNc1nc(SCCC(F)(F)F)nc2c1ncn2[C@@H]1O[C@H](COP(=O)(O)OP(=O)(O)C(Cl)(Cl)P(=O)(O)O)[C@@H](O)[C@H]1O,0.045,23.729,51.386,-27.657
C=C(C)[C@@H]1CCC(C)=C[C@H]1c1c(O)cc(CCCCC)cc1O,0.511,38.067,49.535,-11.468
C[C@]12CCC(=O)C=C1C=C[C@@H]1[C@@H]2CC[C@@]2(C)[C@H]1CC[C@@]2(O)CCC(=O)O,0.802,68.382,48.375,20.007
CNC(=O)c1ccc(-c2cnc3ncc(Cc4ccc5ncccc5c4)n3n2)cc1F,0.489,31.173,49.622,-18.448
C[C@@H]1NC(=O)[C@@H](N)CNC(=O)[C@H]([C@H]2CCN=C(N)N2)NC(=O)/C(=C\NC(N)=O)NC(=O)[C@H](CNC(=O)C[C@@H](N)CCCN)NC1=O.NCCC[C@H](N)CC(=O)NC[C@@H]1NC(=O)[C@H](CO)NC(=O)[C@@H](N)CNC(=O)[C@H]([C@H]2CCN=C(N)N2)NC(=O)/C(=C\NC(N)=O)NC1=O,0.053,57.797,51.353,6.445
NC(N)=O.OO,0.229,88.189,50.655,37.535
CC[C@H](C)[C@@H]1NC(=O)[C@H](Cc2ccc(OC)cc2)NC(=O)CCCSC[C@@H](C(=O)N2CCC[C@H]2C(=O)N[C@@H](CC(C)C)C(=O)NCC(N)=O)NC(=O)[C@H](CC(N)=O)NC(=O)[C@H](CCC(N)=O)NC1=O,0.073,47.763,51.275,-3.512
N[C@@H](CSCC(=O)O)C(=O)O,0.511,85.555,49.532,36.022
CCOC(=O)COc1ccc2c(C)c(CCN(CC)CC)c(=O)oc2c1,0.505,30.07,49.557,-19.486
CCCCC[C@](C)(O)/C=C/[C@@H]1[C@@H](C/C=C\CCCC(=O)O)[C@@H](O)C[C@H]1O.NC(CO)(CO)CO,0.123,72.028,51.076,20.953
CC(C)C[C@H](NC(=O)[C@H](CCc1ccccc1)NC(=O)CN1CCOCC1)C(=O)N[C@@H](Cc1ccccc1)C(=O)N[C@@H](CC(C)C)C(=O)[C@@]1(C)CO1,0.152,26.792,50.96,-24.168
NC(=O)N[C@@H](CCC(=O)O)C(=O)O,0.44,86.412,49.815,36.597
CC[C@H](C)C[C@H](C)CCCCCCCCC(=O)N[C@H]1C[C@@H](O)[C@@H](NCCN)NC(=O)[C@@H]2[C@@H](O)CCN2C(=O)[C@H]([C@H](O)CCN)NC(=O)[C@H]([C@H](O)[C@@H](O)c2ccc(O)cc2)NC(=O)[C@@H]2C[C@@H](O)CN2C(=O)[C@H]([C@@H](C)O)NC1=O,0.048,52.083,51.375,0.708
O=C1N[C@H](O)CCN1[C@@H]1O[C@H](CO)[C@@H](O)C1(F)F,0.485,61.994,49.639,12.356
Cn1nnnc1SCC1=C(C(=O)O)N2C(=O)[C@@H](NC(=O)[C@H](OC=O)c3ccccc3)[C@H]2SC1,0.276,39.568,50.468,-10.9
CO/N=C(\C(=O)N[C@@H]1C(=O)N2C(C(=O)O)=C(/C=C\c3scnc3C)CS[C@H]12)c1csc(N)n1,0.286,44.991,50.43,-5.439
CC(C)(O/N=C(\C(=O)N[C@@H]1C(=O)N2C(C(=O)[O-])=C(C[N+]3(CCNC(=O)c4ccc(O)c(O)c4Cl)CCCC3)CS[C@H]12)c1csc(N)n1)C(=O)O,0.051,39.844,51.362,-11.518
O=C(O)C1=C(CSc2nnnn2CS(=O)(=O)O)CS[C@@H]2[C@H](NC(=O)[C@H](O)c3ccccc3)C(=O)N12,0.172,42.295,50.881,-8.586
Cc1cc(O)c(C(=O)N[C@@H](C(=O)N[C@@H]2C(=O)N3C(C(=O)O)=C(CSc4nnnn4C)CS[C@H]23)c2ccc(O)cc2)cn1,0.163,39.813,50.917,-11.104
CCO/N=C(\C(=O)N[C@@H]1C(=O)N2C(C(=O)[O-])=C(Sc3nc(-c4cc[n+](C)cc4)cs3)CS[C@H]12)c1nsc(NP(=O)(O)O)n1,0.068,29.626,51.295,-21.668
Nc1nc(/C(=C/CC(=O)O)C(=O)N[C@@H]2C(=O)N3C(C(=O)O)=CCS[C@H]23)cs1,0.372,50.735,50.087,0.648
Cc1oc(=O)oc1COC(=O)N1CC[C@@H](N2CC/C(=C\C3=C(C(=O)O)N4C(=O)[C@@H](NC(=O)/C(=N\O)c5nsc(N)n5)[C@H]4SC3)C2=O)C1,0.089,38.45,51.211,-12.761
Cn1c(N)c(NC(=O)NCCN)c[n+]1CC1=C(C(=O)[O-])N2C(=O)[C@@H](NC(=O)/C(=N\OC(C)(C)C(=O)O)c3nsc(N)n3)[C@H]2SC1,0.049,48.958,51.369,-2.411
NC(=O)O[C@@H](Cn1ncnn1)c1ccccc1Cl,0.897,45.374,48.001,-2.627
CC(=O)OCC1=C(C(=O)O)N2C(=O)[C@@H](NC(=O)[C@H](N)c3ccccc3)[C@H]2SC1,0.444,53.952,49.802,4.15
Cc1cc(Nc2ncc(Cl)c(=Nc3ccccc3S(=O)(=O)C(C)C)[nH]2)c(OC(C)C)cc1C1CCNCC1,0.324,19.593,50.279,-30.686
CSCC[C@H](NC(=O)[C@H](Cc1c[nH]c2ccccc12)NC(=O)CNC(=O)[C@@H](NC(=O)[C@H](Cc1ccc(OS(=O)(=O)O)cc1)NC(=O)[C@H](CC(=O)O)NC(=O)[C@H](CCC(N)=O)NC(=O)[C@@H]1CCC(=O)N1)[C@@H](C)O)C(=O)N[C@@H](CC(=O)O)C(=O)N[C@@H](Cc1ccccc1)C(N)=O,0.019,43.428,51.49,-8.062
CCCCCCCCCCCCCCCC[N+](C)(C)Cc1ccccc1,0.197,54.412,50.783,3.629
CCCCCCCCCCCCCCCC[N+](C)(C)C,0.249,63.327,50.576,12.752
CCCCCCCCCCCCCCCC[n+]1ccccc1,0.259,54.917,50.537,4.38
CC1O[C@@]2(CS1)CN1CCC2CC1,0.587,51.21,49.23,1.98
CCCCCCCCCCCCCCCC(=O)OC[C@@H](NC(=O)C(Cl)Cl)[C@H](O)c1ccc([N+](=O)[O-])cc1,0.055,29.948,51.346,-21.398
O=C(O)CCC(=O)OC[C@@H](NC(=O)C(Cl)Cl)[C@H](O)c1ccc([N+](=O)[O-])cc1,0.22,43.474,50.69,-7.215
COC(CNC(N)=O)[CH2][Hg][Cl],0.688,68.811,48.83,19.982
COC([CH2][197Hg+])CNC(N)=O.[Cl-],0.513,73.07,49.527,23.543
CCN(CC)CCOC(=O)c1ccc(N)cc1Cl,0.637,40.778,49.032,-8.254
C[N+](C)([11CH3])CCO.[Cl-],0.397,79.994,49.989,30.005
C[N+](C)([11CH3])CCO,0.475,84.436,49.677,34.76
C[N+](C)(C)CCO.O=C([O-])c1ccccc1O.O=C([O-])c1ccccc1O.O=C([O-])c1ccccc1O.[Mg+2],0.22,52.834,50.691,2.143
C[N+](C)(C)CCO.O=C([O-])c1ccccc1O,0.695,77.819,48.802,29.017
[51Cr],0.363,83.9,50.123,33.778
O=C([O-])[C@H](O)[C@@H](O)[C@H](O)[C@H](O)CO.O=C([O-])[C@H](O)[C@@H](O)[C@H](O)[C@H](O)CO.O=C([O-])[C@H](O)[C@@H](O)[C@H](O)[C@H](O)CO.[Cr+3],0.079,85.34,51.25,34.09
O=C([O-])c1cccnc1.O=C([O-])c1cccnc1.O=C([O-])c1cccnc1.[Cr+3],0.485,67.678,49.639,18.039
O=C([O-])c1ccccn1.O=C([O-])c1ccccn1.O=C([O-])c1ccccn1.[Cr+3],0.485,71.936,49.639,22.298
O=S(=O)([O-])[O-].[Cr+2],0.314,78.516,50.316,28.2
C[N+](C)(C)CCOP(=O)([O-])OP(=O)(O)OC[C@H]1O[C@@H](n2ccc(N)nc2=O)[C@H](O)[C@@H]1O,0.203,50.597,50.759,-0.161
CCC(=O)O[C@]1(C(=O)CO)CC[C@H]2[C@@H]3CCC4=CC(=O)CC[C@]4(C)[C@H]3CC[C@@]21C,0.724,65.165,48.686,16.479
CC(C)(C)NCC(O)c1cc(Cl)c(N)c(Cl)c1,0.744,44.608,48.606,-3.998
C[N@+]12CC[C@H](CC1)C(OC(=O)C(O)(c1ccccc1)c1ccccc1)C2,0.68,55.055,48.863,6.192
C[C@H]1C[C@H]2[C@@H]3CCC4=CC(=O)C=C[C@]4(C)[C@@]3(F)[C@@H](O)C[C@]2(C)[C@@]1(O)C(=O)CCl,0.686,58.027,48.839,9.187
C[C@@H]1C[C@H]2[C@@H]3C[C@H](F)C4=CC(=O)C=C[C@]4(C)[C@@]3(Cl)[C@@H](O)C[C@]2(C)[C@H]1C(=O)CO,0.686,54.979,48.838,6.141
Nc1nc(Cl)nc2c1ncn2[C@@H]1O[C@H](CO)[C@@H](O)[C@@H]1F,0.649,46.706,48.987,-2.28
CN(C)CCC(O)(c1ccccc1)c1ccccc1Cl,0.91,46.538,47.947,-1.409
CC(C)c1nc(CN(C)C(=O)N[C@@H](CCN2CCOCC2)C(=O)N[C@H](CC[C@H](Cc2ccccc2)NC(=O)OCc2cncs2)Cc2ccccc2)cs1,0.106,13.465,51.145,-37.68
O=C(c1ccc(F)c(F)c1Nc1ccc(I)cc1F)N1CC(O)([C@@H]2CCCCN2)C1,0.526,26.762,49.473,-22.712
Cc1ncc(C[n+]2csc(CCO[P@@](=O)(O)O[P@@](=O)([O-])O)c2C)c(N)n1,0.393,27.344,50.004,-22.66
COc1cc2c(c(OC)c1OC)-c1ccc(O)c(=O)cc1C(NC(C)=O)CC2,0.84,28.278,48.225,-19.947
CCCCCCCCCCCCCCCC(=O)OC[C@H](COP(=O)([O-])OCC[N+](C)(C)C)OC(=O)CCCCCCCCCCCCCCC,0.027,51.616,51.459,0.157
CCC(C)CCCCC(=O)NC(CCNCS(=O)(=O)[O-])C(=O)NC(C(=O)NC(CCNCS(=O)(=O)[O-])C(=O)NC1CCNC(=O)C(C(C)O)NC(=O)C(CCNCS(=O)(=O)[O-])NC(=O)C(CCNCS(=O)(=O)[O-])NC(=O)C(CC(C)C)NC(=O)C(CC(C)C)NC(=O)C(CCNCS(=O)(=O)[O-])NC1=O)C(C)O,0.02,54.902,51.486,3.416
CCC(C)CCCC(=O)N[C@@H](CCN)C(=O)N[C@H](C(=O)N[C@@H](CCN)C(=O)N[C@H]1CCNC(=O)C([C@@H](C)O)NC(=O)[C@@H](CCN)NC(=O)[C@H](CCN)NC(=O)[C@@H](CC(C)C)NC(=O)[C@@H](CC(C)C)NC(=O)[C@H](CCN)NC1=O)[C@@H](C)O,0.035,72.503,51.427,21.076
COc1c(OCCCN2CCOCC2)ccc2c1N=C(NC(=O)c1cnc(N)nc1)N1CCN=C21,0.547,18.413,49.39,-30.977
[64Cu],0.348,82.123,50.183,31.94
C[C@@H](O)[C@H](NC(=O)[C@@H]1CSSC[C@H](NC(=O)[C@@H](Cc2ccccc2)NC(=O)CN2CCN(CC(=O)[O-])CCN(CC(=O)[O-])CCN(CC(=O)O)CC2)C(=O)N[C@@H](Cc2ccc(O)cc2)C(=O)N[C@H](Cc2c[nH]c3ccccc23)C(=O)N[C@@H](CCCCN)C(=O)N[C@@H]([C@@H](C)O)C(=O)N1)C(=O)O.[64Cu+2],0.016,42.8,51.502,-8.702
N#Cc1ccc(Oc2ccc3c(c2)COB3O)cc1,0.823,38.925,48.295,-9.371
[Cl][Cu][Cl],0.439,70.849,49.819,21.03
[Cu+2].[O-2],0.362,80.476,50.124,30.352
O=S(=O)([O-])[O-].[Cu+2],0.249,75.843,50.575,25.267
C/C1=C2N=C(/C=C3N=C(/C(C)=C4/[C@@H](CCC(N)=O)[C@](C)(CC(N)=O)[C@](C)([C@@H]5N=C1[C@](C)(CCC(=O)NC[C@@H](C)OP(=O)([O-])O[C@H]1[C@@H](O)[C@@H](n6cnc7cc(C)c(C)cc76)O[C@@H]1CO)[C@H]5CC(N)=O)[N]4[Co+][C]#N)[C@@](C)(CC(N)=O)[C@@H]\3CCC(N)=O)C(C)(C)[C@@H]/2CCC(N)=O,0.058,36.029,51.334,-15.305
C/C1=C2/[N-]C([C@H](CC(N)=O)[C@@]2(C)CCC(=O)NC[C@@H](C)OP(=O)([O-])O[C@H]2[C@@H](O)[C@@H](n3cnc4cc(C)c(C)cc43)O[C@@H]2CO)[C@]2(C)N=C(/C(C)=C3N=C(/C=C4N=C1[C@@H](CCC(N)=O)C\4(C)C)[C@@H](CCC(N)=O)[C@]\3(C)CC(N)=O)[C@@H](CCC(N)=O)[C@]2(C)CC(N)=O.[60Co+3].[C-]#N,0.048,37.148,51.374,-14.226
CC1(C)N=C(N)N=C(N)N1c1ccc(Cl)cc1,0.794,38.725,48.408,-9.682
CN(C)CCOC(=O)C(c1ccccc1)C1(O)CCCC1,0.816,59.896,48.32,11.576
OC(CCN1CCCCC1)(c1ccccc1)C1CCCC1,0.886,55.3,48.041,7.259
CC(=O)O[C@]1(C(C)=O)CC[C@H]2[C@@H]3C=C(Cl)C4=CC(=O)[C@@H]5C[C@@H]5[C@]4(C)[C@H]3CC[C@@]21C,0.617,47.472,49.114,-1.641
N[C@@H](CS)C(=O)O,0.424,74.954,49.878,25.076
CSCC[C@@H](N)C(=O)O,0.597,83.104,49.192,33.912
N[C@H](CO)C(=O)O,0.394,92.739,49.998,42.741
O=C[C@H](O)[C@@H](O)[C@H](O)[C@H](O)CO,0.282,86.926,50.445,36.48
C[C@@H]([C@H](O)c1ccccc1)N(C)C,0.763,68.321,48.533,19.788
CCCCCCCCCCCCCC(=O)OCC(COP(=O)([O-])OCC[N+](C)(C)C)OC(=O)CCCCCCCCCCCCC,0.029,51.792,51.451,0.341
CCCCCCCCCCCCCC(=O)OCC(COP(=O)(O)OCC(O)CO)OC(=O)CCCCCCCCCCCCC,0.035,55.423,51.427,3.996
CCCCCCOC(=O)/N=C(/N)c1ccc(NCc2nc3cc(C(=O)N(CCC(=O)OCC)c4ccccn4)ccc3n2C)cc1,0.074,13.281,51.27,-37.989
CC(C)(C)c1nc(-c2cccc(NS(=O)(=O)c3c(F)cccc3F)c2F)c(-c2ccnc(N)n2)s1,0.367,17.264,50.106,-32.842
COC(=O)N[C@H](C(=O)N1CCC[C@H]1c1ncc(-c2ccc(-c3ccc(-c4cnc([C@@H]5CCCN5C(=O)[C@@H](NC(=O)OC)C(C)C)[nH]4)cc3)cc2)[nH]1)C(C)C,0.14,18.398,51.007,-32.61
Cc1c2oc3c(C)ccc(C(=O)N[C@@H]4C(=O)N[C@H](C(C)C)C(=O)N5CCC[C@H]5C(=O)N(C)CC(=O)N(C)[C@@H](C(C)C)C(=O)O[C@@H]4C)c3nc-2c(C(=O)N[C@@H]2C(=O)N[C@H](C(C)C)C(=O)N3CCC[C@H]3C(=O)N(C)CC(=O)N(C)[C@@H](C(C)C)C(=O)O[C@@H]2C)c(N)c1=O,0.118,40.395,51.096,-10.701
CCOc1ccc(Cc2cc([C@@H]3O[C@H](CO)[C@@H](O)[C@H](O)[C@H]3O)ccc2Cl)cc1,0.582,49.142,49.252,-0.11
Cc1ccccc1N1CCN(CCc2nnc3n2CCCC3)CC1,0.864,30.469,48.13,-17.661
CCCCCCCCCC(=O)N[C@@H](Cc1c[nH]c2ccccc12)C(=O)N[C@H](CC(N)=O)C(=O)N[C@@H](CC(=O)O)C(=O)N[C@@H]1C(=O)NCC(=O)N[C@@H](CCCN)C(=O)N[C@@H](CC(=O)O)C(=O)N[C@H](C)C(=O)N[C@@H](CC(=O)O)C(=O)NCC(=O)N[C@H](CO)C(=O)N[C@@H]([C@H](C)CC(=O)O)C(=O)N[C@@H](CC(=O)c2ccccc2N)C(=O)O[C@@H]1C,0.011,52.987,51.52,1.467
COc1ccc(-n2nccn2)c(C(=O)N2CCC[C@@]2(C)c2nc3c(C)c(Cl)ccc3[nH]2)c1,0.501,16.268,49.572,-33.304
CC(O)c1cc(C(=O)N[C@@H](C)Cn2ccc(-c3ccc(C#N)c(Cl)c3)n2)n[nH]1,0.589,26.762,49.223,-22.461
CC(C)CN(C[C@@H](O)[C@H](Cc1ccccc1)NC(=O)O[C@H]1CO[C@H]2OCC[C@H]21)S(=O)(=O)c1ccc(N)cc1,0.364,20.037,50.116,-30.08
COc1c(-c2ccc3cc(NS(C)(=O)=O)ccc3c2)cc(-n2ccc(=O)[nH]c2=O)cc1C(C)(C)C,0.436,17.601,49.831,-32.23
C[N+](C)(C)CCCCCCCCCC[N+](C)(C)C,0.393,67.494,50.003,17.49
O=C(O)c1ccc(-n2nc(-c3ccccc3O)nc2-c2ccccc2O)cc1,0.503,45.175,49.565,-4.39
CC(=O)N[C@H](Cc1ccc2ccccc2c1)C(=O)N[C@H](Cc1ccc(Cl)cc1)C(=O)N[C@H](Cc1cccnc1)C(=O)N[C@@H](CO)C(=O)N[C@@H](Cc1ccc(NC(=O)[C@@H]2CC(=O)NC(=O)N2)cc1)C(=O)N[C@H](Cc1ccc(NC(N)=O)cc1)C(=O)N[C@@H](CC(C)C)C(=O)N[C@@H](CCCCNC(C)C)C(=O)N1CCC[C@H]1C(=O)N[C@H](C)C(N)=O,0.024,31.097,51.469,-20.372
Nc1nc(-n2cc(C(=O)O)c(=O)c3cc(F)c(N4CC(O)C4)c(Cl)c32)c(F)cc1F,0.568,36.642,49.305,-12.663
C[C@]1(COc2ccc(N3CCC(Oc4ccc(OC(F)(F)F)cc4)CC3)cc2)Cn2cc([N+](=O)[O-])nc2O1,0.295,19.531,50.392,-30.861
CN(CCCCCCCCCCN(C)C(=O)Oc1cccc([N+](C)(C)C)c1)C(=O)Oc1cccc([N+](C)(C)C)c1,0.18,36.795,50.851,-14.056
C[C@H]1O[C@@H](O[C@H]2CC[C@@]3(C)[C@H](CC[C@@H]4[C@@H]3C[C@@H](O)[C@]3(C)[C@@H](C5=CC(=O)OC5)CC[C@]43O)C2)C[C@H](O)[C@@H]1O[C@H]1C[C@H](O)[C@H](O[C@H]2C[C@H](O)[C@H](O[C@@H]3O[C@H](CO)[C@@H](O)[C@H](O)[C@H]3O)[C@@H](C)O2)[C@@H](C)O1,0.103,61.673,51.154,10.518
N=C(N)NCCC[C@@H](NC(=O)[C@@H]1CCCN1C(=O)[C@@H]1CSSCCC(=O)N[C@@H](Cc2ccc(O)cc2)C(=O)N[C@@H](Cc2ccccc2)C(=O)N[C@@H](CCC(N)=O)C(=O)N[C@@H](CC(N)=O)C(=O)N1)C(=O)NCC(N)=O,0.028,40.993,51.456,-10.463
CC1(C)O[C@@H]2C[C@H]3[C@@H]4CCC5=CC(=O)C=C[C@]5(C)[C@H]4[C@@H](O)C[C@]3(C)[C@]2(C(=O)CO)O1,0.718,63.48,48.712,14.769
[2H]C([2H])([2H])NC(=O)c1nnc(NC(=O)C2CC2)cc1Nc1cccc(-c2ncn(C)n2)c1OC,0.521,21.752,49.495,-27.743
[2H]C([2H])([2H])Oc1cc2c(cc1OC([2H])([2H])[2H])[C@@H]1CC(=O)[C@@H](CC(C)C)CN1CC2,0.853,39.706,48.176,-8.47
C[C@@H]1C[C@H]2[C@@H]3CCC4=CC(=O)C=C[C@]4(C)[C@@]3(F)[C@@H](O)C[C@]2(C)[C@@]1(O)C(=O)COC(=O)c1cccc(S(=O)(=O)O)c1,0.354,48.958,50.157,-1.198
CN(C)CC[C@@H](c1ccc(Br)cc1)c1ccccn1,0.83,47.304,48.265,-0.962
CN(C)CC[C@@H](c1ccc(Cl)cc1)c1ccccn1.O=C(O)/C=C\C(=O)O,0.703,50.475,48.772,1.703
Cc1c(OCC(F)(F)F)ccnc1C[S@@](=O)c1nc2ccccc2[nH]1,0.747,15.763,48.594,-32.832
C[C@@]12CCCCC[C@@H](Cc3ccc(O)cc31)[C@@H]2N,0.737,50.536,48.634,1.903
CC(=O)Oc1cccc2c1C(=O)c1c(OC(C)=O)cc(C(=O)O)cc1C2=O,0.55,39.047,49.379,-10.332
C=C1CC[C@H]2[C@@H](/C=C(\C)C(=O)[C@@]3(OC(C)=O)C[C@H](C)[C@H](OC(=O)c4ccccc4)[C@@H]3[C@H]1OC(C)=O)C2(C)C,0.303,50.613,50.36,0.253
O=C(O)CN(CC(=O)O)CC(O)CN(CC(=O)O)CC(=O)O,0.252,76.333,50.562,25.771
Cc1cc(=O)n(-c2ccccc2)n1C.OC(O)C(Cl)(Cl)Cl.OC(O)C(Cl)(Cl)Cl,0.343,38.251,50.202,-11.951
[O]=[Cr](=[O])([O-])[O][Cr](=[O])(=[O])[O-],0.483,81.533,49.643,31.89
CCCCCCCCCC[N+](C)(C)CCCCCCCCCC,0.182,59.337,50.84,8.497
CC(C)C[C@@H](NC(=O)[C@@H](Cc1ccccc1)NC(=O)[C@H](N)Cc1ccccc1)C(=O)N[C@H](CCCCN)C(=O)N1CCC(N)(C(=O)O)CC1,0.111,45.175,51.125,-5.95
C[C@H]1C[C@H]2[C@@H]3C[C@H](F)C4=CC(=O)C=C[C@]4(C)[C@@]3(F)[C@@H](O)C[C@]2(C)[C@@]1(O)C(=O)CO,0.646,66.207,48.997,17.21
C[C@@H]1C[C@H]2[C@@H]3C[C@H](F)C4=CC(=O)C=C[C@]4(C)[C@@]3(F)[C@@H](O)C[C@]2(C)[C@H]1C(=O)CO,0.755,59.651,48.563,11.088
CC(C)C[C@H]1C(=O)N2CCC[C@H]2[C@]2(O)O[C@](NC(=O)[C@@H]3C[C@@H]4c5cccc6[nH]cc(c56)C[C@H]4N(C)C3)(C(C)C)C(=O)N12,0.503,20.703,49.566,-28.863
CC(C)[C@H]1C(=O)N2CCC[C@H]2[C@]2(O)O[C@](NC(=O)[C@@H]3C[C@@H]4c5cccc6[nH]cc(c56)C[C@H]4N(C)C3)(C(C)C)C(=O)N12,0.525,23.192,49.479,-26.286
CC(C)[C@@]1(NC(=O)[C@@H]2C[C@@H]3c4cccc5[nH]cc(c45)C[C@H]3N(C)C2)O[C@@]2(O)[C@@H]3CCCN3C(=O)[C@H](Cc3ccccc3)N2C1=O,0.409,18.222,49.941,-31.719
CN[C@@H]1[C@H](O[C@H]2[C@H](O[C@H]3[C@H](O)[C@@H](O)[C@H](NC(=N)N)[C@@H](O)[C@@H]3NC(=N)N)O[C@@H](C)[C@]2(O)CO)O[C@@H](CO)[C@H](O)[C@H]1O,0.088,60.692,51.214,9.479
CC(C)[C@@H](C)/C=C/[C@@H](C)[C@H]1CC[C@H]2/C(=C/C=C3\C[C@@H](O)CC[C@@H]3C)CCC[C@]12C,0.47,61.634,49.697,11.937
CCN(CC)CCOc1ccc2nc(N(C)C)sc2c1,0.784,31.112,48.448,-17.336
CN(C)CCOC(c1ccccc1)c1ccccc1.Cn1c(=O)c2nc(Cl)[nH]c2n(C)c1=O,0.439,25.873,49.821,-23.948
COC(=O)/C=C/C(=O)OC,0.4,80.239,49.973,30.266
CC(C1=C(CCN(C)C)Cc2ccccc21)c1ccccn1,0.823,30.76,48.294,-17.534
CC(CN1c2ccccc2Sc2ccc(S(=O)(=O)N(C)C)cc21)N(C)C,0.781,23.376,48.462,-25.086
CCCCC[C@H](O)/C=C/[C@@H]1[C@@H](C/C=C\CCCC(=O)O)[C@@H](O)C[C@H]1O,0.319,78.722,50.297,28.425
CCCCC[C@H](O)/C=C/[C@@H]1[C@@H](C/C=C\CCCC(=O)O)[C@@H](O)C[C@H]1O.NC(CO)(CO)CO,0.125,74.035,51.069,22.966
CCCCC[C@H](O)/C=C/[C@H]1[C@H](O)CC(=O)[C@@H]1C/C=C\CCCC(=O)O,0.37,75.138,50.094,25.044
CCCCCCCC[N+](C)(C)CCCCCCCC,0.277,61.098,50.464,10.634
S=C(SSC(=S)N1CCCCC1)N1CCCCC1,0.489,41.805,49.619,-7.815
O=P([O-])([O-])O.[K+].[K+],0.292,86.826,50.405,36.421
[O-][n+]1ccccc1SSc1cccc[n+]1[O-],0.474,50.276,49.68,0.596
COC(=O)/C=C/C(=O)OCCN1C(=O)CCC1=O,0.37,69.47,50.093,19.377
CCN(CCO)c1ccc(/N=N/c2ncc([N+](=O)[O-])s2)c(C)c1,0.473,22.059,49.686,-27.627
CC/C=C\C/C=C\C/C=C\C/C=C\C/C=C\C/C=C\CCC(=O)O,0.367,60.095,50.106,9.989
C[C@@H]1CCO[C@H]2Cn3cc(C(=O)NCc4ccc(F)cc4F)c(=O)c(O)c3C(=O)N12,0.782,32.138,48.455,-16.316
CCCCCCCCCCCC[N+](C)(C)CCOc1ccccc1,0.28,55.346,50.454,4.893
Oc1ccc(CCNCCCCCCNCCc2ccccc2)cc1O,0.327,37.776,50.265,-12.49
Cn1c(Cn2ccc(C(F)(F)F)c(Oc3cc(Cl)cc(C#N)c3)c2=O)n[nH]c1=O,0.691,30.944,48.817,-17.873
C[C@@H](O)[C@H]1C(=O)N2C(C(=O)O)=C(S[C@@H]3CN[C@H](CNS(N)(=O)=O)C3)[C@H](C)[C@H]12,0.308,55.545,50.343,5.203
C[C@@H](O)[C@H](NC(=O)[C@@H]1CSSC[C@H](NC(=O)[C@@H](Cc2ccccc2)NC(=O)CN2CCN(CC(=O)O)CCN(CC(=O)O)CCN(CC(=O)O)CC2)C(=O)N[C@@H](Cc2ccc(O)cc2)C(=O)N[C@H](Cc2c[nH]c3ccccc23)C(=O)N[C@@H](CCCCN)C(=O)N[C@@H]([C@@H](C)O)C(=O)N1)C(=O)O,0.022,37.286,51.479,-14.194
C[C@@H](O)[C@H](NC(=O)[C@@H]1CSSC[C@H](NC(=O)[C@@H](Cc2ccccc2)NC(=O)CN2CCN(CC(=O)[O-])CCN(CC(=O)[O-])CCN(CC(=O)[O-])CC2)C(=O)N[C@@H](Cc2ccc(O)cc2)C(=O)N[C@H](Cc2c[nH]c3ccccc23)C(=O)N[C@@H](CCCCN)C(=O)N[C@@H]([C@@H](C)O)C(=O)N1)C(=O)O.[68Ga+3],0.016,44.884,51.502,-6.619
C=C1/C(=C\C=C2/CCC[C@]3(C)[C@@H]([C@H](C)/C=C/[C@H](C)C(C)C)CC[C@@H]23)C[C@@H](O)C[C@@H]1O,0.499,60.769,49.583,11.186
Cc1cc(CC(C)C[Si](C)(O[Si](C)(C)C)O[Si](C)(C)C)c(O)c(-n2nc3ccccc3n2)c1,0.344,22.243,50.197,-27.954
CCC(=O)O[C@H]1CC[C@H]2[C@@H]3CC[C@H]4CC(=O)[C@H](C)C[C@]4(C)[C@H]3CC[C@]12C,0.638,62.408,49.027,13.381
N[C@H](C(=O)O)[C@H](O)c1ccc(O)c(O)c1,0.433,72.978,49.845,23.133
C[C@H](Nc1ncnc2[nH]cnc12)c1cc2cccc(Cl)c2c(=O)n1-c1ccccc1,0.451,14.798,49.774,-34.976
CC(=O)[C@H]1CC[C@H]2[C@@H]3C=CC4=CC(=O)CC[C@@]4(C)[C@@H]3CC[C@]12C,0.714,60.639,48.726,11.913
CC1(C)C2CCC1(CS(=O)(=O)O)C(=O)C2=Cc1ccc(C=C2C(=O)C3(CS(=O)(=O)O)CCC2C3(C)C)cc1,0.387,43.229,50.026,-6.797
CCOP(=O)(OCC)SCC[N+](C)(C)C,0.494,63.205,49.602,13.603
O=C([O-])CN(CCN(CC(=O)[O-])CC(=O)[O-])CC(=O)[O-].[Ca+2].[Na+].[Na+],0.317,68.015,50.306,17.709
C[C@@H](O)[C@@H]1NC(=O)[C@H](CCCCN)NC(=O)[C@@H](Cc2c[nH]c3ccccc23)NC(=O)[C@H](Cc2ccc(O)cc2)NC(=O)[C@@H](NC(=O)[C@@H](Cc2ccccc2)NC(=O)CN2CCN(CC(=O)[O-])CCN(CC(=O)[O-])CCN(CC(=O)[O-])CC2)CSSC[C@@H](C(=O)N[C@H](CO)[C@@H](C)O)NC1=O.[68Ga+3],0.016,40.763,51.502,-10.739
CCc1cn([C@H]2C[C@H](O)[C@@H](CO)O2)c(=O)[nH]c1=O,0.626,61.06,49.077,11.983
C=C1CCN([C@H](C)[C@](O)(Cn2cncn2)c2ccc(F)cc2F)CC1,0.844,28.646,48.211,-19.565
COc1cccc(-c2c(C)n(Cc3c(F)cccc3C(F)(F)F)c(=O)n(C[C@H](NCCCC(=O)O)c3ccccc3)c2=O)c1F,0.157,19.991,50.939,-30.948
COC(=O)N[C@H](C(=O)N1CCC[C@H]1c1ncc(-c2ccc3c(c2)O[C@@H](c2ccccc2)n2c-3cc3cc(-c4cnc([C@@H]5CCCN5C(=O)[C@@H](NC(=O)OC)C(C)C)[nH]4)ccc32)[nH]1)C(C)C,0.1,15.303,51.169,-35.866
Cc1nn(C)cc1S(=O)(=O)NC(=O)c1ccc(-n2ccc(OCC(C)(C)C(F)(F)F)n2)nc1N1C[C@@H](C)CC1(C)C,0.413,23.453,49.923,-26.47
CCCCCCCC(=O)N[C@H](CN1CCCC1)[C@H](O)c1ccc2c(c1)OCCO2,0.553,39.43,49.366,-9.936
CC1=NN(c2ccc(C)c(C)c2)C(=O)/C1=N\Nc1cccc(-c2cccc(C(=O)O)c2)c1O,0.396,33.119,49.992,-16.873
COc1ccc(CN(C(=O)[C@@H](N)Cc2c(C)cc(C(N)=O)cc2C)[C@@H](C)c2nc(-c3ccccc3)c[nH]2)cc1C(=O)O,0.211,19.485,50.728,-31.243
COc1cc2c(cc1Cc1cccc(Cl)c1F)c(=O)c(C(=O)O)cn2[C@H](CO)C(C)C,0.564,26.991,49.323,-22.332
OC[C@H]1O[C@@H](c2ccc(Cl)c(Cc3ccc(O[C@H]4CCOC4)cc3)c2)[C@H](O)[C@@H](O)[C@@H]1O,0.529,39.277,49.462,-10.185
Nc1nc(=O)n([C@@H]2CS[C@H](CO)O2)cc1F,0.735,47.733,48.643,-0.911
CC(C)(O)CNc1nc(Nc2ccnc(C(F)(F)F)c2)nc(-c2cccc(C(F)(F)F)n2)n1,0.455,24.51,49.755,-25.245
COC(=O)N[C@@H](C)CNc1nccc(-c2cn(C(C)C)nc2-c2cc(Cl)cc(NS(C)(=O)=O)c2F)n1,0.372,17.218,50.088,-32.87
C=C1[C@H](CO)[C@@H](O)C[C@@H]1n1cnc2c(=O)nc(N)[nH]c21,0.53,47.687,49.458,-1.771
CN1CCN(c2ccc(C(=O)Nc3n[nH]c4ccc(Cc5cc(F)cc(F)c5)cc34)c(NC3CCOCC3)c2)CC1,0.294,12.975,50.395,-37.42
Cc1ccc(/C=C2/C(=O)C3(C)CCC2C3(C)C)cc1,0.679,49.004,48.867,0.137
CNC(=O)c1ccc(N2C(=S)N(c3ccc(C#N)c(C(F)(F)F)c3)C(=O)C2(C)C)cc1F,0.549,25.536,49.382,-23.846
CC[C@@H](C)[C@H]1C(=O)N2CCC[C@H]2[C@]2(O)O[C@](NC(=O)[C@@H]3C[C@@H]4c5cccc6[nH]cc(c56)C[C@H]4N(C)C3)(C(C)C)C(=O)N12,0.503,19.608,49.566,-29.958
NC1=NCC2c3ccccc3Cc3ccccc3N12,0.779,36.366,48.469,-12.102
CCCCC[C@H](O)/C=C/[C@@H]1[C@H]2C/C(=C/CCCC(=O)O)O[C@H]2C[C@H]1O,0.414,73.361,49.918,23.442
CN(C)[C@@H]1C(O)=C(C(N)=O)C(=O)[C@@]2(O)C(O)=C3C(=O)c4c(O)c(NC(=O)CN5CCCC5)cc(F)c4C[C@H]3C[C@@H]12,0.216,35.064,50.706,-15.642
COc1cc(OC)cc(N(CCNC(C)C)c2ccc3ncc(-c4cnn(C)c4)nc3c2)c1,0.413,19.853,49.923,-30.07
O=C(O)CSCC(=O)NC1CCSC1=O,0.711,73.315,48.74,24.575
C=C1CC[C@H](O)C/C1=C/C=C1\CCC[C@]2(C)[C@@H]([C@H](C)/C=C/[C@H](C)C(C)C)CC[C@@H]12,0.473,59.628,49.684,9.944
C[C@@H](CO)NC(=O)[C@@H]1C=C2c3cccc4[nH]cc(c34)C[C@H]2N(C)C1,0.802,29.688,48.378,-18.691
CC(C)[C@@H](C)/C=C/[C@@H](C)[C@H]1CC[C@H]2C3=CC=C4C[C@@H](O)CC[C@]4(C)[C@H]3CC[C@]12C,0.493,56.373,49.605,6.768
C=C1C[C@@H]2CC[C@@]34C[C@@H]5O[C@@H]6[C@@H](O[C@H]7CC[C@H](CC(=O)C[C@@H]8[C@@H](OC)[C@@H](C[C@H](O)CN)O[C@H]8C[C@H]8O[C@@H](CC[C@@H]1O2)C[C@@H](C)C8=C)O[C@@H]7[C@@H]6O3)[C@H]5O4,0.409,46.599,49.939,-3.339
CCOc1ccc(Cc2cc([C@]34OC[C@](CO)(O3)[C@@H](O)[C@H](O)[C@H]4O)ccc2Cl)cc1,0.541,43.827,49.414,-5.588
O=[N+]([O-])OC[C@H](O[N+](=O)[O-])[C@@H](CO[N+](=O)[O-])O[N+](=O)[O-],0.317,52.466,50.306,2.16
CN[C@]1(c2ccccc2Cl)CCCCC1=O,0.857,50.123,48.158,1.965
CC(=O)O[C@H]1Cc2ccccc2N(C(N)=O)c2ccccc21,0.822,36.152,48.298,-12.146
COc1ccc2[nH]c([S@@](=O)Cc3ncc(C)c(OC)c3C)nc2c1,0.769,21.431,48.507,-27.076
C[C@]12CC[C@@H]3c4ccc(O)cc4CC[C@H]3[C@@H]1[C@@H](O)[C@@H](O)[C@@H]2O,0.586,67.249,49.235,18.014
CC(=O)Oc1ccc2c(c1)CC[C@@H]1[C@@H]2CC[C@]2(C)[C@@H](O)CC[C@@H]12,0.633,49.678,49.049,0.629
C[C@]12CC[C@@H]3c4ccc(OC(=O)c5ccccc5)cc4CC[C@H]3[C@@H]1CC[C@@H]2O,0.584,48.499,49.243,-0.744
C[C@]12CC[C@@H]3c4ccc(O)cc4CC[C@H]3[C@@H]1CC[C@@H]2OC(=O)CCC1CCCC1,0.623,51.256,49.09,2.167
CCCCCCC(=O)Oc1ccc2c(c1)CC[C@@H]1[C@@H]2CC[C@]2(C)[C@@H](OC(=O)CCCCCC)CC[C@@H]12,0.166,45.404,50.906,-5.501
CCCCC(=O)O[C@H]1CC[C@H]2[C@@H]3CCc4cc(O)ccc4[C@H]3CC[C@]12C,0.74,50.26,48.624,1.636
C[C@]12CC[C@@H]3c4ccc(OC(=O)N(CCCl)CCCl)cc4CC[C@H]3[C@@H]1CC[C@@H]2O,0.642,35.938,49.012,-13.075
C[C@]12CC[C@@H]3c4ccc(O)cc4CC[C@H]3[C@@H]1C[C@@H](O)[C@@H]2O,0.687,59.314,48.832,10.481
C[C@]12CC[C@@H]3c4ccc(OS(=O)(=O)O)cc4CC[C@H]3[C@@H]1CCC2=O,0.828,57.261,48.274,8.987
CCN(C)[C@@H](C)[C@H](O)c1ccccc1,0.791,61.32,48.421,12.899
CC(=O)N[C@H](CSSC[C@H](N)C(=O)O)C(=O)N[C@H](C)C(=O)N[C@H](CCCNC(=N)N)C(=O)N[C@H](CCCNC(=N)N)C(=O)N[C@H](CCCNC(=N)N)C(=O)N[C@H](C)C(=O)N[C@H](CCCNC(=N)N)C(N)=O,0.012,59.084,51.517,7.567
CCCCCCCC/C=C\CCCCCCCC(=O)O.NCCO,0.27,66.529,50.49,16.039
CCOC(=O)/C=C/c1ccc(O)c(OC)c1,0.625,55.561,49.081,6.479
CCCCC(CC)COC(=O)C(C#N)=C(c1ccccc1)c1ccc(OC)cc1,0.293,37.362,50.402,-13.04
C#C[C@]1(OC(C)=O)CC[C@H]2[C@@H]3CCC4=C[C@@H](OC(C)=O)CC[C@@H]4[C@H]3CC[C@@]21C,0.402,58.333,49.969,8.365
CCCN(CC)C(CC)C(=O)Nc1c(C)cccc1C,0.822,43.413,48.296,-4.883
CCOCCN(Cc1ccc(Oc2ccc([N+](=O)[O-])cc2)cc1)C(=O)C(Cl)Cl,0.24,12.071,50.609,-38.538
Cc1cc(C#N)cc(C)c1Oc1nc(Nc2ccc(C#N)cc2)nc(N)c1Br,0.608,26.624,49.146,-22.523
CO[C@H]1C[C@@H]2CC[C@@H](C)[C@@](O)(O2)C(=O)C(=O)N2CCCC[C@H]2C(=O)O[C@H]([C@H](C)C[C@@H]2CC[C@@H](OCCO)[C@H](OC)C2)CC(=O)[C@H](C)/C=C(\C)[C@@H](O)[C@@H](OC)C(=O)[C@H](C)C[C@H](C)/C=C/C=C/C=C/1C,0.134,41.468,51.033,-9.565
C/C(=N\O)[C@@H](C)NCC(C)(C)CN[C@H](C)/C(C)=N/O,0.307,55.239,50.343,4.895
O=C1[C@H](CC[C@H](O)c2ccc(F)cc2)[C@@H](c2ccc(O)cc2)N1c1ccc(F)cc1,0.57,37.546,49.298,-11.752
NC(=O)c1nc(F)cnc1O,0.57,71.232,49.298,21.934
N.O=C(O)CC(O)(CC(=O)O)C(=O)O.[Fe+3],0.39,88.45,50.013,38.437
[Fe+3],0.342,81.564,50.204,31.36
[Cl][Fe]([Cl])[Cl],0.478,70.695,49.664,21.031
OC[C@H](O)[C@@H](O)[C@H](O)[C@H](O)CO[C@H]1O[C@H](CO[C@H]2O[C@H](CO)[C@@H](O)[C@H](O)[C@H]2O)[C@@H](O)[C@H](O)[C@H]1O.[Fe+3],0.104,77.083,51.151,25.932
O=P([O-])([O-])OC(CCO)CCO.O=P([O-])([O-])OCC(O)CO.[Fe+2].[Fe+2],0.171,71.523,50.886,20.636
Cc1occc(=O)c1[O-].Cc1occc(=O)c1[O-].Cc1occc(=O)c1[O-].[Fe+3],0.449,54.887,49.782,5.105
O=C([O-])CC(O)(CC(=O)[O-])C(=O)[O-].O=C([O-])CC(O)(CC(=O)[O-])C(=O)[O-].O=C([O-])CC(O)(CC(=O)[O-])C(=O)[O-].O=P(O)(O)OP(=O)(O)O.O=P(O)(O)OP(=O)(O)O.O=P([O-])([O-])OP(=O)([O-])O.[Fe+3].[Fe+3].[Fe+3].[Fe+3],0.037,66.805,51.416,15.389
O.O.O.O.O.O=S(=O)([O-])[O-].O=S(=O)([O-])[O-].O=S(=O)([O-])[O-].[Fe+3].[Fe+3],0.173,72.695,50.875,21.819
O=C1O[C@H]([C@@H](O)CO)C(O)=C1O.O=C1O[C@H]([C@@H](O)CO)C([O-])=C1[O-].[Fe+2],0.191,76.18,50.808,25.372
NCC(=O)[O-].NCC(=O)[O-].[Fe+2],0.434,84.291,49.838,34.453
NCC(=O)O.N[C@@H](CS)C(=O)O.N[C@@H](C[S-])C(=O)[O-].[Fe+2],0.157,65.456,50.939,14.517
O=C([O-])/C=C/C(=O)[O-].[Fe+2],0.327,83.134,50.265,32.87
O=C([O-])[C@H](O)[C@@H](O)[C@H](O)[C@H](O)CO.O=C([O-])[C@H](O)[C@@H](O)[C@H](O)[C@H](O)CO.[Fe+2],0.14,86.834,51.01,35.823
NCC(=O)[O-].NCC(=O)[O-].O=S(=O)(O)O.[Fe+2],0.281,80.254,50.448,29.807
O=C([O-])CCC(=O)[O-].[Fe+2],0.432,86.657,49.847,36.811
[Fe+2].[Fe+3].[Fe+3].[O-2].[O-2].[O-2].[O-2],0.501,82.246,49.573,32.673
CC(C)C(=O)Oc1ccc(CO)cc1[C@H](CCN(C(C)C)C(C)C)c1ccccc1,0.421,37.868,49.891,-12.023
CSc1ccc(OCc2ncc([N+](=O)[O-])n2C)cc1,0.478,29.764,49.666,-19.902
CCc1c(Cl)c(O)c(Cl)c(O)c1C(=O)O[C@H]1[C@H](O)[C@H](OC)[C@H](OC/C2=C\C=C\C[C@H](O)/C(C)=C/[C@H](CC)[C@@H](O[C@@H]3OC(C)(C)[C@@H](OC(=O)C(C)C)[C@H](O)[C@@H]3O)/C(C)=C/C(C)=C/C[C@@H]([C@@H](C)O)OC2=O)O[C@@H]1C,0.066,40.794,51.305,-10.511
O=C(Nc1nc2cccc(-c3ccc(CN4CCS(=O)(=O)CC4)cc3)n2n1)C1CC1,0.671,21.354,48.896,-27.542
N#Cc1c(N2C[C@@H]3NCCO[C@H]3C2)c(F)cc2c(=O)c(C(=O)O)cn(C3CC3)c12,0.8,34.712,48.383,-13.671
CCCCCCCCc1ccc(CCC(N)(CO)CO)cc1,0.519,56.097,49.5,6.597
Cc1cc2nc3c(=O)[nH]c(=O)nc-3n(C[C@H](O)[C@H](O)[C@H](O)CO[P@@](=O)(O)O[P@](=O)(O)OC[C@H]3O[C@@H](n4cnc5c(N)ncnc54)[C@H](O)[C@@H]3O)c2cc1C,0.044,34.804,51.389,-16.585
Cc1cc2nc3c(=O)[nH]c(=O)nc-3n(C[C@H](O)[C@H](O)[C@H](O)COP(=O)(O)O)c2cc1C,0.176,34.635,50.865,-16.23
O=c1[nH]c2ccccc2n1CCN1CCN(c2cccc(C(F)(F)F)c2)CC1,0.744,17.203,48.606,-31.403
CNc1ccc(/C=C/c2ccc(OCCOCCOCC[18F])cc2)cc1,0.454,22.028,49.76,-27.732
CNc1ccc(/C=C/c2ccc(OCCOCCOCC[18F])nc2)cc1,0.586,18.873,49.235,-30.363
[18F]c1ccc(-c2ccc3c(c2)[nH]c2ccncc23)cn1,0.528,23.162,49.465,-26.304
Cn1cc(S(C)=O)c(=O)c2ccc(F)cc21,0.755,26.134,48.566,-22.432
N[C@]1(C(=O)O)C[C@@H]([18F])C1,0.523,79.856,49.485,30.371
CC1(C)O[C@@H]2C[C@H]3[C@@H]4C[C@H](F)C5=CC(=O)C=C[C@]5(C)[C@@]4(Cl)[C@@H](Cl)C[C@]3(C)[C@]2(C(=O)CO)O1,0.599,48.438,49.184,-0.746
O=C[C@H]([18F])[C@@H](O)[C@H](O)[C@H](O)CO,0.354,83.012,50.157,32.855
O=C1c2ccccc2C(=O)C1c1ccc(F)cc1,0.718,46.875,48.711,-1.836
[F-],0.262,85.823,50.522,35.301
[18F-],0.262,85.869,50.523,35.345
N[C@@H](Cc1cc(O)c(O)cc1[18F])C(=O)O,0.538,65.135,49.428,15.707
C[C@]12CC[C@@H]3c4ccc(O)cc4CC[C@H]3[C@@H]1C[C@@H]([18F])[C@@H]2O,0.766,53.094,48.518,4.576
C[C@]1(O)CC[C@H]2[C@@H]3CCC4=CC(=O)CC[C@]4(C)[C@@]3(F)[C@@H](O)C[C@@]21C,0.713,66.131,48.73,17.401
CNc1ccc(-c2nc3ccc(O)cc3s2)cc1[18F],0.745,22.243,48.603,-26.36
C[C@@H]1C[C@H]2[C@@H]3C[C@H](F)C4=CC(=O)C=C[C@]4(C)[C@@]3(F)[C@@H](O)C[C@]2(C)[C@@]1(O)C(=O)SCF,0.682,56.771,48.852,7.918
C[C@@H]1C[C@H]2[C@@H]3C[C@H](F)C4=CC(=O)C=C[C@]4(C)[C@@]3(F)[C@@H](O)C[C@]2(C)[C@@]1(OC(=O)c1ccco1)C(=O)SCF,0.544,44.761,49.403,-4.642
CO[C@H]1O[C@H](COS(=O)(=O)O)[C@@H](O[C@@H]2O[C@@H](C(=O)O)[C@@H](O[C@H]3O[C@H](COS(=O)(=O)O)[C@@H](O[C@@H]4O[C@H](C(=O)O)[C@@H](O[C@H]5O[C@H](COS(=O)(=O)O)[C@@H](O)[C@H](O)[C@H]5NS(=O)(=O)O)[C@H](O)[C@H]4O)[C@H](OS(=O)(=O)O)[C@H]3NS(=O)(=O)O)[C@H](O)[C@H]2OS(=O)(=O)O)[C@H](O)[C@H]1NS(=O)(=O)O,0.03,61.213,51.447,9.766
C[C@]12CCC(=O)C(O)=C1CC[C@@H]1[C@@H]2CC[C@]2(C)C(=O)CC[C@@H]12,0.736,65.487,48.638,16.849
CC(C)CN(C[C@@H](OP(=O)(O)O)[C@H](Cc1ccccc1)NC(=O)O[C@H]1CCOC1)S(=O)(=O)c1ccc(N)cc1,0.202,18.903,50.763,-31.86
C[C@@H](O[C@H]1OCCN(Cc2nc(=O)n(P(=O)(O)O)[nH]2)[C@H]1c1ccc(F)cc1)c1cc(C(F)(F)F)cc(C(F)(F)F)c1,0.265,18.26,50.513,-32.253
Nc1nc(=O)c2c([nH]1)N[C@@H]1O[C@@H]3COP(=O)(O)O[C@@H]3C(O)(O)[C@@H]1N2,0.189,55.025,50.815,4.209
CCC(=O)O[C@@H](OP(=O)(CCCCc1ccccc1)CC(=O)N1C[C@H](C2CCCCC2)C[C@H]1C(=O)O)C(C)C,0.126,48.621,51.066,-2.444
Cc1ccccc1-c1cc(N2CC[N+](C)(COP(=O)([O-])O)CC2)ncc1N(C)C(=O)C(C)(C)c1cc(C(F)(F)F)cc(C(F)(F)F)c1,0.183,21.906,50.837,-28.932
CC(C)c1cccc(C(C)C)c1OCOP(=O)(O)O,0.62,57.644,49.102,8.542
COc1cc(Nc2ncc(F)c(Nc3ccc4c(n3)N(COP(=O)(O)O)C(=O)C(C)(C)O4)n2)cc(OC)c1OC,0.256,28.615,50.546,-21.931
COc1cnc(-n2cnc(C)n2)c2c1c(C(=O)C(=O)N1CCN(C(=O)c3ccccc3)CC1)cn2COP(=O)(O)O,0.173,18.888,50.879,-31.991
NC[C@@H]1O[C@H](O[C@H]2[C@@H](O)[C@H](O[C@@H]3[C@@H](O)[C@H](N)C[C@H](N)[C@H]3O[C@H]3O[C@H](CN)[C@@H](O)[C@H](O)[C@H]3N)O[C@@H]2CO)[C@H](N)[C@@H](O)[C@@H]1O,0.115,73.07,51.11,21.96
C[C@]12CC[C@@H]3c4ccc(O)cc4C[C@@H](CCCCCCCCCS(=O)CCCC(F)(F)C(F)(F)F)[C@H]3[C@@H]1CC[C@@H]2O,0.165,36.612,50.911,-14.299
CC(C)C1OC(=O)[C@H](C(C)C)N(C)C(=O)C(C(C)C)OC(=O)[C@H](C(C)C)N(C)C(=O)C(C(C)C)OC(=O)[C@H](C(C)C)N(C)C1=O,0.317,63.205,50.306,12.899
C=CC(=O)N1CC[C@H](n2nc(C#Cc3cc(OC)cc(OC)c3)c3c(N)ncnc32)C1,0.508,17.984,49.545,-31.561
O=C([O-])CN(CCN(CC(=O)[O-])CC(=O)[O-])CCN(CC(=O)O)C(COCc1ccccc1)C(=O)O.[Gd+3],0.133,55.898,51.036,4.862
O=C([O-])C[N+]12CC[N+]3(CC(=O)[O-])CC[N+]4([C@@H](CO)[C@@H](O)CO)CC[N+](CC(=O)[O-])(CC1)[Gd-]234,0.218,62.852,50.697,12.155
CNC(=O)CN(CCN(CCN(CC(=O)[O-])CC(=O)NC)CC(=O)[O-])CC(=O)[O-].[Gd+3],0.178,64.461,50.855,13.605
O=C([O-])CN(CCN(CC(=O)[O-])C[C@H](COP(=O)([O-])OC1CCC(c2ccccc2)(c2ccccc2)CC1)N(CC(=O)[O-])CC(=O)[O-])CC(=O)[O-].[Gd+3].[Na+].[Na+].[Na+],0.074,42.693,51.271,-8.578
O=C([O-])CN(CCN(CC(=O)[O-])CC(=O)O)CCN(CC(=O)[O-])CC(=O)O.[Gd+3],0.185,62.967,50.831,12.136
O=C(CCC(C(=O)[O-])N1CCN(C(CCC(=O)NCC(O)CO)C(=O)[O-])Cc2cccc(n2)CN(C(CCC(=O)NCC(O)CO)C(=O)[O-])CC1)NCC(O)CO.[Gd+3],0.046,56.572,51.38,5.191
O=C([O-])CN1CCN(CC(=O)[O-])CCN(CC(=O)O)CCN(CC(=O)[O-])CC1.[Gd+3],0.299,71.431,50.376,21.055
CCOc1ccc(C[C@@H](CN(CCN(CC(=O)[O-])CC(=O)[O-])CC(=O)[O-])N(CC(=O)O)CC(=O)O)cc1.[Gd+3],0.132,49.28,51.038,-1.758
O=C[C@H](O)[C@@H](O)[C@@H](O)[C@H](O)CO,0.282,86.926,50.445,36.48
CC[N+](CC)(CC)CCOc1cccc(OCC[N+](CC)(CC)CC)c1OCC[N+](CC)(CC)CC.[I-].[I-].[I-],0.095,52.39,51.188,1.202
O=C([O-])CCc1ccc(O)c(CN(CCN(CC(=O)[O-])Cc2cc(CCC(=O)NCCCCCC(=O)NCCCC[C@H](NC(=O)N[C@@H](CCC(=O)O)C(=O)O)C(=O)O)ccc2O)CC(=O)[O-])c1.[68Ga+3],0.025,44.684,51.466,-6.782
[67Ga+3].[Cl-].[Cl-].[Cl-],0.319,78.546,50.296,28.25
O=C([O-])CC(O)(CC(=O)[O-])C(=O)[O-].[67Ga+3],0.483,84.367,49.645,34.722
O=[N+]([O-])[O-].O=[N+]([O-])[O-].O=[N+]([O-])[O-].[Ga+3],0.292,71.492,50.402,21.09
O=C(O)CCc1ccc(O)c(CN(CCN(CC(=O)O)Cc2cc(CCC(=O)NCCCCCC(=O)NCCCC[C@H](NC(=O)N[C@@H](CCC(=O)O)C(=O)O)C(=O)O)ccc2O)CC(=O)O)c1,0.044,37.163,51.392,-14.229
CCCCC/C=C\C/C=C\C/C=C\CCCCC(=O)O,0.348,66.414,50.18,16.234
CCNC(=NCCCC[C@H](NC(=O)[C@H](CC(C)C)NC(=O)[C@@H](CCCCN=C(NCC)NCC)NC(=O)[C@H](Cc1ccc(O)cc1)NC(=O)[C@H](CO)NC(=O)[C@@H](Cc1cccnc1)NC(=O)[C@@H](Cc1ccc(Cl)cc1)NC(=O)[C@@H](Cc1ccc2ccccc2c1)NC(C)=O)C(=O)N1CCC[C@H]1C(=O)N[C@H](C)C(N)=O)NCC,0.015,30.407,51.505,-21.097
O=C[C@H](O)[C@@H](O)[C@@H](CO)O[C@@H]1O[C@H](CO)[C@H](O)[C@H](O)[C@H]1O,0.225,72.35,50.669,21.681
CCCCC(C)(C)[C@H](O)/C=C/[C@H]1[C@H](O)CC(=O)[C@@H]1CCCC/C=C/C(=O)OC,0.226,65.487,50.665,14.822
CO/N=C1\CN(c2nc3c(cc2F)c(=O)c(C(=O)O)cn3C2CC2)CC1CN,0.73,31.756,48.661,-16.906
CCCCCC(=O)O[C@]1(C(C)=O)CC[C@H]2[C@@H]3CCC4=CC(=O)CC[C@@H]4[C@H]3CC[C@@]21C,0.42,58.908,49.894,9.014
C#C[C@]1(O)CC[C@H]2[C@@H]3CCC4=CC(=O)CCC4=C3C=C[C@@]21CC,0.75,53.11,48.585,4.524
CCc1nc(C(N)=O)c(Nc2ccc(N3CCC(N4CCN(C)CC4)CC3)c(OC)c2)nc1NC1CCOCC1,0.428,23.376,49.863,-26.487
O=c1cc(O)c(Cl)c[nH]1,0.566,63.925,49.316,14.609
CN1CC[C@@H](NC(=O)Nc2ccc(C#N)cc2)C[C@@H]1c1nc2ccccc2[nH]1,0.655,19.531,48.963,-29.432
CC(C)(C)[C@@H]1NC(=O)O[C@@H]2CCC[C@H]2OC/C=C/C(F)(F)c2nc3ccccc3nc2O[C@@H]2C[C@@H](C(=O)N[C@]3(C(=O)NS(=O)(=O)C4(C)CC4)C[C@H]3C(F)F)N(C2)C1=O,0.283,27.528,50.442,-22.914
O=C(O)[C@H](O)[C@@H](O)[C@H](O)[C@H](O)CO,0.268,94.072,50.499,43.572
O=C1O[C@H](CO)[C@@H](O)[C@H](O)[C@H]1O,0.318,85.968,50.299,35.669
N[C@@H](CCC(=O)N[C@@H](CS)C(=O)NCC(=O)O)C(=O)O,0.263,69.439,50.518,18.922
N[C@@H](CCC(=O)N[C@@H](CSSC[C@H](NC(=O)CC[C@H](N)C(=O)O)C(=O)NCC(=O)O)C(=O)NCC(=O)O)C(=O)O,0.044,60.294,51.391,8.903
O=C(CCCc1ccccc1)OCC(COC(=O)CCCc1ccccc1)OC(=O)CCCc1ccccc1,0.156,42.341,50.944,-8.604
CC1(C)[C@@H](O[C@H]2O[C@H](C(=O)O)[C@@H](O)[C@H](O)[C@H]2O[C@@H]2O[C@H](C(=O)O)[C@@H](O)[C@H](O)[C@H]2O)CC[C@]2(C)[C@H]3C(=O)C=C4[C@@H]5C[C@@](C)(C(=O)O)CC[C@]5(C)CC[C@@]4(C)[C@]3(C)CC[C@@H]12,0.171,66.176,50.884,15.292
CC(C)CC(NC(=O)CNC(=O)C(Cc1ccc(O)cc1)NC(=O)C(CO)NC(=O)C(Cc1c[nH]c2ccccc12)NC(=O)C(Cc1cnc[nH]1)NC(=O)C1CCC(=O)N1)C(=O)NC(CCCN=C(N)N)C(=O)N1CCCC1C(=O)NCC(N)=O,0.013,31.357,51.514,-20.157
CC(C)C[C@H](NC(=O)[C@@H](COC(C)(C)C)NC(=O)[C@H](Cc1ccc(O)cc1)NC(=O)[C@H](CO)NC(=O)[C@H](Cc1c[nH]c2ccccc12)NC(=O)[C@H](Cc1cnc[nH]1)NC(=O)[C@@H]1CCC(=O)N1)C(=O)N[C@@H](CCCN=C(N)N)C(=O)N1CCC[C@H]1C(=O)NNC(N)=O,0.01,31.771,51.524,-19.753
CC(C)C[C@@H](NC(=O)CNC(=O)[C@@H](NC=O)C(C)C)C(=O)N[C@@H](C)C(=O)N[C@@H](C(=O)N[C@H](C(=O)N[C@@H](C(=O)N[C@@H](Cc1c[nH]c2ccccc12)C(=O)N[C@H](CC(C)C)C(=O)N[C@@H](Cc1c[nH]c2ccccc12)C(=O)N[C@H](CC(C)C)C(=O)N[C@@H](Cc1c[nH]c2ccccc12)C(=O)N[C@H](CC(C)C)C(=O)N[C@@H](Cc1c[nH]c2ccccc12)C(=O)NCCO)C(C)C)C(C)C)C(C)C,0.023,40.196,51.475,-11.279
C=C[C@@H]1C[C@]1(NC(=O)[C@@H]1C[C@@H]2CN1C(=O)[C@H](C(C)(C)C)NC(=O)O[C@@H]1C[C@H]1CCCCCc1nc3ccc(OC)cc3nc1O2)C(=O)NS(=O)(=O)C1CC1,0.35,21.369,50.173,-28.803
N=C(N)NCC1COc2ccccc2O1,0.481,45.098,49.652,-4.554
CCCCN(CCCC)CCC(O)c1cc2c(Cl)cc(Cl)cc2c2cc(C(F)(F)F)ccc12,0.282,19.194,50.445,-31.251
[He],0.341,80.974,50.211,30.764
C[N+](C)(CCCCCC[N+](C)(C)C1c2ccccc2-c2ccccc21)C1c2ccccc2-c2ccccc21,0.16,30.499,50.93,-20.431
N=C(N)c1ccc(OCCCCCCOc2ccc(C(=N)N)cc2)cc1,0.281,37.944,50.447,-12.503
CCCCCCOC(=O)CCC(=O)CN,0.466,65.625,49.712,15.913
CCCCC(CC)CN1CN(CC(CC)CCCC)CC(C)(N)C1,0.559,52.803,49.344,3.459
COc1cc(C(=O)OCCCN(C)CCN(C)CCCOC(=O)c2cc(OC)c(OC)c(OC)c2)cc(OC)c1OC,0.176,33.9,50.866,-16.965
C[N+]1(C)CCN(CC(O)(c2ccccc2)C2CCCCC2)CC1,0.863,57.69,48.133,9.557
CC(CNC1CCCCC1)OC(=O)c1ccccc1,0.827,48.943,48.276,0.667
CC(=O)O.CC(=O)O.CCNC(=O)[C@@H]1CCCN1C(=O)[C@H](CCCNC(=N)N)NC(=O)[C@H](CC(C)C)NC(=O)[C@@H](Cc1cn(Cc2ccccc2)cn1)NC(=O)[C@H](Cc1ccc(O)cc1)NC(=O)[C@H](CO)NC(=O)[C@H](Cc1c[nH]c2ccccc12)NC(=O)[C@H](Cc1c[nH]cn1)NC(=O)[C@@H]1CCC(=O)N1,0.014,31.648,51.511,-19.863
C/C=C1\[C@H]2C=C(C)C[C@]1(N)c1ccc(=O)[nH]c1C2,0.684,32.828,48.848,-16.02
CC(=O)N[C@@H]1C(O[C@@H]2O[C@H](C(=O)O)[C@@H](O)[C@H](O)[C@H]2O)[C@H](O)[C@@H](CO)O[C@H]1O[C@H]1[C@H](O)[C@@H](O)[C@H](OC2[C@@H](NC(C)=O)[C@H](O)O[C@H](CO)[C@H]2O)O[C@@H]1C(=O)O,0.087,72.381,51.217,21.163
C[C@]12CCC(=O)C=C1CC[C@@H]1[C@@H]2[C@@H](O)C[C@@]2(C)[C@H]1CC[C@]2(O)C(=O)COC(=O)CCC1CCCC1,0.543,67.18,49.407,17.773
C[C@]12CCC(=O)C=C1CC[C@@H]1[C@@H]2[C@@H](O)C[C@@]2(C)[C@H]1CC[C@]2(O)C(=O)COP(=O)(O)O,0.484,65.908,49.641,16.267
C[C@]12CCC(=O)C=C1CC[C@@H]1[C@@H]2[C@@H](O)C[C@@]2(C)[C@H]1CC[C@]2(O)C(=O)COC(=O)CCC(=O)O,0.511,72.342,49.534,22.808
CCCCC(=O)O[C@]1(C(=O)CO)CC[C@H]2[C@@H]3CCC4=CC(=O)CC[C@]4(C)[C@H]3[C@@H](O)C[C@@]21C,0.606,66.115,49.158,16.958
F,0.351,80.806,50.171,30.635
O.O.O.O.O.O.O.O.O.O.O.O.O=C([O-])[O-].[Al+3].[Al+3].[Mg+2].[Mg+2].[Mg+2].[Mg+2].[Mg+2].[Mg+2].[O-2].[O-2].[O-2].[O-2].[O-2].[O-2].[O-2].[O-2].[O-2],0.238,72.089,50.618,21.472
CC1=C2[N]3[C@@H]4[C@H](CC(N)=O)[C@@]2(C)CCC(=O)NC[C@@H](C)OP(=O)([O-])O[C@H]2[C@@H](O)[C@H](O[C@@H]2CO)n2c[n+](c5cc(C)c(C)cc52)[Co-3]325([OH])[N+]3=C1[C@@H](CCC(N)=O)C(C)(C)C3=CC1=[N+]2C(=C(C)C2=[N+]5[C@]4(C)[C@@](C)(CC(N)=O)[C@@H]2CCC(N)=O)[C@@](C)(CC(N)=O)[C@@H]1CCC(N)=O,0.097,36.397,51.179,-14.782
CC(N)Cc1ccc(O)cc1,0.668,66.268,48.908,17.361
CC(O)COCC1OC(OC2C(COCC(C)O)OC(OCC(C)O)C(OCC(C)O)C2OCC(C)O)C(OCC(C)O)C(OCC(C)O)C1OCC(C)O,0.042,66.682,51.398,15.284
CCCCCC(=O)O[C@]1(C(C)=O)CC[C@H]2[C@@H]3CCC4=CC(=O)CC[C@]4(C)[C@H]3CC[C@@]21C,0.386,62.293,50.03,12.263
N=C(N)c1ccc(/C=C/c2ccc(C(=N)N)cc2O)cc1,0.335,42.233,50.234,-8.0
CN1[C@@H]2CC[C@H]1C[C@@H](OC(=O)[C@H](CO)c1ccccc1)C2,0.861,57.307,48.144,9.163
[O-]Cl,0.364,76.302,50.119,26.183
CC(C)[C@@H](C)[C@@]1(C)CC[C@]2(C)[C@H]3CC[C@@H]4[C@@]5(COC[C@@]4(C)[C@@H](OC[C@](C)(N)C(C)(C)C)[C@H](n4ncnc4-c4ccncc4)C5)C3=CC[C@@]2(C)[C@@H]1C(=O)O,0.259,35.095,50.536,-15.441
N=C(N)NCCC[C@@H](N)C(=O)N[C@@H](CCCNC(=N)N)C(=O)N1CCC[C@H]1C(=O)N1C[C@H](O)C[C@H]1C(=O)NCC(=O)N[C@@H](Cc1cccs1)C(=O)N[C@@H](CO)C(=O)N1Cc2ccccc2C[C@@H]1C(=O)N1[C@H](C(=O)N[C@@H](CCCNC(=N)N)C(=O)O)C[C@@H]2CCCC[C@@H]21,0.02,41.284,51.486,-10.202
CC/C=C\C/C=C\C/C=C\C/C=C\C/C=C\CCCC(=O)O,0.335,62.14,50.234,11.906
CC/C=C\C/C=C\C/C=C\C/C=C\C/C=C\CCCC(=O)OCC,0.207,49.494,50.742,-1.247
O=c1[nH]c(=O)n([C@H]2C[C@H](O)[C@@H](CO)O2)cc1I,0.578,53.707,49.267,4.44
CCc1cc2c(cc1CC)CC(NC[C@H](O)c1ccc(O)c3[nH]c(=O)ccc13)C2,0.519,15.717,49.501,-33.784
CC(C)NCCCC1(C(N)=O)c2ccccc2-c2ccccc21,0.805,24.77,48.365,-23.594
O=C1/C(=C2\Nc3ccc(S(=O)(=O)O)cc3C2=O)Nc2ccc(S(=O)(=O)O)cc21,0.409,36.504,49.939,-13.435
[Cl][111In]([Cl])[Cl],0.579,67.739,49.264,18.475
[111In+3].[O-]c1cccc2cccnc12.[O-]c1cccc2cccnc12.[O-]c1cccc2cccnc12,0.29,50.015,50.411,-0.396
O=C([O-])CN(CCN(CC(=O)[O-])CC(=O)[O-])CCN(CC(=O)O)CC(=O)O.[111In+3],0.202,62.109,50.762,11.347
CC(O)C(CO)N=C(O)C1CSSCC(N=C(O)C(Cc2ccccc2)N=C([O-])CN(CCN(CCC(C(=O)O)C(=O)O)CC(=O)[O-])CC(=O)[O-])C(O)=NC(Cc2ccccc2)C(O)=NC(Cc2c[nH]c3ccccc23)C(O)=NC(CCCCN)C([O-])=NC(C(C)O)C(O)=N1.[111In+3],0.009,40.196,51.53,-11.334
CC1(C)C(/C=C/C=C/C=C/C=C2/N(CCCCS(=O)(=O)[O-])c3ccc4ccccc4c3C2(C)C)=[N+](CCCCS(=O)(=O)[O-])c2ccc3ccccc3c21.[Na+],0.056,23.575,51.344,-27.769
CC1(C)C(/C=C/C=C/C=C/C=C2\N(CCCCS(=O)(=O)O)c3ccc4ccccc4c3C2(C)C)=[N+](CCCCS(=O)(=O)O)c2ccc3ccccc3c21,0.057,26.088,51.338,-25.25
C/C=C(/C)C(=O)O[C@H]1C(C)=C[C@]23C(=O)[C@H](C=C(CO)[C@@H](O)[C@]12O)[C@H]1[C@@H](C[C@H]3C)C1(C)C,0.361,53.14,50.131,3.009
CC(=O)Nc1ccc(C(=O)O)cc1.CC(=O)Nc1ccc(C(=O)O)cc1.CC(=O)Nc1ccc(C(=O)O)cc1.C[C@@H](O)CN(C)C.C[C@@H](O)CN(C)C.C[C@@H](O)CN(C)C.O=c1[nH]cnc2c1ncn2[C@@H]1O[C@H](CO)[C@@H](O)[C@H]1O,0.075,34.237,51.267,-17.03
O[C@H]1[C@H](O)[C@@H](O)[C@H](O)[C@@H](O)[C@H]1O,0.227,93.091,50.663,42.429
O=C(O[C@H]1[C@H](OC(=O)c2cccnc2)[C@@H](OC(=O)c2cccnc2)[C@H](OC(=O)c2cccnc2)[C@@H](OC(=O)c2cccnc2)[C@H]1OC(=O)c1cccnc1)c1cccnc1,0.126,44.087,51.062,-6.975
N=C(N)NCc1cccc([123I])c1.N=C(N)NCc1cccc([123I])c1.O=S(=O)(O)O,0.107,39.859,51.138,-11.279
CN(CC(O)CO)C(=O)c1c(I)c(NC(=O)C(CO)CO)c(I)c(C(=O)N(C)CC(O)CO)c1I,0.128,47.381,51.055,-3.675
[I-],0.304,84.298,50.356,33.942
[123I-],0.301,84.911,50.368,34.543
[131I-],0.307,84.528,50.344,34.184
O=C([O-])CNC(=O)c1ccccc1[123I].[Na+],0.47,71.484,49.697,21.788
O=C([O-])CNC(=O)c1ccccc1[131I].[Na+],0.468,67.747,49.705,18.042
CC(C)NC(C)Cc1ccc([123I])cc1,0.842,53.585,48.219,5.366
COC(=O)[C@H]1[C@@H](c2ccc([123I])cc2)C[C@@H]2CC[C@H]1N2CCCF,0.53,33.793,49.459,-15.666
CCOC(=O)CCCCCCCCC(C)c1ccccc1I,0.248,41.544,50.578,-9.034
CN(C(=O)CC(=O)N(C)c1c(I)c(C(=O)NC(CO)C(O)CO)c(I)c(C(=O)NC(CO)C(O)CO)c1I)c1c(I)c(C(=O)NC(CO)C(O)CO)c(I)c(C(=O)NC(CO)C(O)CO)c1I,0.035,50.689,51.425,-0.735
O=C(NCC(O)CO)c1c(I)c(C(=O)NCC(O)CO)c(I)c(N(CCO)C(=O)CO)c1I,0.11,53.6,51.128,2.472
CC(=O)Nc1c(I)c(C(=O)O)c(I)c(C(=O)NCCO)c1I,0.366,50.735,50.109,0.626
O.O.O.OC[C@H]1O[C@@](CO)(O[C@H]2O[C@H](CO)[C@@H](O)[C@H](O)[C@H]2O)[C@@H](O)[C@@H]1O.[Fe+3].[Fe+3].[Fe+3].[Fe+3].[Fe+3].[Na+].[Na+].[O-2].[O-2].[O-2].[O-2].[O-2].[O-2].[O-2].[O-2].[OH-],0.12,75.95,51.09,24.86
C[C@@H](c1nc(-c2ccc(C#N)cc2)cs1)[C@](O)(Cn1cncn1)c1cc(F)ccc1F,0.487,25.735,49.627,-23.892
CNCC(=O)OCc1cccnc1N(C)C(=O)OC(C)[n+]1cnn(C[C@](O)(c2cc(F)ccc2F)[C@@H](C)c2nc(-c3ccc(C#N)cc3)cs2)c1,0.13,16.422,51.047,-34.625
CC(C)[C@](C#N)(C[C@H](C)N(C)C)c1ccccc1,0.793,58.471,48.413,10.058
Clc1ccc(C(Cn2ccnc2)OCc2c(Cl)cccc2Cl)c(Cl)c1,0.462,16.59,49.73,-33.14
CCC(NC(C)C)C(O)c1ccc(O)c(O)c1,0.592,61.351,49.211,12.14
CNC(C)CCC=C(C)C,0.592,67.126,49.21,17.916
CCN(CC)c1ccc(C(=C2C=CC(=[N+](CC)CC)C=C2)c2cc(S(=O)(=O)O)ccc2S(=O)(=O)O)cc1,0.353,34.161,50.16,-16.0
C[C@H](COc1ccccc1)N[C@H](C)[C@@H](O)c1ccc(O)cc1,0.736,48.928,48.64,0.287
CCn1c(=O)c2c(nc(/C=C/c3ccc(OC)c(OC)c3)n2C)n(CC)c1=O,0.65,29.197,48.98,-19.782
COc1cc2c(cc1OC)CC(=O)N(CCCN(C)C[C@H]1Cc3cc(OC)c(OC)cc31)CC2,0.533,31.434,49.445,-18.011
CC(C)(C)c1cc(C(C)(C)C)c(NC(=O)c2c[nH]c3ccccc3c2=O)cc1O,0.569,24.632,49.305,-24.672
CC[C@H](C)[C@H]1O[C@]2(CC[C@@H]1C)C[C@@H]1C[C@@H](C/C=C(\C)[C@@H](O[C@H]3C[C@H](OC)[C@@H](O[C@H]4C[C@H](OC)[C@@H](O)[C@H](C)O4)[C@H](C)O3)[C@@H](C)/C=C/C=C3\CO[C@@H]4[C@H](O)C(C)=C[C@@H](C(=O)O1)[C@]34O)O2.CO[C@H]1C[C@H](O[C@H]2[C@H](C)O[C@@H](O[C@@H]3/C(C)=C/C[C@@H]4C[C@@H](C[C@]5(CC[C@H](C)[C@@H](C(C)C)O5)O4)OC(=O)[C@@H]4C=C(C)[C@@H](O)[C@H]5OC/C(=C\C=C\[C@@H]3C)[C@]54O)C[C@@H]2OC)O[C@@H](C)[C@@H]1O,0.066,51.915,51.305,0.61
N#Cc1ccnc(N2C(=O)CC[C@H]2C(=O)N(c2cncc(F)c2)[C@H](C(=O)NC2CC(F)(F)C2)c2ccccc2Cl)c1,0.443,24.77,49.804,-25.034
CC(C)C[C@H](NC(=O)CNC(=O)c1cc(Cl)ccc1Cl)B(O)O,0.55,48.652,49.379,-0.727
O.O.[Al+3].[Al+3].[O-][Si]([O-])([O-])O[Si]([O-])([O-])[O-],0.435,67.953,49.835,18.118
Cc1cc(OP(=O)([O-])[O-])c2ccccc2c1OP(=O)([O-])[O-].[Na+].[Na+].[Na+].[Na+],0.349,57.322,50.177,7.145
COC1=CC(=O)OC(/C=C/C2=CCCC=C2)C1,0.702,51.654,48.776,2.879
[81Kr],0.385,85.907,50.036,35.871
C[C@H](O)C(=O)O,0.454,93.597,49.761,43.836
COC[C@@H](NC(C)=O)C(=O)NCc1ccccc1,0.77,67.111,48.503,18.608
OC[C@@H](O)[C@@H](O[C@@H]1O[C@H](CO)[C@H](O)[C@H](O)[C@H]1O)[C@H](O)[C@@H](O)CO,0.203,75.843,50.758,25.084
OC[C@H]1O[C@@H](O[C@H]2[C@H](O)[C@@H](O)C(O)O[C@@H]2CO)[C@H](O)[C@@H](O)[C@H]1O,0.243,75.214,50.598,24.616
CC(C)C1NC(=O)C(CCCCN)NC(=O)C(Cc2c[nH]c3ccccc23)NC(=O)C(Cc2ccc(O)cc2)NC(=O)C(NC(=O)C(N)Cc2ccc3ccccc3c2)CSSCC(C(=O)NC(C(N)=O)C(C)O)NC1=O,0.045,24.969,51.385,-26.415
CCCCCCCCCCCC(=O)OCCNC(=O)C[n+]1ccccc1,0.294,49.709,50.395,-0.686
CS(=O)(=O)c1cc(F)cc2c3c(n(Cc4ccc(Cl)cc4)c12)[C@@H](CC(=O)O)CC3,0.644,27.65,49.003,-21.353
O=C(Nc1cnn2ccc(N3CCC[C@@H]3c3cc(F)ccc3F)nc12)N1CC[C@H](O)C1,0.67,24.449,48.901,-24.453
CN1CCC(C(=O)c2cccc(NC(=O)c3c(F)cc(F)cc3F)n2)CC1,0.831,33.548,48.261,-14.714
Oc1ccc2c(c1)CC[C@H](c1ccccc1)[C@@H]2c1ccc(OCCN2CCCC2)cc1,0.56,33.578,49.338,-15.76
CC(C)OC(=O)CCC/C=C\C[C@@H]1[C@@H](CC[C@@H](O)CCc2ccccc2)[C@H](O)C[C@@H]1O,0.247,54.948,50.582,4.366
O=C(CCC/C=C\C[C@@H]1[C@@H](CC[C@@H](O)CCc2ccccc2)[C@H](O)C[C@@H]1O)OCCCCO[N+](=O)[O-],0.09,46.339,51.208,-4.87
CCCCCCCCCCCCN1CCCCCC1=O,0.47,57.031,49.697,7.334
COC(=O)N[C@H](C(=O)N1CC2(CC2)C[C@H]1c1nc(-c2ccc3c(c2)C(F)(F)c2cc(-c4ccc5[nH]c([C@@H]6[C@H]7CC[C@H](C7)N6C(=O)[C@@H](NC(=O)OC)C(C)C)nc5c4)ccc2-3)c[nH]1)C(C)C,0.108,16.146,51.136,-34.99
C=C[C@]1(C)C[C@@H](OC(=O)CS[C@@H]2CC[C@@H](N)C[C@H]2O)[C@]2(C)C(C)CC[C@]3(CCC(=O)[C@H]32)[C@@H](C)[C@@H]1O,0.383,50.72,50.044,0.676
Cc1ncc(OC[C@@]2(c3cccc(F)c3)C[C@H]2C(=O)Nc2ccc(F)cn2)c(C)n1,0.67,30.377,48.902,-18.525
Nc1cccc2c1CN(C1CCC(=O)NC1=O)C2=O,0.549,40.548,49.381,-8.833
COc1cc2nccc(Oc3ccc(NC(=O)NC4CC4)c(Cl)c3)c2cc1C(N)=O,0.549,21.262,49.383,-28.12
COC(=O)C1=C(C)NC(C)=C(C(=O)OC(C)(C)CN(C)CCC(c2ccccc2)c2ccccc2)C1c1cccc([N+](=O)[O-])c1,0.141,18.551,51.005,-32.454
O=C(O)CSc1nnc(Br)n1-c1ccc(C2CC2)c2ccccc12,0.645,30.79,49.002,-18.212
COc1cccc(N2CCN(C3=Nc4c(F)cccc4[C@H](CC(=O)O)N3c3cc(C(F)(F)F)ccc3OC)CC2)c1,0.38,19.485,50.056,-30.571
Nc1nc2c(c(=O)[nH]1)N(C=O)C(CNc1ccc(C(=O)N[C@@H](CCC(=O)O)C(=O)O)cc1)CN2,0.213,33.969,50.718,-16.749
CN[C@H](C)Cc1ccccc1,0.691,67.463,48.818,18.645
C[C@@H]1CN([C@H]2CC[C@](C#N)(c3ccc(F)cc3)CC2)CC[C@]1(C(=O)O)c1ccccc1,0.765,45.772,48.526,-2.754
C[N+](C)(C)C[C@H](O)CC(=O)[O-],0.494,84.237,49.599,34.638
Nc1nc(=O)c2c([nH]1)NC[C@H](CNc1ccc(C(=O)N[C@@H](CCC(=O)O)C(=O)O)cc1)N2C=O,0.213,34.566,50.718,-16.151
CN1c2c([nH]c(N)nc2=O)NC[C@@H]1CNc1ccc(C(=O)N[C@@H](CCC(=O)O)C(=O)O)cc1,0.26,33.318,50.531,-17.213
CC(C)=CCC[C@](C)(O)[C@@H]1CC=C(C)CC1,0.706,60.417,48.76,11.657
CCN(CC)C(=O)[C@@]1(c2ccccc2)C[C@H]1CN,0.86,48.759,48.145,0.614
CC(C)(C)NC[C@H](O)c1ccc(O)c(CO)c1,0.639,63.327,49.025,14.302
N[C@@H](Cc1cc(I)c(Oc2cc(I)c(O)c(I)c2)c(I)c1)C(=O)O,0.388,37.944,50.022,-12.078
CS(=O)(=O)c1cccc(C[C@H](NC(=O)c2c(Cl)cc3c(c2Cl)CCN(C(=O)c2ccc4ccoc4c2)C3)C(=O)O)c1,0.306,18.719,50.348,-31.629
CCN(Cc1cccc(S(=O)(=O)[O-])c1)c1ccc(C(=C2C=CC(=[N+](CC)Cc3cccc(S(=O)(=O)[O-])c3)C=C2)c2ccc(S(=O)(=O)[O-])cc2)cc1.[Na+].[Na+],0.099,28.339,51.173,-22.833
C[C@@H]1NC(=O)[C@@H]2CCCN2C(=O)[C@H](CC(N)=O)NC(=O)[C@@H]2CSSC[C@H](N)C(=O)N[C@H]3CSSC[C@H](NC1=O)C(=O)N[C@@H]([C@@H](C)O)C(=O)NCC(=O)N[C@H](C(=O)N[C@@H](Cc1ccc(O)cc1)C(=O)O)CSSC[C@H](NC(=O)[C@H](Cc1ccc(O)cc1)NC(=O)[C@H](CCC(=O)O)NC3=O)C(=O)N2,0.066,52.053,51.304,0.748
CC#CCn1c(N2CCC[C@@H](N)C2)nc2c1c(=O)n(Cc1nc(C)c3ccccc3n1)c(=O)n2C,0.443,21.017,49.804,-28.787
Cl[C@H]1[C@H](Cl)[C@@H](Cl)[C@@H](Cl)[C@H](Cl)[C@H]1Cl,0.598,64.2,49.189,15.011
CCCCC/C=C\C/C=C\CCCCCCCC(=O)O,0.318,67.563,50.3,17.263
COc1cc(F)c(-n2c(=O)[nH]c3csc(C(=O)O)c3c2=O)cc1OCc1c(OC)ccc(F)c1F,0.392,27.436,50.005,-22.569
N[C@@H](Cc1cc(I)c(Oc2cc(I)c(O)c(I)c2)c(I)c1)C(=O)[O-].N[C@@H](Cc1cc(I)c(Oc2ccc(O)c(I)c2)c(I)c1)C(=O)[O-].[Na+].[Na+],0.123,44.026,51.077,-7.051
C[C@@H](Cc1ccccc1)NC(=O)[C@@H](N)CCCCN,0.616,57.384,49.115,8.268
O=C([O-])CC(O)(CC(=O)[O-])C(=O)[O-].[Li+].[Li+].[Li+],0.444,86.895,49.802,37.093
N#Cc1cc(NC(=O)C(=O)O)c(Cl)c(NC(=O)C(=O)O)c1,0.57,62.791,49.298,13.493
O=C(NC1CCN(CCCCC2(C(=O)NCC(F)(F)F)c3ccccc3-c3ccccc32)CC1)c1ccccc1-c1ccc(C(F)(F)F)cc1,0.13,16.605,51.049,-34.444
NC(=O)N1CCC(CC(=O)N2CCC([C@H]3c4ncc(Br)cc4CCc4cc(Cl)cc(Br)c43)CC2)CC1,0.454,23.315,49.759,-26.444
C[C@H]1CNCCc2ccc(Cl)cc21,0.671,45.68,48.897,-3.216
C[C@H]1Oc2cc(cnc2N)-c2c(nn(C)c2C#N)CN(C)C(=O)c2ccc(F)cc21,0.615,24.908,49.121,-24.213
FC(F)(F)c1cccc(N2CCN(CCc3nnc4n3C[C@@H]3CCC[C@H]43)CC2)c1,0.78,25.291,48.466,-23.175
C[C@]12C=CC(=O)C=C1CC[C@@H]1[C@@H]2[C@@H](O)C[C@@]2(C)[C@H]1CC[C@]2(O)C(=O)OCCl,0.555,62.73,49.357,13.373
CCOC(=O)O[C@]1(C(=O)OCCl)CC[C@H]2[C@@H]3CCC4=CC(=O)C=C[C@]4(C)[C@H]3[C@@H](O)C[C@@]21C,0.495,52.589,49.598,2.991
CCCCC(F)(F)[C@@]1(O)CC[C@H]2[C@@H](CC(=O)[C@@H]2CCCCCCC(=O)O)O1,0.514,68.137,49.523,18.614
N#C/C(=C1/SC[C@@H](c2ccc(Cl)cc2Cl)S1)n1ccnc1,0.707,19.93,48.754,-28.825
Cc1ccc(NC(=O)C2(c3ccc4c(c3)OC(F)(F)O4)CC2)nc1-c1cccc(C(=O)O)c1,0.58,33.303,49.259,-15.956
CN1CCN2c3c(cccc31)[C@@H]1CN(CCCC(=O)c3ccc(F)cc3)CC[C@@H]12,0.72,24.786,48.704,-23.918
CCCCN(CCCC)CC(O)c1cc(Cl)cc2c1-c1ccc(Cl)cc1/C2=C/c1ccc(Cl)cc1,0.222,18.689,50.684,-31.995
CCCCN(CCCC)CC(O)c1cc(Cl)cc2c1-c1ccc(Cl)cc1/C2=C/c1ccc(Cl)cc1.CCCCN(CCCC)CC(O)c1cc(Cl)cc2c1-c1ccc(Cl)cc1/C2=C/c1ccc(Cl)cc1.CCCCN(CCCC)CC(O)c1cc(Cl)cc2c1-c1ccc(Cl)cc1/C2=C/c1ccc(Cl)cc1.CCCCN(CCCC)CC(O)c1cc(Cl)cc2c1-c1ccc(Cl)cc1/C2=C/c1ccc(Cl)cc1.CCCCN(CCCC)CC(O)c1cc(Cl)cc2c1-c1ccc(Cl)cc1/C2=C/c1ccc(Cl)cc1.CCCCN(CCCC)CC(O)c1cc(Cl)cc2c1-c1ccc(Cl)cc1/C2=C/c1ccc(Cl)cc1.CO[C@H]1O[C@@H]2O[C@]3(C)CC[C@H]4[C@H](C)CC[C@@H]([C@H]1C)[C@@]24OO3,0.02,29.672,51.486,-21.814
O=C1[C@@H]2[C@H]3CC[C@H](C3)[C@@H]2C(=O)N1C[C@@H]1CCCC[C@H]1CN1CCN(c2nsc3ccccc23)CC1,0.584,19.24,49.243,-30.003
COc1ccc2[nH]c3c(c2c1)CCN[C@]31CS[C@@H]2c3c(OC(C)=O)c(C)c4c(c3[C@H](COC1=O)N1[C@@H]2[C@H]2c3c(cc(C)c(OC)c3O)C[C@@H]([C@@H]1O)N2C)OCO4,0.173,19.194,50.878,-31.684
CCCCCCO[C@@H](C)c1cccc(-c2csc(NC(=O)c3cc(Cl)c(/C=C(\C)C(=O)O)c(Cl)c3)n2)c1OC,0.153,19.945,50.958,-31.013
CC1=C[C@H](O)CC(C)(C)[C@H]1/C=C/C(C)=C/C=C/C(C)=C/C=C/C=C(C)/C=C/C=C(C)/C=C/C1=C(C)C[C@@H](O)CC1(C)C,0.203,38.641,50.757,-12.116
C[C@@H](O)[C@H](NC(=O)[C@@H]1CSSC[C@H](NC(=O)[C@@H](Cc2ccccc2)NC(=O)CN2CCN(CC(=O)[O-])CCN(CC(=O)[O-])CCN(CC(=O)[O-])CC2)C(=O)N[C@@H](Cc2ccc(O)cc2)C(=O)N[C@H](Cc2c[nH]c3ccccc23)C(=O)N[C@@H](CCCCN)C(=O)N[C@@H]([C@@H](C)O)C(=O)N1)C(=O)O.[177Lu+3],0.021,44.164,51.483,-7.32
[177Lu],0.488,84.145,49.625,34.52
O=C([O-])CN1CCN(CC(=O)[O-])CCN(CC(=O)NC[C@H]2CC[C@H](C(=O)N[C@@H](Cc3ccc4ccccc4c3)C(=O)NCCCC[C@H](NC(=O)N[C@@H](CCC(=O)O)C(=O)O)C(=O)O)CC2)CCN(CC(=O)[O-])CC1.[177Lu+3],0.039,45.129,51.409,-6.281
CN(C)[C@@H]1C(O)=C(C(=O)NCNCCCC[C@H](N)C(=O)O)C(=O)[C@@]2(O)C(O)=C3C(=O)c4c(O)cccc4[C@@](C)(O)[C@H]3C[C@@H]12,0.094,40.043,51.193,-11.15
NCCCCC(NC(=O)[C@@H]1CCCN1C(=O)[C@@H]1CSSC[C@H](N)C(=O)N[C@@H](Cc2ccc(O)cc2)C(=O)N[C@@H](Cc2ccccc2)C(=O)N[C@@H](CCC(N)=O)C(=O)N[C@@H](CC(N)=O)C(=O)N1)C(=O)NCC(N)=O,0.047,36.734,51.379,-14.645
NCCCC[C@H](N)C(=O)O,0.457,78.799,49.748,29.051
CCCNS(=O)(=O)Nc1ncnc(OCCOc2ncc(Br)cn2)c1-c1ccc(Br)cc1,0.326,13.802,50.27,-36.468
O.O=S(=O)([O-])[O-].O=S(=O)([O-])[O-].[Al+3].[Al+3].[Al+3].[Al+3].[Al+3].[Mg+2].[Mg+2].[Mg+2].[Mg+2].[Mg+2].[Mg+2].[Mg+2].[Mg+2].[Mg+2].[Mg+2].[OH-].[OH-].[OH-].[OH-].[OH-].[OH-].[OH-].[OH-].[OH-].[OH-].[OH-].[OH-].[OH-].[OH-].[OH-].[OH-].[OH-].[OH-].[OH-].[OH-].[OH-].[OH-].[OH-].[OH-].[OH-].[OH-].[OH-].[OH-].[OH-].[OH-].[OH-],0.123,67.057,51.074,15.983
[MgH2],0.301,81.419,50.37,31.049
CC(=O)[O-].CC(=O)[O-].[Mg+2],0.341,83.494,50.211,33.283
CC(=O)[O-].CC(=O)[O-].O.O.O.O.[Mg+2],0.36,86.014,50.133,35.881
O=C1O[C@H]([C@@H](O)CO)C([O-])=C1O.O=C1O[C@H]([C@@H](O)CO)C([O-])=C1O.[Mg+2],0.2,73.606,50.769,22.837
O=C([O-])CC(O)(CC(=O)[O-])C(=O)[O-].O=C([O-])CC(O)(CC(=O)[O-])C(=O)[O-].[Mg+2].[Mg+2].[Mg+2],0.292,78.171,50.405,27.765
O.O.O=C([O-])[C@H](O)[C@@H](O)[C@H](O)[C@H](O)CO.O=C([O-])[C@H](O)[C@@H](O)[C@H](O)[C@H](O)CO.[Mg+2],0.138,84.988,51.016,33.971
NCC(=O)[O-].NCC(=O)[O-].[Mg+2],0.401,81.809,49.971,31.838
O=C([O-])CC(O)C(=O)[O-].[Mg+2],0.418,84.314,49.903,34.411
[Mg+2].[O-2],0.326,80.614,50.269,30.345
[Mg+2].[O-2].[O-2].[O-2].[Si+4],0.345,77.734,50.192,27.543
O=S(=O)([O-])[O-].[Mg+2],0.216,75.352,50.705,24.647
O=[Si]([O-])O[Si]([O-])([O-])O[Si](=O)[O-].[Mg+2].[Mg+2],0.453,74.87,49.763,25.107
Cc1nc(COP(=O)(O)O)cc(CN(CCN(CC(=O)[O-])Cc2cc(COP(=O)(O)O)nc(C)c2O)CC(=O)[O-])c1O.[Mn+2],0.074,40.763,51.271,-10.508
[Mn+2],0.342,81.35,50.206,31.143
O=C([O-])CC(O)(CC(=O)[O-])C(=O)[O-].O=C([O-])CC(O)(CC(=O)[O-])C(=O)[O-].[Mn+2].[Mn+2].[Mn+2],0.242,78.661,50.602,28.059
O=C([O-])[C@H](O)[C@@H](O)[C@H](O)[C@H](O)CO.O=C([O-])[C@H](O)[C@@H](O)[C@H](O)[C@H](O)CO.[Mn+2],0.14,86.16,51.009,35.15
COC(=O)C1=C(C)NC(C)=C(C(=O)OCCN2CCN(C(c3ccccc3)c3ccccc3)CC2)C1c1cccc([N+](=O)[O-])c1,0.193,16.789,50.796,-34.007
CS(=O)(=O)OC[C@@H](O)[C@@H](O)[C@H](O)[C@H](O)COS(C)(=O)=O,0.308,64.982,50.341,14.641
CCCCC1(CCCC)CS(=O)(=O)c2ccc(N(C)C)cc2[C@@H](c2ccc(OCc3ccc(C[N+]45CCN(CC4)CC5)cc3)cc2)[C@H]1O,0.206,25.291,50.748,-25.456
Cc1nnc(C(C)C)n1[C@@H]1C[C@H]2CC[C@@H](C1)N2CC[C@H](NC(=O)C1CCC(F)(F)CC1)c1ccccc1,0.474,35.11,49.682,-14.571
CC(C)Nc1nc2cc(Cl)c(Cl)cc2n1[C@H]1O[C@@H](CO)[C@H](O)[C@@H]1O,0.649,29.013,48.984,-19.97
CC(C)n1c(=O)cc(N[C@@H](C)c2ccccc2)[nH]c1=O,0.898,37.469,47.996,-10.527
CCN(CCCCOC(=O)c1ccc(OC)c(OC)c1)C(C)Cc1ccc(OC)cc1,0.343,32.812,50.203,-17.391
Cc1cc(C)c(NC(=O)CN(CC(=O)O)CC(=O)O)c(C)c1Br,0.659,58.885,48.947,9.938
CC1=C2[N]3[C@@H]4[C@H](CC(N)=O)[C@@]2(C)CCC(=O)NC[C@@H](C)OP(=O)([O-])O[C@H]2[C@@H](O)[C@H](O[C@@H]2CO)n2c[n+](c5cc(C)c(C)cc52)[Co-3]325([CH3])[N+]3=C1[C@@H](CCC(N)=O)C(C)(C)C3=CC1=[N+]2C(=C(C)C2=[N+]5[C@]4(C)[C@@](C)(CC(N)=O)[C@@H]2CCC(N)=O)[C@@](C)(CC(N)=O)[C@@H]1CCC(N)=O,0.106,31.127,51.145,-20.018
CC(=O)[C@@]1(C)CC[C@H]2[C@@H]3C=C(C)C4=CC(=O)CC[C@]4(C)[C@H]3CC[C@@]21C,0.651,59.061,48.979,10.082
O=P(O)(O)CP(=O)(O)O,0.413,87.868,49.923,37.945
CC(=O)O[C@]1(C(C)=O)CC[C@H]2[C@@H]3C[C@H](C)C4=CC(=O)CC[C@]4(C)[C@H]3CC[C@@]21C,0.648,64.66,48.989,15.671
CNC[C@H](O)[C@@H](O)[C@H](O)[C@H](O)CO,0.264,83.379,50.516,32.863
CCOC(=O)[C@H](Cc1ccc(F)cc1)NC(=O)[C@@H](N)Cc1ccc(N(CCCl)CCCl)cc1,0.327,15.564,50.264,-34.7
Cc1cc(OP(=O)(O)O)c2ccccc2c1OP(=O)(O)O,0.625,45.052,49.082,-4.03
CC(C)[C@@H]1CC[C@@H](C)C[C@H]1OC(=O)c1ccccc1O,0.848,54.703,48.192,6.51
C[N+]1(C)CCCC(OC(=O)C(O)(c2ccccc2)c2ccccc2)C1,0.688,56.005,48.832,7.173
C=C1c2cccc(O)c2C(=O)C2=C(O)[C@]3(O)C(=O)C(C(N)=O)=C(O)[C@@H](N(C)C)[C@@H]3[C@@H](O)[C@H]12,0.331,47.564,50.25,-2.685
CC(=O)OC(C)C[N+](C)(C)C,0.447,75.797,49.787,26.009
CC(=O)/N=c1/sc(S(N)(=O)=O)nn1C,0.645,56.189,49.001,7.187
CSCC[C@H](N)C(=O)O,0.597,83.104,49.192,33.912
CNC(C)Cc1ccccc1OC,0.761,56.74,48.539,8.201
C[N+]1(C)[C@@H]2C[C@@H](OC(=O)[C@H](CO)c3ccccc3)C[C@H]1[C@@H]1O[C@@H]12,0.512,57.353,49.528,7.825
C[N+]1(C)[C@@H]2C[C@@H](OC(=O)[C@H](CO)c3ccccc3)C[C@H]1[C@@H]1O[C@@H]12.[Br-],0.365,60.279,50.115,10.164
COC(=O)CCC(=O)CN,0.54,78.615,49.42,29.195
CC[C@@H](CO)NC(=O)[C@@H]1C=C2c3cccc4[nH]cc(c34)C[C@H]2N(C)C1,0.797,27.757,48.396,-20.639
C[N@+]1(CC2CC2)CC[C@]23c4c5ccc(O)c4O[C@H]2C(=O)CC[C@@]3(O)[C@H]1C5,0.791,48.637,48.419,0.218
C[C@H]1C[C@@H]2[C@H](C(=O)C[C@@]3(C)[C@H]2CC[C@]3(O)C(=O)CO)[C@@]2(C)C=CC(=O)C=C12,0.774,66.222,48.49,17.733
CC(=O)Oc1c(C)cc(OCC(O)CNC(C)C)c(C)c1C,0.597,54.917,49.191,5.726
CN1CCCC(CC2c3ccccc3Sc3ccccc32)C1,0.766,31.051,48.518,-17.467
COc1ccc2cc1Oc1cc3c(cc1OC)CC[N+](C)(C)[C@H]3Cc1ccc(cc1)Oc1c(OC)c(OC)cc3c1[C@@H](C2)[N+](C)(C)CC3,0.214,33.517,50.716,-17.198
C[C@](N)(Cc1ccc(O)cc1)C(=O)O,0.664,76.409,48.927,27.483
CNC[C@@H]1CC[C@@H](N)[C@@H](O[C@H]2[C@H](O)[C@@H](O[C@H]3OC[C@](C)(O)[C@H](NC)[C@H]3O)[C@H](N)C[C@@H]2N)O1,0.184,55.362,50.834,4.527
CO[C@@H]1[C@H](N(C)C(=O)c2ccccc2)C[C@H]2O[C@]1(C)n1c3ccccc3c3c4c(c5c6ccccc6n2c5c31)C(=O)NC4,0.287,15.625,50.423,-34.798
CCCCCCCCCCCCCCCC(=O)OC[C@H](COP(=O)([O-])OCCNC(=O)[C@H](C)NC(=O)CC[C@@H](NC(=O)[C@H](C)NC(=O)[C@@H](C)O[C@@H]([C@H](O)[C@H](O)CO)[C@H](C=O)NC(C)=O)C(N)=O)OC(=O)CCCCCCCCCCCCCCC.O.[Na+],0.014,47.656,51.511,-3.855
CCCCN1C[C@H](O)[C@@H](O)[C@H](O)[C@H]1CO,0.465,72.947,49.718,23.229
Nc1nc(CC(=O)Nc2ccc(CCNC[C@H](O)c3ccccc3)cc2)cs1,0.417,11.872,49.908,-38.036
O=C(c1ccc(NS(=O)(=O)c2cccc3cccnc23)cc1)N1CCN(CC2CC2)CC1,0.624,15.564,49.086,-33.522
C=CC(=O)Nc1cc(Nc2ncc(C(=O)OC(C)C)c(-c3cn(C)c4ccccc34)n2)c(OC)cc1N(C)CCN(C)C,0.174,14.108,50.875,-36.766
CCOC(=O)[C@H](CCc1ccccc1)N[C@@H](C)C(=O)N1Cc2cc(OC)c(OC)cc2C[C@H]1C(=O)O,0.455,29.764,49.758,-19.994
CO/N=C1\C[C@]2(C[C@@H]3C[C@@H](C/C=C(\C)C[C@@H](C)/C=C/C=C4\CO[C@@H]5[C@H](O)C(C)=C[C@@H](C(=O)O3)[C@]45O)O2)O[C@H](/C(C)=C/C(C)C)[C@H]1C,0.229,54.32,50.656,3.664
C/C(=C\C(=O)OCCCCCCCCC(=O)O)C[C@@H]1OC[C@H](C[C@@H]2O[C@H]2[C@@H](C)[C@H](C)O)[C@@H](O)[C@H]1O,0.109,41.314,51.133,-9.819
CC(=O)N[C@@H](C=O)[C@@H](O)[C@H](O)[C@H](O)CO,0.3,83.64,50.373,33.267
CC(=O)N[C@@H](Cc1ccc(O)cc1)C(=O)O,0.694,80.959,48.805,32.154
NC(=O)C1=CN([C@@H]2O[C@H](CO[P@@](=O)(O)O[P@@](=O)(O)OC[C@H]3O[C@@H](n4cnc5c(N)ncnc54)[C@H](O)[C@@H]3O)[C@@H](O)[C@H]2O)C=CC1,0.113,44.271,51.115,-6.844
CC(C)C[C@H](NC(=O)[C@@H](Cc1ccc2ccccc2c1)NC(=O)[C@H](Cc1ccc(O)cc1)NC(=O)[C@H](CO)NC(=O)[C@H](Cc1c[nH]c2ccccc12)NC(=O)[C@H](Cc1c[nH]cn1)NC(=O)[C@@H]1CCC(=O)N1)C(=O)N[C@@H](CCCNC(=N)N)C(=O)N1CCC[C@H]1C(=O)NCC(N)=O,0.013,28.064,51.514,-23.45
NC(=O)N/N=C1\C=Cc2ccccc2C1=O,0.682,41.942,48.852,-6.91
CN(CC=Cc1ccccc1)Cc1cccc2ccccc12,0.639,27.267,49.025,-21.757
CC(C)(NC(=O)C1=C(O)[C@@H]2Oc3c(O)ccc4c3[C@@]23CCN(CC2CC2)[C@H](C4)[C@]3(O)C1)c1nc(-c2ccccc2)no1,0.351,27.175,50.172,-22.996
C=CCN1CC[C@]23c4c5ccc(O)c4O[C@H]2[C@@H](OCCOCCOCCOCCOCCOCCOCCOC)CC[C@@]3(O)[C@H]1C5,0.125,40.794,51.067,-10.274
CCCCCCCCCC(=O)O[C@H]1CC[C@H]2[C@@H]3CCC4=CC(=O)CC[C@@H]4[C@H]3CC[C@]12C,0.288,56.756,50.419,6.337
C[C@]12CC[C@H]3[C@@H](CCC4=CC(=O)CC[C@@H]43)[C@@H]1CC[C@@H]2OC(=O)CCc1ccccc1,0.605,51.21,49.16,2.05
C[C@@H]1C/C=C/C=C/C=C/C=C/[C@H](O[C@@H]2O[C@H](C)[C@@H](O)[C@H](N)[C@@H]2O)C[C@@H]2O[C@](O)(C[C@@H](O)C[C@H]3O[C@@H]3/C=C/C(=O)O1)C[C@H](O)[C@H]2C(=O)O,0.157,59.881,50.941,8.939
[Ne],0.347,82.659,50.186,32.473
NC(=O)Cc1cccc(C(=O)c2ccccc2)c1N,0.64,33.517,49.019,-15.502
CCOc1cc2ncc(C#N)c(Nc3ccc(OCc4ccccn4)c(Cl)c3)c2cc1NC(=O)/C=C/CN(C)C,0.218,15.947,50.697,-34.75
Cc1ccc(C(=O)OCc2ccc([C@@H](CN)C(=O)Nc3ccc4cnccc4c3)cc2)c(C)c1,0.389,12.316,50.02,-37.704
Cc1ccccc1-c1cc(N2CCN(C)CC2)ncc1N(C)C(=O)C(C)(C)c1cc(C(F)(F)F)cc(C(F)(F)F)c1,0.313,22.074,50.321,-28.247
NC(=O)c1cccnc1.O=C1O[C@H](C(O)CO)C(O)=C1O,0.433,60.6,49.844,10.757
O=S(=O)([O-])[O-].[Ni+2],0.246,77.888,50.588,27.3
CCCCOCCOC(=O)c1cccnc1,0.524,48.453,49.482,-1.029
CC1CS(=O)(=O)CCN1/N=C/c1ccc([N+](=O)[O-])o1,0.459,46.998,49.742,-2.745
COC(=O)c1ccc2c(c1)NC(=O)/C2=C(\Nc1ccc(N(C)C(=O)CN2CCN(C)CC2)cc1)c1ccccc1,0.35,15.15,50.174,-35.024
NC(=O)c1cccc2cn(-c3ccc([C@@H]4CCCNC4)cc3)nc12,0.779,24.142,48.469,-24.327
CC(C)(C)[C@H](NC(=O)C(F)(F)F)C(=O)N1C[C@H]2[C@@H]([C@H]1C(=O)N[C@H](C#N)C[C@@H]1CCNC1=O)C2(C)C,0.504,46.415,49.563,-3.147
CC(=O)Oc1ccccc1C(=O)Nc1ncc([N+](=O)[O-])s1,0.401,35.126,49.971,-14.845
O=C1CCCC(=O)C1C(=O)c1ccc(C(F)(F)F)cc1[N+](=O)[O-],0.368,38.94,50.103,-11.163
[N]=O,0.355,73.912,50.153,23.76
O=N[O-],0.29,68.137,50.413,17.724
N#[C][Fe-2]([C]#N)([C]#N)([C]#N)([C]#N)[N]=O,0.454,60.064,49.761,10.303
O=NO,0.312,73.851,50.325,23.526
CC(=O)[C@@]1(O)CC[C@H]2[C@@H]3C=C(C)C4=CC(=O)CC[C@@H]4[C@H]3CC[C@@]21C,0.8,63.756,48.386,15.37
CC(=O)O[C@]1(C(C)=O)CC[C@H]2[C@@H]3C=C(C)C4=CC(=O)CC[C@@H]4[C@H]3CC[C@@]21C,0.684,62.76,48.846,13.915
CCCCCCCCCc1ccc(OCCOCCOCCOCCOCCOCCOCCOCCOCCO)cc1,0.11,52.665,51.128,1.537
C#C[C@]1(O)CC[C@H]2[C@@H]3CCC4=CC(=NO)CC[C@@H]4[C@H]3CC[C@@]21CC,0.432,50.551,49.848,0.703
C#C[C@]1(O)CC[C@H]2[C@@H]3CCC4=C(CCC(=O)C4)[C@H]3CC[C@@]21C,0.547,58.134,49.389,8.745
C#C[C@]1(OC(C)=O)CC[C@H]2[C@@H]3CCC4=C/C(=N/O)CC[C@@H]4[C@H]3CC[C@@]21CC,0.332,49.035,50.246,-1.212
CO[C@@H]1[C@@H](OC(N)=O)[C@@H](O)[C@H](Oc2ccc3c(O)c(NC(=O)c4ccc(O)c(CC=C(C)C)c4)c(=O)oc3c2C)OC1(C)C,0.184,30.898,50.835,-19.937
CNC(=S)NCO,0.308,70.45,50.342,20.108
C[C@@H]1[C@H](O)[C@@H](C)/C=C/C=C/CC/C=C/C=C/C=C/C=C/[C@H](O[C@@H]2O[C@H](C)[C@@H](O)[C@H](N)[C@@H]2O)C[C@@H]2O[C@](O)(C[C@@H](O)[C@H](O)CC[C@@H](O)C[C@@H](O)C[C@@H](O)CC(=O)O[C@H]1C)C[C@H](O)[C@H]2C(=O)O,0.175,58.065,50.868,7.197
CC[C@H]1[C@@H](O)[C@@H]2[C@H](CC[C@]3(C)[C@@H]([C@H](C)CCC(=O)O)CC[C@@H]23)[C@@]2(C)CC[C@@H](O)C[C@@H]12,0.577,71.722,49.271,22.451
S1SSSSSSS1,0.536,63.488,49.433,14.055
CCCCC(CC)COC(=O)/C=C/c1ccc(OC)cc1,0.497,50.628,49.589,1.039
CCCCC(CC)COC(=O)c1ccccc1O,0.749,54.044,48.587,5.458
CCCCC1(CCCC)CN(c2ccccc2)c2cc(SC)c(OCC(=O)N[C@@H](C(=O)N[C@@H](CC)C(=O)O)c3ccc(O)cc3)cc2S(=O)(=O)N1,0.105,18.49,51.147,-32.657
O=C(O)CN(CC(=O)O)Cc1cc2c(cc1O)Oc1cc(O)c(CN(CC(=O)O)CC(=O)O)cc1C21OC(=O)c2ccccc21,0.158,43.536,50.939,-7.403
O=C(c1cc(Cc2n[nH]c(=O)c3ccccc23)ccc1F)N1CCN(C(=O)C2CC2)CC1,0.683,25.383,48.85,-23.467
COc1ccsc1CNCC[C@@]1(c2ccccn2)CCOC2(CCCC2)C1,0.701,27.604,48.778,-21.174
CCCc1nc(C(C)(C)O)c(C(=O)O)n1Cc1ccc(-c2ccccc2-c2nnn[nH]2)cc1,0.377,30.699,50.068,-19.37
C[C@H](Nc1ccc(C#N)n(C)c1=O)c1cc2cc(Cl)ccc2[nH]c1=O,0.756,15.319,48.559,-33.24
CN(C)c1cc(CNCC(C)(C)C)c(O)c2c1C[C@H]1C[C@H]3[C@H](N(C)C)C(O)=C(C(N)=O)C(=O)[C@@]3(O)C(O)=C1C2=O,0.28,35.172,50.451,-15.28
COC(=O)N[C@H](C(=O)N1CCC[C@H]1C(=O)Nc1ccc([C@@H]2CC[C@@H](c3ccc(NC(=O)[C@@H]4CCCN4C(=O)[C@@H](NC(=O)OC)C(C)C)cc3)N2c2ccc(C(C)(C)C)cc2)cc1)C(C)C,0.134,31.189,51.032,-19.844
CC(C)OC(=O)CNc1cccc(CN(Cc2ccc(-n3cccn3)cc2)S(=O)(=O)c2cccnc2)n1,0.299,18.704,50.377,-31.673
Cc1c(Cl)c(C)[n+]([O-])c(Cl)c1-c1noc(-c2cc(O)c(O)c([N+](=O)[O-])c2)n1,0.166,22.656,50.906,-28.249
CN[C@H](CC(C)C)C(=O)N[C@H]1C(=O)N[C@@H](CC(N)=O)C(=O)N[C@H]2C(=O)N[C@H]3C(=O)N[C@H](C(=O)N[C@H](C(=O)O)c4cc(O)cc(O)c4-c4cc3ccc4O)[C@H](O[C@H]3C[C@](C)(N)[C@@H](O)[C@H](C)O3)c3ccc(c(Cl)c3)Oc3cc2cc(c3O[C@@H]2O[C@H](CO)[C@@H](O)[C@H](O)[C@H]2O[C@H]2C[C@](C)(NCc3ccc(-c4ccc(Cl)cc4)cc3)[C@@H](O)[C@H](C)O2)Oc2ccc(cc2Cl)[C@H]1O,0.053,38.465,51.354,-12.889
NCCC[C@H](N)C(=O)O,0.464,82.43,49.721,32.709
CCOC(=O)C1=C[C@@H](OC(CC)CC)[C@H](NC(C)=O)[C@@H](N)C1,0.691,63.511,48.817,14.694
N#Cc1ccc([C@H]2CCc3cncn32)c(F)c1,0.75,31.495,48.582,-17.087
C=CC(=O)Nc1cc(Nc2nccc(-c3cn(C)c4ccccc34)n2)c(OC)cc1N(C)CCN(C)C,0.311,12.27,50.331,-38.06
OCCOc1ccc(/C(=C(/CCCl)c2ccccc2)c2ccccc2)cc1,0.405,32.445,49.954,-17.509
O=C(O)c1nc(=O)[nH]c(=O)[nH]1,0.442,74.617,49.806,24.811
O[C@@](Cn1cnnn1)(c1ccc(F)cc1F)C(F)(F)c1ccc(-c2ccc(OCC(F)(F)F)cc2)cn1,0.337,22.335,50.227,-27.893
O=P(O)(O)C(O)P(=O)(O)O,0.34,85.271,50.214,35.057
CN[C@@H](C)[C@H](O)c1ccc(O)cc1,0.653,69.133,48.971,20.162
N[C@@H](Cc1c[nH]c2ccc(O)cc12)C(=O)O,0.615,56.679,49.12,7.559
C[N+](C)(C)CCO.Cn1c(=O)c2[n-]cnc2n(C)c1=O,0.662,54.611,48.935,5.676
C[C@]12C/C(=C/O)C(=O)C[C@@H]1CC[C@@H]1[C@@H]2CC[C@@]2(C)[C@H]1CC[C@]2(C)O,0.51,61.627,49.536,12.091
CN1CCCN=C1COC(=O)C(O)(c1ccccc1)C1CCCCC1,0.834,41.835,48.248,-6.413
CC(C)Oc1ccc(-c2nc(-c3cccc4c3CC[C@@H]4NCCO)no2)cc1C#N,0.619,23.346,49.103,-25.757
CNc1ncc(-c2ccc3c(=O)c(C(=O)O)cn(C4CC4)c3c2C)cc1C,0.737,27.88,48.634,-20.754
CCNCc1nc2c(O)c(Cl)cc(Cl)c2c(=O)n1C,0.91,20.726,47.946,-27.22
C1=C/COCc2cc(ccc2OCCN2CCCC2)Nc2nccc(n2)-c2cccc(c2)COC/1,0.538,24.801,49.426,-24.625
CC[C@H]1c2cc3[n-]c(c(CC(=O)OC)c4nc(cc5[n-]c(cc(n2)[C@@H]1C)c(C(C)=O)c5C)[C@@H](C)[C@@H]4CCC(=O)O)c(C(=O)NCCS(=O)(=O)O)c3C.[Pd+2],0.103,34.589,51.157,-16.567
CCCCC(CC)COC(=O)c1ccc(N(C)C)cc1,0.669,43.781,48.905,-5.124
CC1(C)C(/C=C/C2=C(Oc3ccc(C[C@H](NC(=O)c4ccc(NCc5cnc6nc(N)[nH]c(=O)c6n5)cc4)C(=O)O)cc3)C(=C/C=C3/N(CCCCS(=O)(=O)O)c4ccc(S(=O)(=O)O)cc4C3(C)C)/CCC2)=[N+](CCCCS(=O)(=O)O)c2ccc(S(=O)(=O)[O-])cc21,0.016,34.789,51.5,-16.711
CC1(C)CCC(C)(C)c2cc(Cn3cccn3)c(/C=C/c3ccc(C(=O)O)cc3)cc21,0.51,25.245,49.539,-24.294
CC(C)(CO)[C@@H](O)C(=O)NCCC(=O)NCCSSCCNC(=O)CCNC(=O)[C@H](O)C(C)(C)CO,0.068,67.509,51.296,16.214
CC(C)(CO)[C@@H](O)C(=O)NCCC(=O)O,0.456,84.942,49.752,35.19
Cc1cnc(C(=O)N[C@H]2CCCCC/C=C\[C@@H]3C[C@@]3(C(=O)NS(=O)(=O)C3CC3)NC(=O)[C@@H]3C[C@@H](Oc4nc5ccccc5c5ccccc45)CN3C2=O)cn1,0.185,19.056,50.829,-31.773
C=C1C(=O)O[C@H]2[C@H]1CC/C(C)=C/CC[C@@]1(C)O[C@@H]21,0.286,62.898,50.427,12.471
NCCCC[C@@H]1NC(=O)[C@@H](Cc2c[nH]c3ccccc23)NC(=O)[C@H](c2ccccc2)NC(=O)[C@@H]2C[C@@H](OC(=O)NCCN)CN2C(=O)[C@H](Cc2ccccc2)NC(=O)[C@H](Cc2ccc(OCc3ccccc3)cc2)NC1=O,0.06,19.792,51.327,-31.536
CCN(CC)c1ccc(C(=C2C=CC(=[N+](CC)CC)C=C2)c2cc(O)c(S(=O)(=O)O)cc2S(=O)(=O)O)cc1,0.307,35.325,50.345,-15.02
Nc1nc(=O)c2c(CCc3ccc(C(=O)N[C@@H](CCC(=O)O)C(=O)O)cc3)c[nH]c2[nH]1,0.287,36.765,50.425,-13.66
CCN1C(=O)N(c2c(F)c(OC)cc(OC)c2F)Cc2cnc3[nH]c(CN4CCOCC4)cc3c21,0.572,12.776,49.293,-36.517
Cc1cccn2c(=O)c(-c3nn[nH]n3)cnc12,0.642,33.793,49.015,-15.222
FC(F)CC(F)(F)F,0.482,78.294,49.649,28.645
CSCC[C@H](NC(=O)[C@H](Cc1c[nH]c2ccccc12)NC(=O)CCNC(=O)OC(C)(C)C)C(=O)N[C@@H](CC(=O)O)C(=O)N[C@@H](Cc1ccccc1)C(N)=O,0.082,21.293,51.238,-29.945
C[C@@H](O)[C@@H]1NC(=O)[C@H](CCCCN)NC(=O)[C@@H](Cc2c[nH]c3ccccc23)NC(=O)[C@H](Cc2ccccc2)NC(=O)[C@@H](NC(=O)[C@@H](Cc2ccccc2)NC(=O)CN(CCN(CCN(CC(=O)O)CC(=O)O)CC(=O)O)CC(=O)O)CSSC[C@@H](C(=O)N[C@H](CO)[C@@H](C)O)NC1=O,0.016,39.92,51.501,-11.581
O=S(=O)(O)O[C@@H]1[C@@H](OS(=O)(=O)O)[C@H](O[C@@H]2CO[C@@H](O)[C@H](OS(=O)(=O)O)[C@H]2OS(=O)(=O)O)OC[C@H]1O,0.128,59.069,51.058,8.011
OC[C@H]1O[C@@H](n2cnc3c2N=CNC[C@H]3O)C[C@@H]1O,0.537,51.517,49.431,2.086
CCC(CC)[C@H](NC(C)=O)[C@@H]1[C@H](O)[C@@H](C(=O)O)C[C@H]1NC(=N)N,0.283,77.451,50.44,27.011
N#Cc1ccccc1-c1cc(-c2ccccn2)cn(-c2ccccc2)c1=O,0.549,32.506,49.381,-16.875
O=BOO,0.25,77.068,50.57,26.498
FC(F)(F)C(F)(F)C(F)(F)C(F)(F)C(F)(F)C(F)(F)F,0.657,71.025,48.952,22.073
FC(F)(F)C(F)(F)C(F)(F)C(F)(F)F,0.614,74.426,49.124,25.301
FC(F)(F)c1ccc(CNc2ccc(Cc3c[nH]c4ncc(Cl)cc34)cn2)cn1,0.466,19.01,49.711,-30.7
CN1CCC2=C(C1)C(c1ccccc1)c1ccccc12,0.752,21.446,48.577,-27.131
CC(c1ccccc1)c1ccc(O)cc1O,0.805,57.062,48.364,8.698
O=C([O-])c1c(Cl)c(Cl)c(Cl)c(Cl)c1-c1c2cc(Br)c(=O)c(Br)c-2oc2c(Br)c([O-])c(Br)cc12.[Na+].[Na+],0.133,37.485,51.037,-13.552
CN1CC[C@]23c4c5ccc(OCCN6CCOCC6)c4O[C@H]2[C@@H](O)C=C[C@H]3[C@H]1C5,0.77,47.871,48.505,-0.634
O=P(O)(O)O,0.342,91.621,50.206,41.415
COC(=O)N[C@H](C(=O)N1CCC[C@H]1c1nc2cc([C@H]3CC[C@H](c4cc5nc([C@@H]6CCCN6C(=O)[C@@H](NC(=O)OC)[C@@H](C)OC)[nH]c5cc4F)N3c3cc(F)c(N4CCC(c5ccc(F)cc5)CC4)c(F)c3)c(F)cc2[nH]1)[C@@H](C)OC,0.071,16.039,51.282,-35.243
O=S(=O)(O)Oc1ccc(C(c2ccc(OS(=O)(=O)O)cc2)c2ccccn2)cc1,0.534,55.132,49.444,5.688
O=C1CC[C@@H](C(=O)O)N1,0.494,84.191,49.601,34.59
O=C(O)CC[C@H](NC(=O)N[C@@H](CCCCNC(=O)c1ccc([18F])nc1)C(=O)O)C(=O)O,0.183,57.077,50.838,6.239
CC(C)COc1ccc(CNC(=O)N(Cc2ccc(F)cc2)C2CCN(C)CC2)cc1,0.666,30.882,48.917,-18.035
CC[C@@H]1/C=C(\C)C[C@H](C)C[C@H](OC)[C@H]2O[C@@](O)(C(=O)C(=O)N3CCCC[C@H]3C(=O)O[C@H](/C(C)=C/[C@@H]3CC[C@H](Cl)[C@H](OC)C3)[C@H](C)[C@@H](O)CC1=O)[C@H](C)C[C@@H]2OC,0.146,42.953,50.983,-8.029
CC(N/C(=N/c1ccncc1)NC#N)C(C)(C)C,0.362,39.813,50.125,-10.312
COc1cc(Br)c(C[N+]2(CCOCCC3CCC4CC3C4(C)C)CCOCC2)cc1OC,0.316,41.621,50.309,-8.688
CC(=O)O[C@H]1C[C@@H]2CC[C@@H]3[C@H](CC[C@@]4(C)[C@H]3C[C@H](N3CC[N+](C)(C)CC3)[C@@H]4OC(C)=O)[C@@]2(C)C[C@@H]1N1CC[N+](C)(C)CC1,0.362,59.452,50.126,9.326
Clc1ccc2c(N3CCN(CCCN4CCN(c5ccnc6cc(Cl)ccc56)CC4)CC3)ccnc2c1,0.328,22.871,50.26,-27.389
Clc1ccc(CCCOCCCN2CCCCC2)cc1,0.668,53.094,48.911,4.183
NCCNc1ccc(NCCN)c2c1C(=O)c1ccncc1C2=O,0.523,19.547,49.486,-29.939
CN[C@@H]1[C@@H](O)[C@@H](O[C@@H]2[C@@H](O)[C@H](O[C@H]3OC(CNCCO)=CC[C@H]3N)[C@@H](N)C[C@H]2NC(=O)[C@@H](O)CCN)OC[C@]1(C)O,0.089,49.617,51.211,-1.594
CC(C)C[C@H](NC(=O)[C@@H]1CSSC[C@@H]2NC(=O)[C@H](CC(C)C)NC(=O)[C@H](CCC(=O)O)NC(=O)[C@@H](NC(=O)[C@H](CCC(=O)O)NC(=O)[C@H](CC(=O)O)NC(=O)[C@@H](N)CC(N)=O)CSSC[C@H](NC(=O)[C@H](C)NC(=O)[C@H](C(C)C)NC(=O)[C@H](CC(N)=O)NC(=O)[C@H](C(C)C)NC2=O)C(=O)N[C@@H]([C@@H](C)O)C(=O)NCC(=O)N1)C(=O)O,0.026,66.391,51.463,14.928
c1cc(CN2CCCNCCNCCCNCC2)ccc1CN1CCCNCCNCCCNCC1,0.354,54.887,50.159,4.728
CO[C@H](C(=O)[C@@H](O)[C@@H](C)O)[C@@H]1Cc2cc3cc(O[C@H]4C[C@@H](O[C@H]5C[C@@H](O)[C@H](O)[C@@H](C)O5)[C@H](O)[C@@H](C)O4)c(C)c(O)c3c(O)c2C(=O)[C@H]1O[C@H]1C[C@@H](O[C@H]2C[C@@H](O[C@H]3C[C@](C)(O)[C@H](O)[C@@H](C)O3)[C@@H](O)[C@@H](C)O2)[C@H](O)[C@@H](C)O1,0.11,41.835,51.13,-9.294
COc1cc([C@@H]2c3cc4c(cc3[C@H](O)[C@H]3COC(=O)[C@H]23)OCO4)cc(OC)c1OC,0.763,23.162,48.532,-25.371
COc1cc(C2c3cc4c(cc3C(O)C(CO)C2C(=O)O)OCO4)cc(OC)c1OC.COc1cc(C2c3cc4c(cc3C(O)C(CO)C2C(=O)O)OCO4)cc(OC)c1OC.COc1cc(C2c3cc4c(cc3C(O)C3COC(=O)C23)OCO4)cc(OC)c1OC.COc1cc(C2c3cc4c(cc3C(O)C3COC(=O)C23)OCO4)cc(OC)c1OC,0.033,42.785,51.434,-8.649
CCCCCCCCCCCCOCCOCCOCCOCCOCCOCCOCCOCCOCCO,0.108,64.66,51.136,13.524
OC[C@H]1O[C@@H](Oc2cc(O)cc(/C=C/c3ccc(O)cc3)c2)[C@H](O)[C@@H](O)[C@@H]1O,0.405,48.1,49.957,-1.857
CCC(C)CCCCC(=O)N[C@@H](CCN)C(=O)N[C@H](C(=O)N[C@@H](CCN)C(=O)N[C@H]1CCNC(=O)[C@H]([C@@H](C)O)NC(=O)[C@H](CCN)NC(=O)[C@H](CCN)NC(=O)[C@H](CC(C)C)NC(=O)[C@@H](Cc2ccccc2)NC(=O)[C@@H](CCN)NC1=O)[C@@H](C)O,0.033,67.984,51.432,16.552
Nc1cccc2c1C(=O)N(C1CCC(=O)NC1=O)C2=O,0.538,45.619,49.428,-3.809
CCC/N=C1\S/C(=C\c2ccc(OC[C@H](O)CO)c(Cl)c2)C(=O)N1c1ccccc1C,0.575,22.197,49.28,-27.084
CC[C@@H]([C@H](C)O)n1ncn(-c2ccc(N3CCN(c4ccc(OC[C@@H]5CO[C@@](Cn6cncn6)(c6ccc(F)cc6F)C5)cc4)CC3)cc2)c1=O,0.2,18.673,50.77,-32.097
[KH],0.315,78.523,50.313,28.21
CC(=O)[O-].[K+],0.288,90.633,50.42,40.212
O=S(=O)([O-])[O-].O=S(=O)([O-])[O-].[Al+3].[K+],0.235,75.015,50.629,24.386
N[C@@H](CC(=O)[O-])C(=O)[O-].N[C@@H](CC(=O)[O-])C(=O)[O-].O.[H+].[H+].[K+].[K+],0.423,83.563,49.884,33.679
O=C([O-])[O-].[K+].[K+],0.312,91.713,50.324,41.389
[K+],0.252,83.203,50.562,32.641
O=C([O-])[C@H](O)[C@@H](O)[C@H](O)[C@H](O)CO.[K+],0.297,92.188,50.383,41.804
[K+].[OH-],0.269,84.306,50.495,33.811
CC(O)C(=O)[O-].[K+],0.36,89.859,50.133,39.726
O=[N+]([O-])[O-].[K+],0.183,77.78,50.838,26.942
[K+].[O-][Cl+3]([O-])([O-])[O-],0.311,83.272,50.329,32.943
O=S(=O)([O-])[O-].[K+].[K+],0.208,82.353,50.74,31.613
C#CCC(Cc1cnc2nc(N)nc(N)c2n1)c1ccc(C(=O)N[C@@H](CCC(=O)O)C(=O)O)cc1,0.26,35.815,50.532,-14.717
CO[C@]1(C(=O)N[C@@H](C)c2ccc(-n3cc(F)cn3)nc2)CC[C@H](c2nc(C)cc(Nc3cc(C)[nH]n3)n2)CC1,0.307,19.041,50.346,-31.305
CC[C@H](C)[C@H](NC(=O)[C@@H]1CCCN1C(=O)CNC(=O)[C@H](Cc1ccccc1)NC(=O)[C@H](CC(N)=O)NC(=O)[C@H](CC(N)=O)NC(=O)[C@H](CO)NC(=O)[C@H](CO)NC(=O)[C@H](Cc1cnc[nH]1)NC(=O)[C@@H](NC(=O)[C@H](CC(C)C)NC(=O)[C@H](Cc1ccccc1)NC(=O)[C@H](CC(N)=O)NC(=O)[C@H](C)NC(=O)[C@H](CC(C)C)NC(=O)[C@H](CCCNC(=N)N)NC(=O)[C@H](CCC(N)=O)NC(=O)[C@@H](NC(=O)[C@H](C)NC(=O)[C@@H]1CSSC[C@H](NC(=O)[C@@H](N)CCCCN)C(=O)N[C@@H](CC(N)=O)C(=O)N[C@@H]([C@@H](C)O)C(=O)N[C@@H](C)C(=O)N[C@@H]([C@@H](C)O)C(=O)N1)[C@@H](C)O)C(C)C)C(=O)N[C@@H](CC(C)C)C(=O)N1CCC[C@H]1C(=O)N1CCC[C@H]1C(=O)N[C@H](C(=O)N[C@@H](CC(N)=O)C(=O)N[C@H](C(=O)NCC(=O)N[C@@H](CO)C(=O)N[C@@H](CC(N)=O)C(=O)N[C@H](C(=O)N[C@@H](Cc1ccc(O)cc1)C(N)=O)[C@@H](C)O)C(C)C)[C@@H](C)O,0.008,49.663,51.531,-1.868
CCCCCCC(=O)O[C@H]1CC[C@@]2(C)C(=CC[C@@H]3[C@@H]2CC[C@]2(C)C(=O)CC[C@@H]32)C1,0.294,58.517,50.395,8.122
C[C@]12C=CC(=O)C=C1CC[C@@H]1[C@@H]2[C@@H](O)C[C@@]2(C)[C@H]1CC[C@]2(O)C(=O)COP(=O)(O)O,0.484,65.663,49.641,16.022
CC(=O)OCC(=O)[C@@]1(O)CC[C@H]2[C@@H]3CCC4=CC(=O)C=C[C@]4(C)[C@H]3C(=O)C[C@@]21C,0.73,65.732,48.661,17.071
O=[N+]([O-])c1cn2c(n1)OC[C@@H](OCc1ccc(OC(F)(F)F)cc1)C2,0.602,25.276,49.17,-23.895
CC1(C)S[C@@H]2[C@H](NC(=O)Cc3ccccc3)C(=O)N2[C@H]1C(=O)O.CCN(CC)CCOC(=O)c1ccc(N)cc1,0.223,35.953,50.678,-14.725
CCN(CC)CCOC(=O)c1ccc(N)cc1.O.[CH2]C(CN=C(O)c1ccccc1OCC(=O)[O-])OCCOC.[Hg+],0.062,37.117,51.318,-14.201
CC[C@@H](NC(C)C)[C@@H](O)c1ccc(O)c2[nH]c(=O)ccc12,0.679,34.222,48.867,-14.645
NC(=O)[C@@H]1CCCN1C(=O)[C@H](Cc1cnc[nH]1)NC(=O)[C@@H]1CCC(=O)N1,0.47,47.534,49.695,-2.162
CC(Cc1ccc2c(c1)OCO2)NCC(O)c1ccc(O)c(O)c1,0.606,30.836,49.156,-18.32
COCCCN1CCC(NC(=O)c2cc(Cl)c(N)c3c2OCC3)CC1,0.594,27.497,49.202,-21.705
N#[C][Fe-4]([C]#N)([C]#N)([C]#N)([C]#N)[C]#N.N#[C][Fe-4]([C]#N)([C]#N)([C]#N)([C]#N)[C]#N.N#[C][Fe-4]([C]#N)([C]#N)([C]#N)([C]#N)[C]#N.[Fe+3].[Fe+3].[Fe+3].[Fe+3],0.295,69.194,50.392,18.803
CN1CCCN=C1/C=C/c1cccs1,0.726,42.586,48.681,-6.095
[O-][n+]1ccccc1S,0.308,68.796,50.339,18.457
ClC=CC[N+]12CN3CN(CN(C3)C1)C2.[Cl-],0.493,48.499,49.606,-1.107
CCCN1C[C@@H](NS(=O)(=O)N(CC)CC)C[C@@H]2Cc3c(O)cccc3C[C@H]21,0.742,32.23,48.616,-16.386
C#C[C@]1(O)CC[C@H]2[C@@H]3CCc4cc(OC5CCCC5)ccc4[C@H]3CC[C@@]21C,0.728,50.23,48.67,1.56
C=CC1CN2CCC1CC2C(O)c1ccnc2ccc(OC)cc12.CCC1(c2ccccc2)C(=O)NC(=O)NC1=O,0.311,29.657,50.327,-20.67
C=C[C@H]1C[N@@]2CC[C@H]1C[C@H]2[C@H](O)c1ccnc2ccc(OC)cc12,0.878,39.752,48.076,-8.325
[223Ra+2].[Cl-].[Cl-],0.417,78.883,49.906,28.977
Cc1nnc(C(=O)NC(C)(C)c2nc(C(=O)NCc3ccc(F)cc3)c(O)c(=O)n2C)o1,0.507,30.561,49.548,-18.988
Cc1nc(=O)c2cc(CN(C)c3ccc(C(=O)N[C@@H](CCC(=O)O)C(=O)O)s3)ccc2[nH]1,0.38,24.295,50.056,-25.76
C=CC[N+]1([C@H]2C[C@H]3[C@@H]4CC[C@H]5C[C@H](OC(C)=O)[C@@H](N6CCCCC6)C[C@]5(C)[C@H]4CC[C@]3(C)[C@H]2OC(=O)CC)CCCCC1,0.181,55.285,50.844,4.441
O=C(NC(Cc1cc(=O)[nH]c2ccccc12)C(=O)O)c1ccc(Cl)cc1,0.642,34.865,49.011,-14.146
CNC(=O)c1cnn(-c2nc(N)c3ncn([C@@H]4O[C@H](CO)[C@@H](O)[C@H]4O)c3n2)c1,0.32,49.648,50.292,-0.644
CNC(=O)c1cc(Oc2ccc(NC(=O)Nc3ccc(Cl)c(C(F)(F)F)c3)c(F)c2)ccn1,0.407,31.089,49.946,-18.857
O=C(NC1CCNCC1)[C@@H]1CC[C@@H]2CN1C(=O)N2OS(=O)(=O)O,0.548,54.151,49.388,4.764
CONC(=O)Nc1ccc(-c2sc3c(c2CN(C)C)c(=O)n(-c2ccc(OC)nn2)c(=O)n3Cc2c(F)cccc2F)cc1,0.237,19.164,50.621,-31.457
CCC(CC)COC(=O)[C@H](C)N[P@](=O)(OC[C@H]1O[C@@](C#N)(c2ccc3c(N)ncnn23)[C@H](O)[C@@H]1O)Oc1ccccc1,0.164,28.906,50.913,-22.007
COC(=O)CC[C@@H]1N=C(c2ccccn2)c2cc(Br)ccc2-n2c(C)cnc21,0.572,23.744,49.29,-25.546
COC(=O)[C@H]1[C@H]2C[C@@H]3c4[nH]c5cc(OC)ccc5c4CCN3C[C@H]2C[C@@H](OC(=O)C=Cc2cc(OC)c(OC)c(OC)c2)[C@@H]1OC,0.265,24.203,50.511,-26.308
CC(=O)Oc1cccc(O)c1,0.487,71.706,49.628,22.078
C=C[C@]1(C)C[C@@H](OC(=O)CS[C@@H]2C[C@H]3CC[C@@H](C2)N3C)[C@]2(C)[C@H](C)CC[C@]3(CCC(=O)[C@H]32)[C@@H](C)[C@@H]1O,0.397,50.996,49.988,1.008
CN(CCN1CCC(OC(=O)Nc2ccccc2-c2ccccc2)CC1)C(=O)c1ccc(CN2CCC(C(N)=O)CC2)cc1,0.347,27.298,50.187,-22.89
CN(C)C(=O)c1cc2cnc(Nc3ccc(N4CCNCC4)cn3)nc2n1C1CCCC1,0.638,15.947,49.029,-33.082
Cc1cc2nc3c(=O)[nH]c(=O)nc-3n(C[C@H](O)[C@H](O)[C@H](O)CO)c2cc1C,0.328,39.614,50.26,-10.646
CO[C@H]1/C=C/O[C@@]2(C)Oc3c(C)c(O)c4c(O)c(c(/C=N/N5CCN(C6CCCC6)CC5)c(O)c4c3C2=O)NC(=O)/C(C)=C\C=C\[C@H](C)[C@H](O)[C@@H](C)[C@@H](O)[C@@H](C)[C@H](OC(C)=O)[C@@H]1C,0.093,25.169,51.197,-26.028
Cc1cc(/C=C/C#N)cc(C)c1Nc1ccnc(Nc2ccc(C#N)cc2)n1,0.617,27.88,49.11,-21.231
CC(N)C12CC3CC(CC(C3)C1)C2,0.657,70.067,48.951,21.116
N[C@@H]1c2cccnc2[C@H](OC(=O)N2CCC(n3c(=O)[nH]c4ncccc43)CC2)CC[C@H]1c1cccc(F)c1F,0.374,15.702,50.078,-34.377
Cc1c(C(=O)NN2CCCCC2)nn(-c2ccc(Cl)cc2Cl)c1-c1ccc(Cl)cc1,0.521,18.735,49.495,-30.76
CCn1c(=O)c(-c2cc(NC(=O)Nc3ccccc3)c(F)cc2Br)cc2cnc(NC)cc21,0.323,15.104,50.281,-35.177
Cc1cn2nc(-c3cc(=O)n4cc(N5CCNC6(CC6)C5)ccc4n3)cc(C)c2n1,0.553,22.319,49.366,-27.047
C[C@@H](NCCc1ccc(O)cc1)[C@@H](O)c1ccc(O)cc1,0.658,48.223,48.95,-0.727
O=C(NC[C@H]1CN(c2ccc(N3CCOCC3=O)cc2)C(=O)O1)c1ccc(Cl)s1,0.779,19.822,48.468,-28.645
C[C@@H](OC[C@@]1(c2ccccc2)CC[C@]2(CCC(=O)N2)CN1)c1cc(C(F)(F)F)cc(C(F)(F)F)c1,0.516,26.608,49.514,-22.905
O=C(O)c1c(Cl)c(Cl)c(Cl)c(Cl)c1-c1c2cc(I)c(=O)c(I)c-2oc2c(I)c(O)c(I)cc12,0.091,37.201,51.204,-14.003
O=C(O)c1c(Cl)c(Cl)c(Cl)c(Cl)c1-c1c2cc([131I])c(=O)c([131I])c-2oc2c([131I])c(O)c([131I])cc12,0.091,35.7,51.204,-15.504
CCn1cc(C(=O)O)c(=O)c2ccc(-c3ccncc3)cc21,0.806,24.387,48.361,-23.974
CCCN(CCc1cccs1)[C@H]1CCc2c(O)cccc2C1,0.86,24.801,48.145,-23.344
Cc1nc(C(=O)NCC(=O)O)c(O)c2ccc(Oc3ccccc3)cc12,0.651,35.156,48.976,-13.819
[Rb],0.376,76.271,50.07,26.202
[82Rb+],0.292,83.77,50.404,33.366
C[C@@H]1O[C@@H](OC[C@H]2O[C@@H](Oc3c(-c4ccc(O)c(O)c4)oc4cc(O)cc(O)c4c3=O)[C@H](O)[C@@H](O)[C@@H]2O)[C@H](O)[C@H](O)[C@H]1O,0.14,41.023,51.01,-9.987
CCOC(=O)[C@H](C)C[C@@H](Cc1ccc(-c2ccccc2)cc1)NC(=O)CCC(=O)O,0.548,49.724,49.385,0.339
C[C@H](NCc1ccc(OCc2cccc(F)c2)cc1)C(N)=O,0.825,36.198,48.285,-12.087
O=P([O-])(O)CN(CCN(CP(=O)([O-])O)CP(=O)(O)O)CP(=O)([O-])O.[153Sm+3],0.146,58.885,50.984,7.901
NC(=O)c1ccc2c(c1O)[C@]13CCN(CC4CC4)[C@H](C2)[C@]1(O)CCC(=O)C3,0.743,44.455,48.612,-4.157
C[C@H](O)[C@H](O)[C@H]1CNc2nc(N)[nH]c(=O)c2N1,0.363,60.064,50.123,9.942
CON(C)Cc1ccc(O)c2c1C[C@H]1C[C@H]3[C@H](N(C)C)C(O)=C(C(N)=O)C(=O)[C@@]3(O)C(O)=C1C2=O,0.283,44.026,50.439,-6.413
N#C[C@@H]1C[C@@H]2C[C@@H]2N1C(=O)[C@@H](N)C12CC3CC(CC(O)(C3)C1)C2,0.8,62.5,48.386,14.114
C=C1C[C@H]2[C@@H]3CCC4=CC(=O)CC[C@@H]4[C@H]3CC[C@]2(C)[C@@]1(OC(C)=O)C(C)=O,0.54,60.907,49.418,11.489
O=[Se](=O)(O)O,0.397,85.172,49.988,35.184
O=[Se](O)O,0.386,82.521,50.029,32.493
S=[Se]=S,0.462,72.871,49.728,23.143
C[Se]CC[C@H](N)C(=O)O,0.62,81.61,49.101,32.509
C[75Se]CC[C@H](N)C(=O)O,0.614,80.415,49.124,31.291
CC(C)N(CCCCOCC(=O)NS(C)(=O)=O)c1cnc(-c2ccccc2)c(-c2ccccc2)n1,0.38,23.146,50.056,-26.91
O=C(/C=C\n1cnc(-c2cc(C(F)(F)F)cc(C(F)(F)F)c2)n1)NNc1cnccn1,0.357,27.037,50.148,-23.11
COc1ccc(CN2C3CC2CN(c2ccc(-c4cc(OCC(C)(C)O)cn5ncc(C#N)c45)cn2)C3)cn1,0.37,25.0,50.093,-25.093
Cn1cnc2c(F)c(Nc3ccc(Br)cc3Cl)c(C(=O)NOCCO)cc21,0.389,10.049,50.018,-39.969
CC[C@H](C)[C@H](NC(=O)[C@H](Cc1ccccc1)NC(=O)[C@H](CCC(=O)O)NC(=O)[C@H](CCCCNC(=O)COCCOCCNC(=O)COCCOCCNC(=O)CC[C@@H](NC(=O)CCCCCCCCCCCCCCCCC(=O)O)C(=O)O)NC(=O)[C@H](C)NC(=O)[C@H](C)NC(=O)[C@H](CCC(N)=O)NC(=O)CNC(=O)[C@H](CCC(=O)O)NC(=O)[C@H](CC(C)C)NC(=O)[C@H](Cc1ccc(O)cc1)NC(=O)[C@H](CO)NC(=O)[C@H](CO)NC(=O)[C@@H](NC(=O)[C@H](CC(=O)O)NC(=O)[C@H](CO)NC(=O)[C@@H](NC(=O)[C@H](Cc1ccccc1)NC(=O)[C@@H](NC(=O)CNC(=O)[C@H](CCC(=O)O)NC(=O)C(C)(C)NC(=O)[C@@H](N)Cc1cnc[nH]1)[C@@H](C)O)[C@@H](C)O)C(C)C)C(=O)N[C@@H](C)C(=O)N[C@@H](Cc1c[nH]c2ccccc12)C(=O)N[C@@H](CC(C)C)C(=O)N[C@H](C(=O)N[C@@H](CCCNC(=N)N)C(=O)NCC(=O)N[C@@H](CCCNC(=N)N)C(=O)NCC(=O)O)C(C)C,0.01,46.477,51.527,-5.05
COC(=O)[C@H](c1ccccc1)[C@H]1CCCCN1C(=O)OC[n+]1cccc(C(=O)N[C@@H](CO)C(=O)[O-])c1,0.353,43.091,50.16,-7.069
Clc1ccc(C(Cn2ccnc2)OCc2csc3c(Cl)cccc23)c(Cl)c1,0.324,7.23,50.277,-43.047
CC(=O)N[C@@H](CCCN=C(N)N)C(=O)N[C@H]1CSSC[C@@H](C(N)=O)NC(=O)[C@H](Cc2c[nH]c3ccccc23)NC(=O)[C@H](CCCN=C(N)N)NC(=O)[C@@H](Cc2ccccc2)NC(=O)[C@H](Cc2cnc[nH]2)NC(=O)[C@@H](C)NC1=O,0.02,26.088,51.485,-25.397
C=CCN.ClCC1CO1,0.358,58.701,50.143,8.558
O[SiH3],0.322,81.204,50.285,30.919
O.O=[Si]([O-])[O-].O=[Si]([O-])[O-].O=[Si]([O-])[O-].[Al+3].[Al+3].[Mg+2].[Mg+2].[O-2].[O-2],0.359,66.023,50.137,15.887
[Ag],0.383,84.053,50.043,34.01
O=[N+]([O-])[O-].[Ag+],0.286,77.106,50.429,26.677
Nc1ccc(S(=O)(=O)[N-]c2ncccn2)cc1.[Ag+],0.662,54.059,48.933,5.126
COc1ccc2c(O[C@@H]3C[C@H]4C(=O)N[C@]5(C(=O)NS(=O)(=O)C6CC6)C[C@@H]5/C=C\CCCCN(C)C(=O)[C@@H]4C3)cc(-c3nc(C(C)C)cs3)nc2c1C,0.294,24.081,50.397,-26.317
CC(C)C[C@H](NC(=O)[C@H](CC(C)C)NC(=O)[C@H](CC(C)C)NC(=O)[C@H](CC(C)C)NC(=O)[C@H](CCCCN)NC(=O)[C@H](CC(C)C)NC(=O)[C@H](CC(C)C)NC(=O)[C@H](CC(C)C)NC(=O)[C@H](CC(C)C)NC(=O)[C@H](CCCCN)NC(=O)[C@H](CC(C)C)NC(=O)[C@H](CC(C)C)NC(=O)[C@H](CC(C)C)NC(=O)[C@H](CC(C)C)NC(=O)[C@H](CCCCN)NC(=O)[C@H](CC(C)C)NC(=O)[C@H](CC(C)C)NC(=O)[C@H](CC(C)C)NC(=O)[C@H](CC(C)C)NC(=O)[C@@H](N)CCCCN)C(=O)N[C@@H](CCCCN)C(=O)O,0.029,69.501,51.45,18.051
CSCC[C@H](NC(=O)[C@H](Cc1ccc(OS(=O)(=O)O)cc1)NC(=O)[C@@H](N)CC(=O)O)C(=O)NCC(=O)N[C@@H](Cc1c[nH]c2ccccc12)C(=O)N[C@@H](CCSC)C(=O)N[C@@H](CC(=O)O)C(=O)N[C@@H](Cc1ccccc1)C(N)=O,0.025,35.095,51.467,-16.372
CCc1cc(/C(C)=N/OCc2ccc(C3CCCCC3)c(C(F)(F)F)c2)ccc1CN1CC(C(=O)O)C1,0.295,33.9,50.392,-16.492
Cc1cc2c(cc1CC(=O)c1sccc1S(=O)(=O)Nc1onc(C)c1Cl)OCO2,0.561,16.299,49.334,-33.035
CCCCCCCCCCCCCCCC(=O)OC[C@H](COP(=O)([O-])OCC(O)CO)OC(=O)CCCCCCCCCCCCCCC.[Na+],0.032,47.381,51.437,-4.057
CC(=O)[O-].[Na+],0.278,90.97,50.461,40.508
O=C1O[C@H]([C@@H](O)CO)C([O-])=C1O.[Na+],0.301,80.683,50.368,30.316
O=C([O-])CC([S][Au])C(=O)[O-].[Na+].[Na+],0.446,82.047,49.792,32.254
O.O.O=S(=O)([O-])[S-].O=S(=O)([O-])[S-].[Au+].[Na+].[Na+].[Na+],0.129,74.51,51.051,23.459
O=S([O-])O.[Na+],0.254,86.55,50.554,35.996
[Na+].[Na+].[O-]B1OB2OB([O-])OB(O1)O2,0.359,68.474,50.137,18.337
CC1(C)[C@H]2CC[C@@]1(CS(=O)(=O)[O-])C(=O)C2.[Na+],0.419,66.437,49.899,16.538
[Na+].[Na+].[O]=[51Cr](=[O])([O-])[O-],0.33,86.336,50.253,36.083
O=C([O-])C[N+]12CC[N+]34CC(=O)[O][Fe-2]13([O]C(=O)C2)[O]C(=O)C4.[Na+],0.442,60.555,49.807,10.747
O=C([O-])[C@H](O)[C@@H](O)[C@H](O)[C@H](O)CO.OC[C@H]1O[C@@](CO)(O[C@H]2O[C@H](CO)[C@@H](O)[C@H](O)[C@H]2O)[C@@H](O)[C@@H]1O.OC[C@H]1O[C@@](CO)(O[C@H]2O[C@H](CO)[C@@H](O)[C@H](O)[C@H]2O)[C@@H](O)[C@@H]1O.OC[C@H]1O[C@@](CO)(O[C@H]2O[C@H](CO)[C@@H](O)[C@H](O)[C@H]2O)[C@@H](O)[C@@H]1O.OC[C@H]1O[C@@](CO)(O[C@H]2O[C@H](CO)[C@@H](O)[C@H](O)[C@H]2O)[C@@H](O)[C@@H]1O.OC[C@H]1O[C@@](CO)(O[C@H]2O[C@H](CO)[C@@H](O)[C@H](O)[C@H]2O)[C@@H](O)[C@@H]1O.[Fe+3].[Fe+3].[Na+].[O-2].[O-2].[O-2],0.03,77.941,51.447,26.494
O=P([O-])([O-])OCC(O)CO.[Na+].[Na+],0.356,81.311,50.15,31.162
[Na+].[OH-],0.262,85.654,50.523,35.131
CCCCCCCCCCCCOC(=O)CS(=O)(=O)[O-].[Na+],0.205,70.175,50.749,19.426
O=C([O-])CCCO.[Na+],0.388,88.067,50.024,38.043
O=[32P]([O-])([O-])O.[Na+].[Na+],0.269,89.308,50.494,38.813
O=P([O-])([O-])O.[Na+].[Na+],0.269,89.216,50.497,38.719
O=P([O-])(O)O.[Na+],0.249,88.312,50.575,37.736
O.O.O.O.O.O.O.O.O.O=C([O-])[C@@H]1[O][Sb]2([O-])([O][Sb]34([OH])[O][C@H]([C@H](O)CO)[C@H]([O]3)[C@H](C(=O)[O-])[O]4)[O][C@H]([C@H](O)CO)[C@@H]1[O]2.[Na+].[Na+].[Na+],0.141,66.085,51.004,15.081
[Na+].[Na+].[S-2],0.253,83.869,50.559,33.31
O=C([O-])[C@H](O)[C@@H](O)C(=O)[O-].[Na+].[Na+],0.43,94.776,49.855,44.921
CCCCC(CC)CCC(CC(C)C)OS(=O)(=O)[O-].[Na+],0.322,64.216,50.284,13.932
[Na+].[Na+].[O-][Si]1([O-])O[Si]([O-])([O-])O[Si]([O-])([O-])O1.[Zr],0.379,74.326,50.06,24.266
CC(C)OC(=O)[C@H](C)N[P@](=O)(OC[C@H]1O[C@@H](n2ccc(=O)[nH]c2=O)[C@](C)(F)[C@@H]1O)Oc1ccccc1,0.305,36.229,50.351,-14.123
NC(=O)OC[C@H](N)Cc1ccccc1,0.738,70.818,48.63,22.188
C[C@H](N)C(=O)NCC(=O)N[C@H]1CSSC[C@@H](C(=O)O)NC(=O)[C@H](CO)NC(=O)[C@H]([C@@H](C)O)NC(=O)[C@H](Cc2ccccc2)NC(=O)[C@H]([C@@H](C)O)NC(=O)[C@H](CCCCN)NC(=O)[C@H](Cc2c[nH]c3ccccc23)NC(=O)[C@H](Cc2ccccc2)NC(=O)[C@H](Cc2ccccc2)NC(=O)[C@H](CC(N)=O)NC(=O)[C@H](CCCCN)NC1=O,0.018,48.146,51.493,-3.346
Cc1c(C(=O)Nc2ccc(N3C[C@@H](C)O[C@@H](C)C3)nc2)cccc1-c1ccc(OC(F)(F)F)cc1,0.493,27.114,49.604,-22.49
CCOc1ccc(Cc2cc([C@@H]3O[C@H](SC)[C@@H](O)[C@H](O)[C@H]3O)ccc2Cl)cc1,0.661,43.306,48.939,-5.633
C=CC(=O)N1CCN(c2nc(=O)n(-c3c(C)ccnc3C(C)C)c3nc(-c4c(O)cccc4F)c(F)cc23)[C@@H](C)C1,0.359,19.409,50.138,-30.729
CC[C@H]1CCC[C@H](O[C@H]2CC[C@H](N(C)C)[C@@H](C)O2)[C@@H](C)C(=O)C2=C[C@@H]3[C@@H](C=C(C)[C@@H]4C[C@@H](O[C@@H]5O[C@@H](C)[C@H](OC)[C@@H](OC)[C@H]5OC)C[C@@H]34)[C@@H]2CC(=O)O1.CC[C@H]1CCC[C@H](O[C@H]2CC[C@H](N(C)C)[C@@H](C)O2)[C@@H](C)C(=O)C2=C[C@@H]3[C@@H](C=C[C@@H]4C[C@@H](O[C@@H]5O[C@@H](C)[C@H](OC)[C@@H](OC)[C@H]5OC)C[C@@H]34)[C@@H]2CC(=O)O1,0.092,40.977,51.2,-10.222
CO[C@@H]1[C@@H](O[C@@H]2O[C@H](C)[C@@H](O[C@H]3C[C@@](C)(O)[C@@H](O)[C@H](C)O3)[C@H](N(C)C)[C@H]2O)[C@@H](CC=O)C[C@@H](C)[C@@H](O[C@H]2CC[C@H](N(C)C)[C@@H](C)O2)/C=C/C=C/C[C@@H](C)OC(=O)C[C@H]1O,0.175,59.605,50.87,8.734
CCOC(=O)[C@H](CCc1ccccc1)N[C@@H](C)C(=O)N1CC2(C[C@H]1C(=O)O)SCCS2,0.536,50.214,49.435,0.78
CC(C)=CCC/C(C)=C/CC/C(C)=C/CC/C=C(\C)CC/C=C(\C)CCC=C(C)C,0.186,52.237,50.826,1.41
[F][Sn][F],0.447,78.171,49.786,28.385
C[C@]12Cc3c[nH]nc3C[C@@H]1CC[C@@H]1[C@@H]2CC[C@@]2(C)[C@H]1CC[C@]2(C)O,0.752,50.23,48.574,1.656
[Cl-].[Cl-].[Sr+2],0.308,75.237,50.341,24.896
[89Sr+2].[Cl-].[Cl-],0.309,75.222,50.337,24.885
N#Cc1c(N(CC(=O)[O-])CC(=O)[O-])sc(C(=O)[O-])c1CC(=O)[O-].[Sr+2].[Sr+2],0.303,55.76,50.362,5.398
O=C(O)[C@@H](S)[C@@H](S)C(=O)O,0.454,74.226,49.76,24.467
O.O=S(=O)(OC[C@H]1O[C@@](COS(=O)(=O)[O][Al]([OH])[OH])(O[C@H]2O[C@H](COS(=O)(=O)[O][Al]([OH])[OH])[C@@H](OS(=O)(=O)[O][Al]([OH])[OH])[C@H](OS(=O)(=O)[O][Al]([OH])[OH])[C@H]2OS(=O)(=O)[O][Al]([OH])[OH])[C@@H](OS(=O)(=O)[O][Al]([OH])[OH])[C@@H]1OS(=O)(=O)[O][Al]([OH])[OH])[O][Al]([OH])[OH].[OH][Al]([OH])[OH],0.026,58.732,51.463,7.269
Clc1ccc(CSC(Cn2ccnc2)c2ccc(Cl)cc2Cl)cc1,0.471,14.017,49.692,-35.676
O=S(O)CNc1ccc(S(=O)(=O)c2ccc(NCS(=O)O)cc2)cc1,0.489,45.818,49.622,-3.804
CC1(C)S[C@@H]2[C@H](NC(=O)[C@H](N)c3ccccc3)C(=O)N2[C@H]1C(=O)OCOC(=O)[C@@H]1N2C(=O)C[C@H]2S(=O)(=O)C1(C)C,0.234,50.123,50.636,-0.513
Cc1ccc(-n2nccn2)c(C(=O)N2CCN(c3nc4cc(Cl)ccc4o3)CC[C@H]2C)c1,0.467,18.536,49.709,-31.173
O=C(O)c1ccc2nc(-c3cc(Cl)cc(Cl)c3)oc2c1,0.757,39.185,48.557,-9.372
COc1cc(C)c2c(Oc3cccc(C(F)(F)F)c3)c(OC)cc(NC(C)CCCN)c2n1,0.411,22.289,49.932,-27.644
CC(C)OC(=O)CCC/C=C\C[C@@H]1[C@@H](/C=C/C(F)(F)COc2ccccc2)[C@H](O)C[C@@H]1O,0.274,50.858,50.478,0.38
Cn1ncnc1[C@H]1c2n[nH]c(=O)c3cc(F)cc(c23)N[C@@H]1c1ccc(F)cc1,0.558,22.365,49.346,-26.981
[Mg+2].[Mg+2].[Mg+2].[O-2].[O-2].[O-2].[O-2].[O-2].[O-2].[O-2].[O-2].[O-2].[O-2].[OH-].[OH-].[Si+4].[Si+4].[Si+4].[Si+4],0.377,73.039,50.065,22.974
O=C(OC[C@H]1OC(OC(=O)c2cc(O)c(O)c(OC(=O)c3cc(O)c(O)c(O)c3)c2)[C@H](OC(=O)c2cc(O)c(O)c(OC(=O)c3cc(O)c(O)c(O)c3)c2)[C@@H](OC(=O)c2cc(O)c(O)c(OC(=O)c3cc(O)c(O)c(O)c3)c2)[C@@H]1OC(=O)c1cc(O)c(O)c(OC(=O)c2cc(O)c(O)c(O)c2)c1)c1cc(O)c(O)c(OC(=O)c2cc(O)c(O)c(O)c2)c1,0.02,47.197,51.486,-4.29
CC(C)c1c(O)cc(/C=C/c2ccccc2)cc1O,0.797,47.718,48.396,-0.678
CCC(=O)NC[C@@H]1C[C@H]1c1cccc2c1CCO2,0.883,33.961,48.054,-14.093
C[C@H](CCC(=O)NCCS(=O)(=O)O)[C@H]1CC[C@H]2[C@@H]3[C@H](O)C[C@@H]4C[C@H](O)CC[C@]4(C)[C@H]3C[C@H](O)[C@]12C,0.327,61.65,50.263,11.386
O=S1(=O)CCN(CN2CCS(=O)(=O)NC2)CN1,0.574,51.21,49.285,1.926
C[C@H](CCC(=O)NCCS(=O)(=O)O)[C@H]1CC[C@H]2[C@@H]3[C@@H](O)C[C@@H]4C[C@H](O)CC[C@]4(C)[C@H]3CC[C@]12C,0.398,58.479,49.982,8.497
OB1OCc2cc(F)ccc21,0.532,57.966,49.452,8.514
CCN(c1cc(-c2ccc(CN3CCOCC3)cc2)cc(C(=O)NCc2c(C)cc(C)[nH]c2=O)c1C)C1CCOCC1,0.386,19.21,50.032,-30.823
CC(C)c1cccc(C(C)C)c1NC(=O)CN(CC(=O)O)CC(=O)O.[99Tc],0.535,60.662,49.44,11.222
CC(O)(P(=O)(O)O)P(=O)(O)O.[99Tc],0.413,81.556,49.923,31.633
Cc1cc(C)c(NC(=O)CN(CC(=O)O)CC(=O)O)c(C)c1Br.[Tc],0.544,55.576,49.402,6.174
O.O.O=P([O-])([O-])CP(=O)([O-])[O-].[98Tc+4],0.459,82.567,49.74,32.827
O=P(O)(O)C(O)P(=O)(O)O.[99Tc],0.395,81.625,49.994,31.632
O.O.O.O.[98Tc-],0.361,87.331,50.132,37.2
O=P([O-])([O-])OP(=O)([O-])[O-].[99Tc+4],0.479,81.342,49.66,31.682
[C-]#[N+]CC(C)(C)OC.[C-]#[N+]CC(C)(C)OC.[C-]#[N+]CC(C)(C)OC.[C-]#[N+]CC(C)(C)OC.[C-]#[N+]CC(C)(C)OC.[C-]#[N+]CC(C)(C)OC.[Tc+],0.187,57.95,50.821,7.13
O=C(O)[C@@H](S)[C@@H](S)C(=O)O.[99Tc],0.538,72.572,49.426,23.146
S1SSSSSSS1.[99Tc],0.538,65.418,49.426,15.992
CCOCCP(CCOCC)CCP(CCOCC)CCOCC.CCOCCP(CCOCC)CCP(CCOCC)CCOCC.O.O.[98Tc],0.05,59.222,51.365,7.857
O=C(NN1C(=O)[C@@H]2[C@@H]3C=C[C@@H]([C@H]4C[C@@H]34)[C@@H]2C1=O)c1ccc(C(F)(F)F)cc1,0.637,41.881,49.034,-7.152
Cn1nnc(-c2ccc(-c3ccc(N4C[C@H](COP(=O)(O)O)OC4=O)cc3F)cn2)n1,0.529,24.709,49.464,-24.755
O=c1[nH]c(=O)n(C2CCCO2)cc1F.O=c1cc[nH]c(=O)[nH]1,0.625,45.113,49.082,-3.968
CCCCCCCCCC(=O)N[C@H]1[C@H](Oc2c3cc4cc2Oc2ccc(cc2Cl)[C@@H](O[C@@H]2O[C@H](CO)[C@@H](O)[C@H](O)[C@H]2NC(C)=O)[C@@H]2NC(=O)[C@H](NC(=O)[C@@H]4NC(=O)[C@H]4NC(=O)[C@@H](Cc5ccc(c(Cl)c5)O3)NC(=O)[C@H](N)c3ccc(O)c(c3)Oc3cc(O)cc4c3)c3ccc(O)c(c3)-c3c(OC4O[C@H](CO)[C@@H](O)[C@H](O)[C@@H]4O)cc(O)cc3[C@@H](C(=O)O)NC2=O)O[C@H](CO)[C@@H](O)[C@@H]1O,0.048,44.301,51.376,-7.074
Cc1cn([C@@H]2C[C@@H](O)[C@H](CO)O2)c(=O)[nH]c1=O,0.584,62.868,49.242,13.625
CCOC(=O)[C@@H](N)Cc1ccc(-c2cc(O[C@H](c3ccc(Cl)cc3-n3ccc(C)n3)C(F)(F)F)nc(N)n2)cc1,0.267,20.818,50.502,-29.684
CN1Cc2c(Cl)cc(Cl)cc2[C@H](c2cccc(S(=O)(=O)NCCOCCOCCNC(=O)NCCCCNC(=O)NCCOCCOCCNS(=O)(=O)c3cccc([C@@H]4CN(C)Cc5c(Cl)cc(Cl)cc54)c3)c2)C1,0.034,13.741,51.431,-37.69
CC(C)OC(=O)[C@H](C)N[P@](=O)(CO[C@H](C)Cn1cnc2c(N)ncnc21)Oc1ccccc1,0.313,19.593,50.321,-30.728
CC(C)OC(=O)OCOP(=O)(CO[C@H](C)Cn1cnc2c(N)ncnc21)OCOC(=O)OC(C)C,0.231,24.969,50.647,-25.677
CN1CCC(COc2cnc(-c3cccc(Cn4nc(-c5cccc(C#N)c5)ccc4=O)c3)nc2)CC1,0.385,18.704,50.036,-31.332
C/C(O)=C(\C#N)C(=O)Nc1ccc(C(F)(F)F)cc1,0.493,47.212,49.607,-2.395
O=C1NOCC1/N=C/c1ccc(/C=N/C2CONC2=O)cc1,0.724,54.764,48.687,6.077
CC(C)(O)[C@H]1CC[C@@](C)(O)CC1.O,0.644,78.248,49.006,29.242
C[C@]12CC[C@H]3[C@@H](CCC4=CC(=O)CC[C@@]43C)[C@@H]1CC[C@@H]2OC(=O)CCC1CCCC1,0.502,60.968,49.57,11.398
CCCCCCC(=O)O[C@H]1CC[C@H]2[C@@H]3CCC4=CC(=NNC(=O)C(O)(c5ccccc5)c5ccccc5)CC[C@]4(C)[C@H]3CC[C@]12C,0.158,43.076,50.936,-7.86
CCCCCCC(=O)O[C@H]1CC[C@H]2[C@@H]3CCC4=CC(=O)CC[C@]4(C)[C@H]3CC[C@]12C,0.383,60.187,50.044,10.143
CCCCCCCCCCC(=O)O[C@H]1CC[C@H]2[C@@H]3CCC4=CC(=O)CC[C@]4(C)[C@H]3CC[C@]12C,0.247,59.635,50.582,9.053
O.O=O.[O-][Cl+][O-].[O-][Cl+][O-].[O-][Cl+][O-].[O-][Cl+][O-],0.407,79.718,49.948,29.77
CSCC[C@H](NC(=O)[C@H](CO)NC(=O)[C@H](Cc1ccc(O)cc1)NC(=O)[C@@H](N)CO)C(=O)N[C@@H](CCC(=O)O)C(=O)N[C@@H](Cc1cnc[nH]1)C(=O)N[C@@H](Cc1ccccc1)C(=O)N[C@@H](CCCNC(=N)N)C(=O)N[C@@H](Cc1c[nH]c2ccccc12)C(=O)NCC(=O)N[C@@H](CCCCN)C(=O)N1CCC[C@H]1C(=O)N[C@H](C(=O)NCC(=O)N[C@@H](CCCCN)C(=O)N[C@@H](CCCCN)C(=O)N[C@@H](CCCNC(=N)N)C(=O)N[C@@H](CCCNC(=N)N)C(=O)N1CCC[C@H]1C(=O)N[C@H](C(=O)N[C@@H](CCCCN)C(=O)N[C@H](C(=O)N[C@@H](Cc1ccc(O)cc1)C(=O)N1CCC[C@H]1C(=O)O)C(C)C)C(C)C)C(C)C,0.01,47.335,51.527,-4.192
CN(C)[C@@H]1C(O)=C(C(N)=O)C(=O)[C@@]2(O)C(O)=C3C(=O)c4c(O)cccc4[C@@](C)(O)[C@H]3C[C@@H]12.CN(C)[C@@H]1C(O)=C(C(N)=O)C(=O)[C@@]2(O)C(O)=C3C(=O)c4c(O)cccc4[C@@](C)(O)[C@H]3C[C@@H]12.CN(C)[C@@H]1C(O)=C(C(N)=O)C(=O)[C@@]2(O)C(O)=C3C(=O)c4c(O)cccc4[C@@](C)(O)[C@H]3C[C@@H]12.CN(C)[C@@H]1C(O)=C(C(N)=O)C(=O)[C@@]2(O)C(O)=C3C(=O)c4c(O)cccc4[C@@](C)(O)[C@H]3C[C@@H]12.CN(C)[C@@H]1C(O)=C(C(N)=O)C(=O)[C@@]2(O)C(O)=C3C(=O)c4c(O)cccc4[C@@](C)(O)[C@H]3C[C@@H]12.O=P(=O)O.O=P(=O)O.O=P(=O)O.O=P(=O)O.O=P(=O)O.O=P(=O)[O-].[Na+],0.036,47.227,51.423,-4.196
CCCCC(CC)CCC(CC(C)C)OS(=O)(=O)O,0.58,63.649,49.261,14.388
O.O.O.O.O.O.O.O.O.O.O=C([O-])CC([O-])(CC(=O)[O-])C(=O)[O-].O=C([O-])CC([O-])(CC(=O)[O-])C(=O)[O-].O=C([O-])CC([O-])(CC(=O)[O-])C(=O)[O-].[Fe+3].[Fe+3].[Fe+3].[Fe+3],0.138,72.656,51.018,21.638
F[B-](F)(F)F.[C-]#[N+]CC(C)(C)OC.[C-]#[N+]CC(C)(C)OC.[C-]#[N+]CC(C)(C)OC.[C-]#[N+]CC(C)(C)OC.[Cu+],0.178,52.88,50.857,2.023
CCOCCP(CCOCC)CCP(CCOCC)CCOCC,0.249,59.957,50.575,9.382
c1ccc2c(c1)CCCC2C1=NCCN1,0.737,37.331,48.634,-11.302
CC(C)(CO)c1cc2cc(NC(=O)C3(c4ccc5c(c4)OC(F)(F)O5)CC3)c(F)cc2n1C[C@@H](O)CO,0.362,18.689,50.125,-31.436
[Cl-].[Tl+],0.387,70.581,50.025,20.556
[Cl][201Tl],0.531,66.559,49.454,17.106
C[CH2][Hg][S]c1ccccc1C(=O)[O-].[Na+],0.579,72.197,49.265,22.932
O=S(O)(O)=S,0.453,80.147,49.765,30.382
C[C@@H](O)[C@H](N)C(=O)O,0.425,91.866,49.875,41.991
CCCSc1nc(N[C@@H]2C[C@H]2c2ccc(F)c(F)c2)c2nnn([C@@H]3C[C@H](OCCO)[C@@H](O)[C@H]3O)c2n1,0.231,20.512,50.647,-30.135
CNC(=N)NCCC[C@H](N)C(=O)O,0.214,73.223,50.714,22.509
O=P(O)(O)C(Sc1ccc(Cl)cc1)P(=O)(O)O,0.496,54.274,49.594,4.68
N=C1CCCN1Cc1[nH]c(=O)[nH]c(=O)c1Cl,0.696,43.321,48.799,-5.477
CCC[C@@]1(CCc2ccccc2)CC(O)=C([C@H](CC)c2cccc(NS(=O)(=O)c3ccc(C(F)(F)F)cn3)c2)C(=O)O1,0.223,27.528,50.679,-23.152
O=C(Cc1ccc(-c2ccc(OCCN3CCOCC3)cc2)cn1)NCc1ccccc1,0.563,25.613,49.326,-23.713
COc1cc2nccc(Oc3ccc(NC(=O)Nc4cc(C)on4)c(Cl)c3)c2cc1OC,0.388,22.457,50.023,-27.566
C[C@@H]1CCN(C(=O)CC#N)C[C@@H]1N(C)c1ncnc2[nH]ccc12,0.928,30.331,47.874,-17.543
Cc1ccccc1C(=O)Nc1ccc(C(=O)N2CCC[C@@H](O)c3cc(Cl)ccc32)c(C)c1,0.541,19.638,49.415,-29.776
CC(C)OC(=O)CCC/C=C\C[C@@H]1[C@@H](/C=C/[C@@H](O)COc2cccc(C(F)(F)F)c2)[C@H](O)C[C@@H]1O,0.223,46.814,50.677,-3.863
CCCCC[C@H](O)CC[C@@H]1[C@H]2Cc3cccc(OCC(=O)O)c3C[C@H]2C[C@H]1O,0.532,55.178,49.452,5.726
CC1=C(/C=C/C(C)=C/C=C/C(C)=C/C(=O)O)C(C)(C)CCC1,0.53,56.388,49.46,6.928
CSc1nc2cc(Oc3cccc(Cl)c3Cl)c(Cl)cc2[nH]1,0.579,21.814,49.262,-27.448
CC(C)(C)c1cc(-c2cc(-c3ccc(C(=O)O)cc3)ccc2OCCO)ccc1N1CCCC1,0.454,33.824,49.759,-15.936
CN1CCN(c2ccc(Nc3ncc4cc5n(c4n3)C3(CCCCC3)CNC5=O)nc2)CC1,0.639,19.118,49.024,-29.906
C[C@]12CC[C@H]3[C@@H](CC[C@@]45O[C@@H]4C(O)=C(C#N)C[C@]35C)[C@@H]1CC[C@@H]2O,0.667,53.278,48.913,4.366
O=C1N(Cc2ccccc2)C2C[S+]3CCCC3C2N1Cc1ccccc1,0.599,31.036,49.183,-18.148
CC(C)C[C@H](NC(=O)[C@@H](Cc1c[nH]c2ccccc12)NC(=O)[C@H](Cc1ccc(O)cc1)NC(=O)[C@H](CO)NC(=O)[C@H](Cc1c[nH]c2ccccc12)NC(=O)[C@H](Cc1c[nH]cn1)NC(=O)[C@@H]1CCC(=O)N1)C(=O)N[C@@H](CCCNC(=N)N)C(=O)N1CCC[C@H]1C(=O)NCC(N)=O,0.012,27.252,51.518,-24.266
CCOc1c(N)c2c(c(OCC)c1OCC)C(C1c3c(cc4c(c3OC)OCO4)CCN1C)OC2=O,0.426,21.446,49.872,-28.426
O=C(O)c1ccccc1O.OCCN(CCO)CCO,0.452,72.61,49.769,22.841
CN(C)CCOCC(=O)NC12CC3CC(CC(C3)C1)C2,0.752,59.681,48.575,11.107
O=C(O[C@H]1C[C@H]2CC[C@@H](C1)[N+]21CCCC1)C(O)(c1ccccc1)c1ccccc1,0.636,53.768,49.035,4.733
Cc1cc(-c2ccc(/N=N/c3c(S(=O)(=O)O)cc4cc(S(=O)(=O)O)cc(N)c4c3O)c(C)c2)ccc1/N=N/c1c(S(=O)(=O)O)cc2cc(S(=O)(=O)O)cc(N)c2c1O,0.043,43.796,51.395,-7.599
COc1cc2c3cc1Oc1cc(ccc1O)C[C@@H]1c4c(cc(OC)c(O)c4Oc4ccc(cc4)C[C@@H]3N(C)CC2)CC[N+]1(C)C,0.245,36.213,50.591,-14.378
Cc1cc(Nc2ncnc3ccc(NC4=NC(C)(C)CO4)cc23)ccc1Oc1ccn2ncnc2c1,0.358,21.461,50.143,-28.682
CCCC(=O)Nc1c(I)cc(I)c(CC(CC)C(=O)O)c1I,0.417,45.772,49.905,-4.133
N[C@@H](Cc1ccc(O)cc1)C(=O)O,0.628,80.04,49.07,30.97
COC1=C(OC)C(=O)C(C/C=C(\C)CC/C=C(\C)CC/C=C(\C)CC/C=C(\C)CC/C=C(\C)CC/C=C(\C)CC/C=C(\C)CC/C=C(\C)CC/C=C(\C)CCC=C(C)C)=C(C)C1=O,0.051,49.234,51.36,-2.126
COc1c(O)c(C)c(C/C=C(\C)CC/C=C(\C)CC/C=C(\C)CC/C=C(\C)CC/C=C(\C)CC/C=C(\C)CC/C=C(\C)CC/C=C(\C)CC/C=C(\C)CCC=C(C)C)c(O)c1OC,0.058,44.7,51.336,-6.636
C[C@@H]1[C@H](c2ccccc2)C[C@H](NC(=O)c2cnc3c(c2)C[C@@]2(C3)C(=O)Nc3ncccc32)C(=O)N1CC(F)(F)F,0.518,23.79,49.504,-25.714
CCCOc1ccc(S(=O)(=O)NCCC2CCCN2C)cc1-c1nc(=O)c2c([nH]1)c(CCC)nn2C,0.402,14.645,49.968,-35.323
C[C@H]1C[C@H]2[C@@H]3C[C@H](F)C4=CC(=O)C=C[C@]4(C)[C@@]3(F)[C@@H](O)C[C@]2(C)[C@@]1(O)C(=O)CCl,0.663,59.482,48.931,10.551
CC(C)Oc1ccc(-c2nn([C@@H](C)c3oc4ccc(F)cc4c(=O)c3-c3cccc(F)c3)c3ncnc(N)c23)cc1F,0.238,24.877,50.619,-25.741
OC(c1ccccc1)(c1ccccc1)C12CC[N+](CCOCc3ccccc3)(CC1)CC2,0.398,46.186,49.984,-3.799
CCC(=O)OCCNC(=O)C[n+]1ccccc1.[Cl-],0.342,67.601,50.205,17.397
CCCCCCCC(=O)CC[C@@H]1[C@@H](C/C=C\CCCC(=O)O)[C@@H](O)C[C@H]1O,0.291,70.404,50.41,19.994
CC[C@@H]1CN(C(=O)NCC(F)(F)F)C[C@@H]1c1cnc2cnc3[nH]ccc3n12,0.733,27.099,48.649,-21.551
N[13C](N)=O,0.347,88.902,50.185,38.717
N[14C](N)=O,0.372,86.834,50.087,36.747
CC(=O)OC[C@H]1O[C@@H](n2ccc(=O)[nH]c2=O)[C@H](OC(C)=O)[C@@H]1OC(C)=O,0.502,53.002,49.568,3.434
O=C(O)C[C@@H]1CC[C@H](NC(=O)Cc2cccs2)B(O)O1,0.686,49.234,48.839,0.395
COc1cc2c(cc1OC)[C@H]1C[C@@H](OC(=O)[C@@H](N)C(C)C)[C@H](CC(C)C)CN1CC2,0.683,39.139,48.851,-9.712
CC(C)[C@H](N)C(=O)O,0.537,85.846,49.43,36.415
CCCC(CCC)C(=O)[O-].CCCC(CCC)C(=O)[O-].CCCC(CCC)C(=O)[O-].[Bi+3],0.254,74.403,50.553,23.849
CCCCC(=O)OCC(=O)[C@]1(O)Cc2c(O)c3c(c(O)c2[C@@H](O[C@H]2C[C@H](NC(=O)C(F)(F)F)[C@H](O)[C@H](C)O2)C1)C(=O)c1c(OC)cccc1C3=O,0.15,24.724,50.967,-26.243
COc1cc2c(Nc3ccc(Br)cc3F)ncnc2cc1OCC1CCN(C)CC1,0.542,19.547,49.412,-29.866
c1cnc2cc3c(cc2n1)C1CNCC3C1,0.722,36.106,48.696,-12.59
NC(=O)CCC1NC(=O)C(Cc2ccccc2)NC(=O)C(Cc2ccc(O)cc2)NC(=O)C(N)CSSCC(C(=O)N2CCCC2C(=O)NC(CCCN=C(N)N)C(=O)NCC(N)=O)NC(=O)C(CC(N)=O)NC1=O.NCCCCC(NC(=O)C1CCCN1C(=O)C1CSSCC(N)C(=O)NC(Cc2ccc(O)cc2)C(=O)NC(Cc2ccccc2)C(=O)NC(CCC(N)=O)C(=O)NC(CC(N)=O)C(=O)N1)C(=O)NCC(N)=O,0.009,45.573,51.531,-5.958
COC[C@H]1C[C@@H](c2ncc(-c3ccc4c(c3)COc3cc5c(ccc6nc([C@@H]7CC[C@H](C)N7C(=O)[C@@H](NC(=O)OC)C(C)C)[nH]c65)cc3-4)[nH]2)N(C(=O)[C@H](NC(=O)OC)c2ccccc2)C1,0.1,11.749,51.167,-39.418
CC1(C)CCC(CN2CCN(c3ccc(C(=O)NS(=O)(=O)c4ccc(NCC5CCOCC5)c([N+](=O)[O-])c4)c(Oc4cnc5[nH]ccc5c4)c3)CC2)=C(c2ccc(Cl)cc2)C1,0.076,13.848,51.261,-37.413
COC(=O)Nc1c(N)nc(-c2nn(Cc3ccccc3F)c3ncc(F)cc23)nc1N,0.451,23.085,49.772,-26.687
C=Cc1c(C)c2cc3nc(cc4[nH]c(cc5nc(cc1[nH]2)C(C)=C5CCC(=O)O)c(CCC(=O)OC)c4C)[C@@]1(C)C3=CC=C(C(=O)OC)[C@H]1C(=O)OC,0.159,22.84,50.932,-28.092
O=C(Nc1ccc(C[C@@H]2CC[C@H]([C@H](O)c3ccccc3)N2)cc1)[C@@H]1CCc2nccc(=O)n21,0.543,30.974,49.405,-18.431
OCc1cc([C@@H](O)CNCCCCCCOCCOCc2c(Cl)cccc2Cl)ccc1O,0.259,37.01,50.534,-13.524
N#Cc1ccc2[nH]cc(CCCCN3CCN(c4ccc5oc(C(N)=O)cc5c4)CC3)c2c1,0.422,14.721,49.889,-35.168
CC[C@]1(O)C[C@@H]2C[N@@](CCc3c([nH]c4ccccc34)[C@@](C(=O)OC)(c3cc4c(cc3OC)N(C=O)[C@H]3[C@@](O)(C(=O)OC)[C@H](OC(C)=O)[C@]5(CC)C=CCN6CC[C@]43[C@@H]65)C2)C1,0.131,30.699,51.044,-20.346
CC[C@]12C=CCN3CC[C@@]4(c5cc([C@@]6(C(=O)OC)C[C@@H]7C[C@@H](C(C)(F)F)C[N@](Cc8c6[nH]c6ccccc86)C7)c(OC)cc5N(C)[C@H]4[C@@](O)(C(=O)OC)[C@@H]1OC(C)=O)[C@@H]32,0.188,26.333,50.817,-24.484
N=C1N[C@@H](O)C[C@H]([C@@H]2NC(=O)/C(=C/NC(N)=O)NC(=O)[C@H](CO)NC(=O)[C@H](CO)NC(=O)[C@@H](NC(=O)C[C@@H](N)CCCN)CNC2=O)N1,0.095,57.828,51.187,6.64
C=C/C=C/C[C@@H](C)[C@@H](O)[C@H]1C(=O)N[C@@H](CC)C(=O)N(C)CC(=O)N(C)[C@@H](CC(C)C)C(=O)N[C@@H](C(C)C)C(=O)N(C)[C@@H](CC(C)C)C(=O)N[C@@H](C)C(=O)N[C@H](C)C(=O)N(C)[C@@H](CC(C)C)C(=O)N(C)[C@@H](CC(C)C)C(=O)N(C)[C@@H](C(C)C)C(=O)N1C,0.139,60.064,51.012,9.053
CNCc1cc(-c2ccccc2F)n(S(=O)(=O)c2cccnc2)c1,0.772,15.763,48.496,-32.733
CCOC(=O)N[C@@H]1CC[C@@H]2[C@@H](C1)C[C@H]1C(=O)O[C@H](C)[C@H]1[C@H]2/C=C/c1ccc(-c2cccc(F)c2)cn1,0.548,33.701,49.388,-15.687
Cc1ccc(Sc2ccccc2N2CCNCC2)c(C)c1,0.926,29.58,47.884,-18.304
CC(C)n1nccc1-c1ncccc1COc1cccc(O)c1C=O,0.695,25.046,48.802,-23.756
CC[C@@H]1[C@@H]2CN(C(=O)[C@H](C(C)(C)C)NC(=O)O[C@@H]3C[C@H]3CCCCC(F)(F)c3nc4ccc(OC)cc4nc3O2)[C@@H]1C(=O)N[C@]1(C(=O)NS(=O)(=O)C2(C)CC2)C[C@H]1C(F)F,0.304,26.9,50.357,-23.457
O,0.328,88.465,50.262,38.203
CN(CCO)CC(O)Cn1cnc2c1c(=O)n(C)c(=O)n2C,0.622,48.637,49.09,-0.454
[127Xe],0.429,85.271,49.859,35.412
[129Xe],0.431,85.271,49.85,35.421
[133Xe],0.436,85.401,49.833,35.569
O=C[C@H](O)[C@@H](O)[C@H](O)CO,0.326,85.279,50.27,35.009
[90Y],0.392,83.395,50.006,33.389
C=CC(=O)N1CCC([C@@H]2CCNc3c(C(N)=O)c(-c4ccc(Oc5ccccc5)cc4)nn32)CC1,0.524,18.612,49.481,-30.869
CC1=C(/C=C/C(C)=C/C=C/C(C)=C/C=C/C=C(C)/C=C/C=C(C)/C=C/C2=C(C)C[C@@H](O)CC2(C)C)C(C)(C)C[C@H](O)C1,0.257,44.37,50.542,-6.172
CSCC[C@@H]1NC(=O)[C@H](CC(C)C)NC(=O)[C@H](CCCNC(=N)N)NC(=O)[C@H](CO)NC(=O)[C@@H]2CSSC[C@@H]3NC(=O)[C@H](CO)NC(=O)CNC(=O)[C@H]([C@@H](C)O)NC(=O)[C@H](CSSC[C@H](N)C(=O)N[C@@H](CCCCN)C(=O)NCC(=O)N[C@@H](CCCCN)C(=O)NCC(=O)N[C@@H](C)C(=O)N[C@@H](CCCCN)C(=O)N2)NC(=O)[C@H](CSSC[C@@H](C(N)=O)NC(=O)[C@H](CCCCN)NC(=O)CNC(=O)[C@H](CO)NC(=O)[C@H](CCCNC(=N)N)NC3=O)NC(=O)[C@H](CC(=O)O)NC(=O)[C@H](Cc2ccc(O)cc2)NC1=O,0.013,54.504,51.515,2.989
[Zn],0.349,82.322,50.18,32.143
O=C1O[C@H]([C@@H](O)CO)C([O-])=C1O.O=C1O[C@H]([C@@H](O)CO)C([O-])=C1O.[Zn+2],0.187,77.711,50.821,26.891
O=C([O-])[C@H](O)[C@@H](O)[C@H](O)[C@H](O)CO.O=C([O-])[C@H](O)[C@@H](O)[C@H](O)[C@H](O)CO.[Zn+2],0.137,86.811,51.021,35.789
O=S(=O)([O-])c1ccc(O)cc1.O=S(=O)([O-])c1ccc(O)cc1.[Zn+2],0.537,71.492,49.43,22.062
O=S(=O)([O-])[O-].[Zn+2],0.25,78.447,50.571,27.876
[OH][Zr][Cl],0.511,76.731,49.532,27.199
C[C@H](CSC(=O)c1ccccc1)C(=O)N1C[C@@H](Sc2ccccc2)C[C@H]1C(=O)O,0.716,48.759,48.719,0.04
NCCCCC(N)C(=O)O.O.O=P(O)(O)C(O)(Cn1ccnc1)P(=O)(O)O,0.148,40.901,50.975,-10.075
OC[C@H]1O[C@H](Oc2ccc(O)cc2)[C@H](O)[C@@H](O)[C@@H]1O,0.457,70.45,49.747,20.704
CC/C=C\C/C=C\C/C=C\CCCCCCCC(=O)O,0.348,67.226,50.18,17.046
Cc1c(C)c2c(c(C)c1OC(=O)CCC(=O)O)CC[C@@](C)(CCC[C@H](C)CCC[C@H](C)CCCC(C)C)O2,0.171,53.232,50.887,2.345
O=C(O)CCCO,0.523,91.268,49.487,41.782
CC1(C)CCC2C3CCC4=CC(=O)OC4(C)C3CC(O)C2(O)C1OC1OC(CO)C(O)C(O)C1O,0.276,59.283,50.468,8.815
CC(=O)Nc1ccc(O)cc1,0.595,65.916,49.2,16.716
CC(=O)CC(c1ccccc1)c1c(O)c2ccccc2oc1=O,0.748,41.958,48.593,-6.635
Cn1c(=O)c2c(ncn2C)n(C)c1=O,0.538,54.228,49.425,4.803
CC(C)Cc1ccc(C(C)C(=O)O)cc1,0.822,72.212,48.299,23.913
CNC(=O)c1cc(Oc2ccc(NC(=O)Nc3ccc(Cl)c(C(F)(F)F)c3)cc2)ccn1,0.461,30.369,49.731,-19.362
CC(C)(C)c1ccc(C(O)CCCN2CCC(C(O)(c3ccccc3)c3ccccc3)CC2)cc1,0.397,49.096,49.987,-0.891
Fc1ccc([C@@H]2CCNC[C@H]2COc2ccc3c(c2)OCO3)cc1,0.934,41.575,47.852,-6.278
Cc1oncc1C(=O)Nc1ccc(C(F)(F)F)cc1,0.911,62.577,47.944,14.632
CN1[C@@H]2CCC[C@H]1C[C@@H](NC(=O)c1nn(C)c3ccccc13)C2,0.926,47.825,47.885,-0.061
CCCN1C[C@H](CSC)C[C@@H]2c3cccc4[nH]cc(c34)C[C@H]21,0.909,38.863,47.953,-9.09
CCc1c(C)[nH]c2c1C(=O)C(CN1CCOCC1)CC2,0.918,55.285,47.917,7.368
CCCCCCCCCCCCCCCC(=O)OC[C@@H](NC(=O)C(Cl)Cl)[C@H](O)c1ccc([N+](=O)[O-])cc1,0.055,39.047,51.346,-12.298
CCC[C@@H]1C[C@@H](C(=O)N[C@@H]([C@H]2O[C@H](SC)[C@H](O)[C@@H](O)[C@H]2O)[C@H](C)Cl)N(C)C1,0.438,68.137,49.823,18.314
CO[C@H]1/C=C/O[C@@]2(C)Oc3c(C)c(O)c4c(O)c(c(/C=N/N5CCN(C6CCCC6)CC5)c(O)c4c3C2=O)NC(=O)/C(C)=C\C=C\[C@H](C)[C@H](O)[C@@H](C)[C@@H](O)[C@@H](C)[C@H](OC(C)=O)[C@@H]1C,0.093,48.499,51.197,-2.698
CCOc1nc2cccc(C(=O)OC(C)OC(=O)OC3CCCCC3)c2n1Cc1ccc(-c2ccccc2-c2nnn[nH]2)cc1,0.141,20.619,51.005,-30.386
CO[C@H]1/C=C/O[C@@]2(C)Oc3c(C)c(O)c4c(O)c(c(/C=N/N5CCN(C)CC5)c(O)c4c3C2=O)NC(=O)/C(C)=C\C=C\[C@H](C)[C@H](O)[C@@H](C)[C@@H](O)[C@@H](C)[C@H](OC(C)=O)[C@@H]1C,0.109,48.024,51.13,-3.106
CN(C)CC/C=C1/c2ccccc2Sc2ccc(Cl)cc21,0.654,37.485,48.964,-11.48
O=C1C(O)=C([C@H]2CC[C@H](c3ccc(Cl)cc3)CC2)C(=O)c2ccccc21,0.762,41.866,48.534,-6.668
CN(C)CCCN1c2ccccc2CCc2ccc(Cl)cc21,0.818,42.065,48.314,-6.249
CN1CCCC(CC2c3ccccc3Sc3ccccc32)C1,0.766,45.037,48.518,-3.481
CCN(CC)C(C)CN1c2ccccc2Sc2ccccc21,0.765,44.684,48.523,-3.839
NC(N)=Nc1nc(CSCCC(N)=NS(N)(=O)=O)cs1,0.287,46.936,50.426,-3.489
CN/C(=N/C#N)NCCSCc1nc[nH]c1C,0.309,64.078,50.337,13.741
CCCCCNC(=N)N/N=C/c1c[nH]c2ccc(OC)cc12,0.274,47.074,50.474,-3.4
C=CC1=C(C(=O)O)N2C(=O)[C@@H](NC(=O)/C(=N\O)c3csc(N)n3)[C@H]2SC1,0.231,61.994,50.645,11.349
CC1(C)S[C@@H]2[C@H](NC(=O)C(C(=O)Oc3ccc4c(c3)CCC4)c3ccccc3)C(=O)N2[C@H]1C(=O)O,0.275,63.343,50.473,12.869
