Canonical_SMILES,AMES,BBB,Bioavailability,Caco2,Clearance_H.,Clearance_M.,CYP2C9_Sub.,CYP2C9_In.,CYP2D6_Sub.,CYP2D6_In.,CYP3A4_Sub.,CYP3A4_In.,DILI,Half_Life,hERG,HIA_Hou,LD50_Zhu,Lipophilicity,Pgp,PPBR,Solubility,VDss
C1=Cc2ccccc2NN=C1,0.577441934,0.944611111,0.853058313,-4.693471634,22.03021434,18.40872203,0.207912878,0.305905814,0.214140268,0.161106565,0.537028949,0.347560974,0.4218026,11.47534521,0.220067836,0.966114394,2.299244228,2.756626496,0.157555186,94.45861787,-2.123069185,3.084973749
CCCCCCCCCCCCCCCCCC(=O)OCC(COP(=O)([O-])OCC[N+](C)(C)C)OC(=O)CCCCCCCCCCCCCCCCC,0.097367162,0.870831165,0.752112297,-4.990902663,16.66839617,63.17492718,0.191688981,0.164967502,0.182551143,0.125277518,0.591360389,0.603427599,0.206312755,14.95262589,0.658201749,0.368638685,2.257671244,2.449053044,0.687920131,87.88257238,-5.21414518,6.279987251
CC/C=C\C/C=C\C/C=C\C/C=C\C/C=C\CCCCC(=O)OC(COC(=O)CCC/C=C\C/C=C\C/C=C\C/C=C\C/C=C\CC)COP(=O)(O)OCC(N)C(=O)O,0.245308889,0.752971849,0.772331265,-5.391971636,28.30901598,60.94951082,0.23663961,0.529960983,0.174335307,0.121975066,0.454493327,0.282065641,0.517340201,15.16646707,0.371099913,0.896362447,2.412407937,2.273487794,0.722643469,91.43441694,-4.868592775,5.461430986
CCCCCCCC/C=C\CCCCCCCC(=O)O[C@H](COC(=O)CCCCCCCCCCCCCCC)COP(=O)(O)OCC(O)CO,0.111113281,0.834146872,0.775061142,-5.18079811,18.945757,43.07046189,0.202800255,0.340813913,0.179179483,0.122604164,0.524935239,0.543374059,0.358434207,12.71699362,0.388297592,0.918075704,2.175233435,2.596511386,0.687880841,90.45825543,-5.170993092,5.293746029
O=P(O)(O)OC[C@H]1O[C@H](OP(=O)(O)OP(=O)(O)O)[C@H](O)[C@@H]1O,0.424012637,0.783003631,0.761348217,-5.738044723,18.52163815,18.29249846,0.251416968,0.085097058,0.165588271,0.069815032,0.545916305,0.102730558,0.379506892,43.48087918,0.262361833,0.913005669,3.027910262,1.63380683,0.092310613,72.77630131,-0.664961547,1.396243322
Cc1ccc(-c2ccc(C)cn2)nc1,0.307660613,0.936252167,0.870689686,-4.616431394,16.5539026,12.1082878,0.201503761,0.410271295,0.192879998,0.106807675,0.40424594,0.21200537,0.406180134,8.957312166,0.593451841,0.969651321,2.29358746,2.884412112,0.115588747,97.48230205,-2.6595881,4.112589674
CC(=O)N[C@H](Cc1ccc2ccccc2c1)C(=O)N[C@H](Cc1ccc(Cl)cc1)C(=O)N[C@H](Cc1cccnc1)C(=O)N[C@@H](CO)C(=O)N(C)[C@@H](Cc1ccc(O)cc1)C(=O)N[C@H](CC(N)=O)C(=O)N[C@@H](CC(C)C)C(=O)N[C@@H](CCCCNC(C)C)C(=O)N1CCC[C@H]1C(=O)N[C@H](C)C(N)=O,0.153045597,0.237952802,0.545122021,-6.198316148,57.71798576,71.53946968,0.230867375,0.360841823,0.243297083,0.178771252,0.608945827,0.836187802,0.717161207,22.29713022,0.742182451,0.577694108,2.930133944,2.289214004,0.70293245,81.58430257,-3.610944007,3.504886967
CCN1CCN(Cc2ccc(Nc3ncc(F)c(-c4cc(F)c5nc(C)n(C(C)C)c5c4)n3)nc2)CC1,0.791016395,0.89425537,0.791953568,-4.957488628,32.50800823,32.5841886,0.211975425,0.26244588,0.225623027,0.474060112,0.662635556,0.493299802,0.649837849,20.0246644,0.867511687,0.960364765,3.368137263,2.831121943,0.942698481,92.18476426,-3.806959259,4.482808146
CCCS(=O)(=O)N[C@H]1C[C@@H](N(C)c2ncnc3[nH]ccc23)C1,0.49870781,0.882790022,0.852698035,-4.905194499,26.02067097,32.15645691,0.226772683,0.178223146,0.187648082,0.145501708,0.47940566,0.670483558,0.798230756,12.90654722,0.481727598,0.964838449,2.575780084,3.042982383,0.208981406,95.15014531,-2.340068698,2.327742199
CC#CC(=O)N1CCC[C@H]1c1nc(-c2ccc(C(=O)Nc3ccccn3)cc2)c2c(N)nccn12,0.657210965,0.831694824,0.818856972,-5.009528943,38.12817475,43.93736297,0.24821731,0.687833724,0.180789665,0.12460714,0.507644627,0.595319081,0.860044214,12.27406665,0.668166461,0.963535304,2.880613156,2.678803932,0.881359324,94.81121384,-3.700735244,4.950290374
CC(=O)OC1CN2CCC1CC2,0.177541062,0.918276413,0.828356898,-4.625356526,20.24432836,30.30163704,0.181902462,0.096287122,0.24892538,0.201895894,0.476599961,0.092645042,0.157923929,11.37881501,0.760611762,0.96913103,2.091519884,1.946088569,0.107753837,89.67339628,-1.013381148,2.32170386
CC(=O)Nc1cc([As](=O)(O)O)ccc1O,0.390324954,0.891910144,0.835761296,-5.032891318,25.0186099,20.67163373,0.228851926,0.10981217,0.216216579,0.07718887,0.503205923,0.098502941,0.718301382,18.33359289,0.193047269,0.965343383,2.150711985,2.359879841,0.110694925,87.10246916,-1.628093795,1.569221953
CC(=O)O[C@H](CC(=O)[O-])C[N+](C)(C)C,0.17584834,0.886841779,0.843796726,-4.730560797,20.2201561,33.60208075,0.184484918,0.084285366,0.199156692,0.063976897,0.493493461,0.089619387,0.158319111,17.97729768,0.353490067,0.285661702,1.973718921,0.916997594,0.080228633,91.18484202,-0.493539569,1.277950208
CC(=O)O[C@H]1C[C@H](O[C@H]2[C@@H](O)C[C@H](O[C@H]3[C@@H](O)C[C@H](O[C@H]4CC[C@@]5(C)[C@H](CC[C@@H]6[C@@H]5CC[C@]5(C)[C@@H](C7=CC(=O)OC7)CC[C@]65O)C4)O[C@@H]3C)O[C@@H]2C)O[C@H](C)[C@H]1O,0.284754938,0.500897734,0.715016406,-5.500273025,53.52519244,54.89048998,0.181579316,0.117631457,0.14049479,0.071501721,0.666160601,0.380396386,0.550177982,19.89721875,0.574924206,0.954226388,2.874656542,2.685627357,0.754118706,90.74240656,-4.180607796,4.720313346
[C],0.152424597,0.943471949,0.851828998,-4.500295265,22.34203257,39.27221299,0.190572728,0.088048917,0.154247135,0.069531481,0.401880882,0.091354848,0.189445181,16.73664711,0.205896723,0.967634336,2.195051671,2.560531498,0.068806792,92.94170153,-2.062265325,2.797867704
C=C(F)C(=O)N1CCN(c2nc(OC[C@@H]3CCCN3C)nc3c2CCN(c2cccc4cccc(Cl)c24)C3)C[C@@H]1CC#N,0.474657828,0.882342632,0.793054901,-5.188749161,28.53334429,66.02537427,0.208956411,0.398588156,0.182634069,0.201437493,0.656652697,0.695842841,0.814675818,15.00542109,0.860125337,0.962859419,2.802607174,3.136799515,0.924321636,90.97687745,-4.675603193,5.130346948
COc1ccc(-c2ccc3cc(C(=O)O)ccc3c2)cc1C12CC3CC(CC(C3)C1)C2,0.447795403,0.702193369,0.812064982,-5.091755854,18.03968516,30.05338813,0.205176273,0.355649099,0.161662111,0.099403153,0.598631045,0.191392922,0.457958183,9.584759831,0.449806571,0.96885457,2.39066095,1.782593294,0.895419859,99.39458442,-5.309431419,3.384261208
CC(C)(C)C(=O)OCOP(=O)(COCCn1cnc2c(N)ncnc21)OCOC(=O)C(C)(C)C,0.684519037,0.836596826,0.806651865,-4.994099523,25.36952706,55.92556616,0.183993723,0.362709855,0.153189642,0.099580512,0.562833514,0.582432067,0.887642741,9.96588529,0.737862081,0.954939673,3.20042762,3.122453386,0.509185938,94.54894809,-2.801659008,3.392640609
Nc1ncnc2c1ncn2[C@@H]1O[C@H](COP(=O)(O)O)[C@@H](O)[C@H]1O,0.66154529,0.820680949,0.782103947,-5.439291326,25.28112983,27.25551467,0.240416455,0.100035929,0.162406273,0.063143289,0.495150016,0.141563198,0.878631845,15.26726,0.380368094,0.956137544,3.107697587,2.127623286,0.131397159,88.72260423,-1.493568505,2.892664928
CCCC[C@H](NC(=O)[C@H](CO)NC(=O)[C@H](Cc1ccc(O)cc1)NC(=O)[C@H](CO)NC(C)=O)C(=O)N[C@@H](CCC(=O)O)C(=O)N[C@@H](Cc1cnc[nH]1)C(=O)N[C@H](Cc1ccccc1)C(=O)N[C@@H](CCCNC(=N)N)C(=O)N[C@@H](Cc1c[nH]c2ccccc12)C(=O)NCC(=O)N[C@@H](CCCCN)C(=O)N1CCC[C@H]1C(=O)N[C@H](C(N)=O)C(C)C,0.218125335,0.286670003,0.40950583,-6.406480634,54.02666074,44.2990963,0.261028896,0.194054179,0.224774605,0.111130106,0.552351132,0.692941722,0.794909088,25.49230129,0.609415018,0.209897964,2.992054192,0.069849216,0.29625577,66.88691208,-2.391470723,3.670405571
COc1ccc2cccc(CCNC(C)=O)c2c1,0.338054472,0.931471502,0.870812028,-4.608236672,23.12408657,24.39647569,0.196850232,0.332050196,0.225392203,0.373977972,0.493564779,0.551354129,0.219979449,10.38813273,0.855948701,0.96942443,2.266841413,2.915600249,0.228050998,97.12787469,-2.998169768,2.383661535
CC[C@H]1[C@@H]2C[C@H]3[C@@H]4N(C)c5ccccc5[C@]45C[C@@H](C2[C@H]5O)N3[C@@H]1O,0.179075716,0.8339622,0.793353608,-4.920611676,27.59588652,43.51329704,0.195878586,0.176046582,0.240158725,0.646516755,0.680326805,0.186060307,0.196290242,23.9866181,0.84410779,0.963195501,2.718419845,2.670592336,0.363784349,86.16193355,-2.433265374,4.097225188
C[C@H](N)C(=O)N[C@@H](C)C(=O)N[C@H]1[C@@H]2CN(c3nc4c(cc3F)c(=O)c(C(=O)O)cn4-c3ccc(F)cc3F)C[C@@H]21,0.687483882,0.593063911,0.812811056,-5.344075657,22.82912159,31.00202741,0.188924281,0.333685002,0.163053586,0.079662235,0.560926737,0.237800361,0.894057383,20.1284827,0.636208574,0.963536776,2.881866894,0.534197596,0.773374169,89.38170305,-2.544009752,2.821099081
CN1CCC(=C2c3ccccc3CCn3c(C=O)cnc32)CC1,0.424875268,0.923681293,0.844279243,-4.822355382,22.89008273,28.90874162,0.237582453,0.473324985,0.344606372,0.554155229,0.487546727,0.285996147,0.373817166,15.91801115,0.849511179,0.967966098,2.693819307,2.591373339,0.83858565,91.33929016,-2.953284088,3.409067105
NC(=O)NC1NC(=O)[N-]C1=O.[Al+3].[Al+3].[Cl-].[OH-].[OH-].[OH-].[OH-],0.587179427,0.892817147,0.859793554,-5.397314654,27.06474866,17.04777644,0.198811154,0.088152021,0.201308948,0.062029988,0.413097859,0.100231471,0.670842026,14.90164105,0.174517138,0.967129651,2.222743757,1.30207941,0.099914862,74.8281184,-1.862533869,1.610481906
C=C1/C(=C\C=C2/CCC[C@]3(C)[C@@H]([C@H](C)CCCC(C)C)CC[C@@H]23)C[C@@H](O)C[C@@H]1O,0.093668864,0.852477364,0.840663855,-4.95958992,28.52307276,28.36938397,0.188280011,0.237146894,0.160534089,0.08920629,0.602526935,0.187065061,0.298318891,14.37041131,0.670403072,0.968542531,3.036808711,2.910463484,0.811824364,94.11047867,-5.368549526,4.500786126
COCCCOc1cc(C[C@@H](C[C@H](N)[C@@H](O)C[C@H](C(=O)NCC(C)(C)C(N)=O)C(C)C)C(C)C)ccc1OC,0.17798761,0.800279239,0.787633731,-5.2140626,28.80965841,29.36678982,0.202355039,0.182580959,0.245713965,0.131592689,0.679114601,0.709968812,0.2972865,10.92890353,0.70762688,0.965502991,2.570514162,2.072597196,0.80639654,93.08861352,-3.762755297,2.441930687
CC1=C(/C=C/C(C)=C\C=C\C(C)=C\C(=O)O)C(C)(C)CCC1,0.161381171,0.907940032,0.838176359,-4.957033119,24.45105861,18.9577645,0.202607475,0.473391212,0.155946228,0.08693871,0.588901601,0.225608007,0.345684292,12.85913747,0.358617042,0.969360644,2.369939048,1.934989523,0.609215112,96.16793488,-4.619183497,2.433419399
O=C1c2c(O)cccc2C([C@@H]2O[C@H](CO)[C@@H](O)[C@H](O)[C@H]2O)c2cc(CO)cc(O)c21,0.635941084,0.41001571,0.775818423,-5.601819438,28.2781482,26.67033681,0.206248007,0.147986139,0.171052968,0.089348087,0.647716123,0.286610465,0.517907468,44.13819834,0.460108919,0.961055149,2.541265567,2.053465088,0.790401924,91.56757722,-2.011465267,4.53285225
O.[Al+3].[Al+3].[Mg+2].[O-][Si]([O-])([O-])[O-].[O-][Si]([O-])([O-])[O-],0.500515252,0.922994705,0.843650142,-4.994888534,25.01051341,10.03184938,0.199761436,0.115402458,0.165106202,0.068017056,0.468358522,0.080929788,0.485309572,19.39603063,0.196348964,0.945888751,2.233125186,0.2336882,0.076926269,67.56735035,-2.165303044,1.197098546
Cn1c(=O)cc(N2CCC[C@@H](N)C2)n(Cc2ccccc2C#N)c1=O,0.371593761,0.906236092,0.846404261,-5.004690637,36.45671209,18.52361973,0.18217269,0.360329938,0.233078678,0.11698375,0.544454324,0.35540207,0.65853635,12.01654063,0.841327379,0.967080738,2.619297302,2.376312236,0.816458796,93.04462025,-2.580614435,2.977561564
Cc1nc(NC(=O)N2CCC[C@H]2C(N)=O)sc1-c1ccnc(C(C)(C)C(F)(F)F)c1,0.287847672,0.869902866,0.841974276,-4.966634715,32.64678662,51.04229672,0.200900272,0.64498005,0.203339615,0.098038421,0.634483022,0.560460849,0.821786851,11.84387289,0.778544978,0.965176069,2.762260043,3.118682258,0.844187513,96.00434852,-4.297141958,3.702916205
[Al],0.181193241,0.93613542,0.861314151,-4.497031458,21.1594183,39.37054103,0.199343027,0.092712647,0.159281732,0.073472135,0.410709496,0.090123087,0.222245562,20.46630549,0.205896723,0.967206094,2.217443771,2.525158844,0.068820915,92.73228146,-2.37740778,2.698323334
CC(=O)[O-].CC(=O)[O-].CC(=O)[O-].[Al+3],0.157590128,0.900836601,0.854771333,-4.913484246,15.35906694,10.37728067,0.219077671,0.102151162,0.16776538,0.060699696,0.435438253,0.088799655,0.419535355,14.19297457,0.229697014,0.967433564,2.137943249,1.203103635,0.066487474,77.46414861,-1.264816026,0.55791615
[Cl][Al]([Cl])[Cl],0.261181953,0.926829231,0.851878241,-4.524862884,21.05540898,29.60061584,0.182612009,0.092763048,0.205789079,0.076186155,0.412933547,0.104774159,0.454868756,15.14330586,0.212552802,0.964419438,2.303047856,2.570933026,0.066031748,87.87211036,-1.959713404,3.457037089
O.[Al+3].[Al+3].[Cl-].[OH-].[OH-].[OH-].[OH-].[OH-],0.400163335,0.89991948,0.841998595,-4.941355728,20.51212624,20.29107306,0.203445954,0.09953745,0.180598808,0.073193223,0.422741572,0.090461181,0.265964277,17.6833024,0.215966598,0.913528485,2.165216899,1.385574824,0.080733793,68.00141733,-2.527254697,2.757206373
[Al+3].[OH-].[OH-].[OH-],0.181032677,0.926798788,0.837332972,-4.692972016,20.78015653,41.60912962,0.19768178,0.092517529,0.166964538,0.075484887,0.427848692,0.090836612,0.137911468,17.13037851,0.203565761,0.957587949,2.222821784,2.301505728,0.076094384,89.351203,-2.111385265,2.794496102
[Al+3].[Al+3].[O-2].[O-2].[O-2],0.347146706,0.92682922,0.816965939,-4.6589442,22.43114302,41.67089199,0.208936893,0.095882505,0.168657174,0.074444883,0.397816776,0.090939421,0.280908361,18.24289005,0.208433152,0.957986065,2.292037412,2.340494568,0.074674603,89.15252247,-3.100133368,2.834300602
CC(=O)[O][Al]([OH])[O]C(C)=O,0.421470632,0.930347995,0.866119701,-4.51566148,19.32743512,12.8320943,0.179508866,0.109774326,0.154022084,0.061098193,0.467704115,0.088777909,0.316134261,14.39701547,0.224754478,0.9567034,2.08347788,2.289640471,0.069264496,92.90345872,-0.208046296,1.055217329
O=S(=O)([O-])[O-].O=S(=O)([O-])[O-].O=S(=O)([O-])[O-].[Al+3].[Al+3],0.396746795,0.922889263,0.83206025,-5.132361053,22.0587974,17.95666629,0.212175201,0.106957135,0.153613473,0.063107342,0.435125058,0.09030616,0.719404776,53.9428835,0.203820432,0.912880344,2.19462349,1.858740605,0.082540774,75.27722248,-1.666024063,1.093362731
NCC(=O)[O-].O.O.[Al+3].[Cl-].[Zr+4],0.252903845,0.893452336,0.840616279,-5.162048543,21.97292001,10.17902787,0.197163606,0.08037284,0.177546282,0.072938277,0.402850256,0.096849736,0.142522776,13.1607582,0.21449161,0.96144326,2.003491806,0.786249932,0.073544975,69.04667517,-1.068301693,0.537567735
CCN(CCCc1ccccc1)CCCc1ccccc1,0.102763029,0.944689046,0.863327186,-4.774766397,20.16717458,19.74421191,0.185989515,0.250517877,0.2907819,0.842815806,0.50472712,0.247017246,0.106203572,14.65652001,0.881074396,0.969376443,2.276660491,2.969838038,0.674103112,96.53278244,-4.058529457,9.534498032
COC(c1ccccc1)(c1ccccc1)[C@H](Oc1nc(C)cc(C)n1)C(=O)O,0.175040474,0.794276963,0.852662432,-5.069605947,21.90065214,20.68241479,0.220037232,0.56701068,0.146321456,0.074664236,0.532462994,0.175654885,0.822482169,17.93001263,0.341139379,0.965823535,2.486590203,1.572094301,0.829030614,97.26961889,-3.3586318,3.130712448
Nc1ccncc1N,0.556378468,0.934792311,0.869080657,-4.708320932,24.01316856,26.34983452,0.178932328,0.261522783,0.179252677,0.114553068,0.378012424,0.570850513,0.314879606,7.550701265,0.19084907,0.967936441,2.316204128,2.526088327,0.071630812,93.5546413,-0.635657009,3.951717162
[13NH3],0.130140241,0.936054822,0.861371444,-4.557479117,22.2965933,38.0399651,0.189117495,0.087595067,0.155690425,0.072319782,0.399193477,0.088175236,0.166556928,16.54208539,0.19497056,0.967605564,2.132239436,2.640621358,0.068584674,93.00489567,-1.101962726,2.555008656
O=C([O-])[O-].[NH4+].[NH4+],0.143765431,0.942760951,0.852478311,-5.263496912,18.65781754,18.764123,0.17818006,0.078112241,0.161185524,0.060101054,0.372527145,0.08577875,0.139245646,15.64404965,0.192960083,0.800776826,2.127371943,2.216425032,0.069877925,90.29580902,0.082494066,1.892371211
CC(O)C(=O)[O-].[NH4+],0.140270695,0.923872501,0.85337593,-5.036091057,20.94914831,21.7825466,0.183080117,0.0750063,0.161162792,0.061692195,0.41817576,0.08458937,0.122328871,11.02338719,0.203737912,0.884027343,1.916933546,0.84766211,0.065227808,90.51962421,0.366465537,1.411603708
CCC(C)(C)c1ccc(CC(C)CN2C[C@@H](C)O[C@@H](C)C2)cc1,0.120106656,0.933826806,0.873461088,-4.779978501,30.56610654,21.17980126,0.184975299,0.223166144,0.252715869,0.754778248,0.557519918,0.204512022,0.133661766,12.22183751,0.74883495,0.969142933,2.354461721,3.023982527,0.77922233,95.42520913,-4.269842938,5.396303279
C[C@@H]1[C@H](O)[C@@H](C)/C=C/C=C/C=C/C=C/C=C/C=C/C=C/[C@H](O[C@@H]2O[C@H](C)[C@@H](O)[C@H](N)[C@@H]2O)C[C@@H]2O[C@](O)(C[C@@H](O)C[C@@H](O)[C@H](O)CC[C@@H](O)C[C@@H](O)CC(=O)O[C@H]1C)C[C@H](O)[C@H]2C(=O)O,0.28871895,0.435684105,0.572222395,-6.198337391,35.99031583,49.18558172,0.205333252,0.097862635,0.172188993,0.068813956,0.492357849,0.299279112,0.420442544,16.58219283,0.501871924,0.919633267,2.678485551,0.706078488,0.329105759,84.03127166,-2.766230496,2.554063887
CCC(C)(CN(C)C)OC(=O)c1ccccc1,0.127277837,0.939340508,0.867654754,-4.568771463,31.65632875,45.03075758,0.184929344,0.225711894,0.280875412,0.219514964,0.510689338,0.159649945,0.12965114,9.458229434,0.463837679,0.969404123,2.310547925,2.641220129,0.166804103,93.72664601,-3.002082753,1.936051219
COc1ccc(-c2cc(=S)ss2)cc1,0.396834612,0.912351867,0.846754448,-4.571790884,29.96889463,18.0881122,0.231685869,0.526722369,0.179982811,0.092113757,0.495094483,0.424581017,0.79009385,13.59302727,0.27471695,0.965458747,2.383614998,2.938135072,0.403638535,95.5726853,-4.153789043,3.63995983
COc1ccc(C2C(=O)c3ccccc3C2=O)cc1,0.236453222,0.916927823,0.871619192,-4.620306988,20.21411491,20.5012691,0.18946729,0.593767205,0.192242835,0.093715492,0.468582797,0.474587047,0.41372208,10.17479369,0.359932871,0.968540447,2.398338575,3.081124519,0.681596874,96.56700511,-3.070075082,6.425300375
CCCC(CCC)C(=O)OC1CC2CCC(C1)[N+]2(C)C.[Br-],0.212055072,0.911992879,0.775472453,-4.866417671,19.58567452,45.41014971,0.201941662,0.079852688,0.311263581,0.240780077,0.571187463,0.10938613,0.119016984,12.98186971,0.733634354,0.512831968,2.326794851,2.188070426,0.22124497,88.15828571,-1.818258029,7.655462923
O=C(OCCN1CCN(c2cccc(C(F)(F)F)c2)CC1)c1ccccc1Nc1ccnc2cc(C(F)(F)F)ccc12,0.647390842,0.914372633,0.797068449,-5.043445673,29.26577514,60.10558126,0.186716854,0.374792482,0.287235377,0.326915283,0.472954643,0.575665679,0.829061817,167.0310929,0.849322437,0.96797062,2.633286055,2.994176668,0.939307942,96.96770114,-4.646336306,8.9844199
CNC(=O)c1ccc(N2C(=S)N(c3cnc(C#N)c(C(F)(F)F)c3)C(=O)C23CCC3)cc1F,0.461192929,0.881070373,0.784893904,-4.969301918,23.98056918,33.73344567,0.217757931,0.713200571,0.169043155,0.087724753,0.603928642,0.571346041,0.819245657,13.30473509,0.75274059,0.955352275,3.969151504,2.986281627,0.837105252,94.03038507,-4.009596457,5.941328141
CCOc1cc([C@@H](CS(C)(=O)=O)N2C(=O)c3cccc(NC(C)=O)c3C2=O)ccc1OC,0.467953704,0.919818762,0.856815774,-4.941093404,22.09920838,31.1879502,0.229563194,0.735584793,0.167963228,0.088868387,0.62179854,0.706160809,0.829928246,19.88639844,0.784505902,0.966777282,2.367171348,2.81349297,0.882398619,95.79533578,-3.42992508,3.387584811
Oc1ccc(CCCCNC[C@H](O)c2ccc(O)c(O)c2)cc1,0.218053746,0.542623149,0.832500024,-5.154766025,24.33887424,21.6571535,0.192402541,0.296572969,0.39677085,0.648209337,0.453663753,0.473521224,0.131587829,0.0,0.747028557,0.965191354,2.449729374,2.402021639,0.459152121,96.03786671,-2.749893629,2.687008911
OC[C@H]1O[C@@H](Oc2ccc(O)cc2)[C@H](O)[C@@H](O)[C@@H]1O,0.185733729,0.84547027,0.837500085,-5.296550858,23.38782087,14.36420519,0.213792322,0.10678636,0.200731443,0.080596553,0.426099209,0.111809071,0.196986953,11.7718544,0.450907571,0.962478373,2.216297897,1.734901751,0.119814783,90.05938956,-0.604310889,2.555135249
CCCCCCCCCCCC(=O)OCN1C(=O)CCc2ccc(OCCCCN3CCN(c4cccc(Cl)c4Cl)CC3)cc21,0.226932088,0.94139227,0.814956353,-5.005450237,25.80230899,51.03817883,0.199662034,0.594910668,0.39663164,0.379758302,0.607279077,0.780450977,0.718616321,20.70353896,0.825375434,0.965771462,2.640127692,3.440052791,0.934904377,99.16756845,-5.920022744,7.89186201
NC(=O)C[S@@](=O)C(c1ccccc1)c1ccccc1,0.200368264,0.933822087,0.860705074,-4.753749138,15.13106774,23.55110227,0.209597298,0.497277151,0.183519001,0.096329734,0.398810446,0.380544131,0.283999781,10.63887808,0.357008479,0.969612366,2.297646099,2.6863099,0.149407076,95.81082624,-2.6519416,2.745316726
O=[As]O[As]=O,0.312168689,0.932843481,0.850099841,-4.496547609,23.86263251,39.8091378,0.185851281,0.092710628,0.164337619,0.065913088,0.416016089,0.093551586,0.528521802,21.40598489,0.19814616,0.967692602,2.205371469,2.469924548,0.081942353,88.01627651,-1.55855407,1.033319998
CCO[C@H]1O[C@@H]2O[C@@]3(C)CC[C@H]4[C@H](C)CC[C@@H]([C@H]1C)[C@@]24OO3,0.482962529,0.875280401,0.814491638,-4.7563223,29.21638008,24.31205968,0.183471133,0.128690883,0.429132133,0.079402991,0.620902638,0.160020108,0.221162578,14.5601294,0.78115028,0.962486231,2.432339371,2.970641735,0.381916301,88.76662428,-3.264686162,4.64733972
C[C@@H]1CC[C@H]2[C@@H](C)C(O)O[C@@H]3O[C@@]4(C)CC[C@@H]1[C@]32OO4,0.421535986,0.866592175,0.803988455,-4.78204676,30.21365656,20.00129595,0.193536291,0.129145582,0.46283364,0.07171549,0.61805108,0.153852743,0.236912534,17.0725861,0.525935568,0.962835285,2.394769065,2.890383927,0.189424963,88.44265571,-2.629896784,3.503333661
CCCNC(C)C(=O)Nc1c(C)csc1C(=O)OC,0.543903506,0.902690563,0.833785279,-4.650701637,35.82426177,46.12856859,0.193204735,0.577181042,0.168388036,0.137669952,0.490446053,0.444539764,0.790518223,6.178060685,0.243041907,0.964512069,2.67875535,2.574060098,0.127819801,90.83222203,-2.773595277,2.966061836
COc1ccc(-c2sc3cc(O)ccc3c2Oc2ccc(OCCN3CCCCC3)cc2)cc1,0.538866596,0.884935749,0.783365993,-5.036010289,32.69543251,20.05778749,0.199498226,0.441295413,0.183436147,0.338859729,0.437093692,0.635694544,0.390274408,19.28741622,0.742412798,0.965500317,2.760351574,2.874735781,0.945709803,94.71657972,-5.18189741,4.315521151
O=C(Nc1ccc(OC(F)(F)Cl)cc1)c1cnc(N2CC[C@@H](O)C2)c(-c2ccn[nH]2)c1,0.611730511,0.847730299,0.823071354,-5.158023833,26.28111861,25.50687667,0.220694212,0.670085991,0.206805293,0.087125321,0.569011719,0.472259689,0.889405481,7.961904581,0.814034198,0.961470926,2.584435308,2.970205824,0.880524906,96.8325912,-2.767442868,4.769461686
O=C1O[C@H]([C@@H](O)CO)C(O)=C1O,0.288734449,0.897694405,0.844383709,-5.195217151,20.87186443,40.33797238,0.199573754,0.110898145,0.156167262,0.064342422,0.436561424,0.099053571,0.158300645,19.44825234,0.218673048,0.963517254,2.178209542,1.919641625,0.089176628,90.95001603,-0.191548873,1.452247151
NC(=O)C[C@H](N)C(=O)O,0.186677543,0.919056914,0.858858483,-5.080813091,15.2710283,2.097601981,0.233195351,0.08808068,0.201157948,0.060743802,0.383880244,0.09115859,0.128652282,10.05873569,0.187763783,0.968698584,1.981964377,0.673629204,0.067497563,91.31477055,-0.191938368,0.897905072
C=C[C@@H]1C[C@]1(NC(=O)[C@@H]1C[C@@H](Oc2ncc(OC)c3ccc(Cl)cc23)CN1C(=O)[C@@H](NC(=O)OC(C)(C)C)C(C)(C)C)C(=O)NS(=O)(=O)C1CC1,0.500757874,0.650499654,0.751739866,-5.270812127,43.35721523,48.27487364,0.216376321,0.601507661,0.185950404,0.092785191,0.620117414,0.823480634,0.855079199,15.01424955,0.626451907,0.963845226,2.765714769,2.996199634,0.808645172,95.5396005,-4.411325703,4.581409816
O=C(O)c1cccc(-c2noc(-c3ccccc3F)n2)c1,0.426588732,0.741987261,0.856632991,-4.772503096,20.59087639,19.29678485,0.256244836,0.398120353,0.156190346,0.074955949,0.397507897,0.140692224,0.870534062,13.92704147,0.283764142,0.964519477,2.519898868,1.523028912,0.723396901,96.51190777,-3.517973218,1.798655372
COC(=O)N[C@H](C(=O)N[C@@H](Cc1ccccc1)[C@@H](O)CN(Cc1ccc(-c2ccccn2)cc1)NC(=O)[C@@H](NC(=O)OC)C(C)(C)C)C(C)(C)C,0.391143343,0.691882931,0.80574812,-5.320744473,28.96587055,56.90301434,0.188225859,0.689337221,0.196888943,0.09209564,0.481925465,0.824065197,0.76935212,7.985635575,0.773753038,0.961033259,2.546777142,3.110877926,0.893089089,99.30364767,-4.231137757,3.305686946
C[C@@H]1[C@H](c2c(F)ccc(F)c2F)C[C@H](NC(=O)c2cnc3c(c2)C[C@@]2(C3)C(=O)Nc3ncccc32)C(=O)N1CC(F)(F)F,0.431934551,0.902854371,0.761127651,-5.083281265,27.3426794,40.06290107,0.189439672,0.756966639,0.174562624,0.091206452,0.688463384,0.798524726,0.702371023,36.51691881,0.656799538,0.967072416,2.935500926,2.700139388,0.897636947,90.08956866,-3.578051525,6.347956563
CCOc1ccc(C[C@H]2NC(=O)CCSSC[C@@H](C(=O)N3CCC[C@H]3C(=O)N[C@@H](CCCN)C(=O)NCC(N)=O)NC(=O)[C@H](CC(N)=O)NC(=O)[C@H]([C@@H](C)O)NC(=O)[C@H]([C@@H](C)CC)NC2=O)cc1,0.174687116,0.313033633,0.632809702,-6.325843077,33.05979626,42.84790812,0.245963197,0.149512911,0.181534387,0.085803439,0.545437006,0.628744492,0.680144968,11.54971511,0.508060533,0.756075687,2.884775502,1.462778224,0.39208364,74.59350698,-2.328970203,4.168739418
COc1ccc(CC2c3cc(OC)c(OC)cc3CC[N+]2(C)CCC(=O)OCCCCCOC(=O)CC[N+]2(C)CCc3cc(OC)c(OC)cc3C2Cc2ccc(OC)c(OC)c2)cc1OC.O=S(=O)([O-])c1ccccc1.O=S(=O)([O-])c1ccccc1,0.365204965,0.708481731,0.697236172,-5.156778625,39.97928978,72.15401421,0.215431599,0.150440924,0.166522138,0.106177581,0.585647541,0.586040357,0.785757241,25.97460089,0.811517921,0.213876602,3.064786355,2.831827147,0.937564626,88.63995612,-4.93895215,4.990749286
O.O.O.O.[Al+3].[Mg+2].[O-2].[O-2].[O-2].[O-2].[O-2].[O-2].[O-2].[O-2].[O-2].[O-2].[OH-].[Si+4].[Si+4].[Si+4].[Si+4],0.202635797,0.856349486,0.812074593,-5.315314509,20.86707298,14.7594661,0.204520256,0.102196396,0.181398295,0.074103314,0.460312597,0.10004193,0.360956773,18.32414199,0.205805313,0.845917108,2.29978315,1.101566228,0.08108773,66.38012397,-3.499813707,3.135907305
OC[C@H]1O[C@H]([S][Au])[C@H](O)[C@@H](O)[C@@H]1O,0.229074876,0.86042656,0.823799517,-5.22912611,23.81102815,24.19887859,0.216677523,0.082332092,0.293317149,0.06896588,0.460154245,0.084647928,0.236770049,14.51617338,0.230270667,0.959369028,2.226229195,2.004180279,0.111708786,81.51512774,-1.345410067,1.223911858
Cc1ccc(NC(=O)[C@H]2CCCN(C(=O)c3c(C)cccc3F)[C@H]2c2ccc(NC3CCCC3)cc2)cc1C(F)(F)F,0.233029038,0.912261964,0.776805258,-5.042978389,39.13363775,49.71136647,0.205309157,0.820631863,0.17941581,0.155656339,0.626873644,0.764953811,0.559625301,14.73555544,0.841069828,0.968254125,2.573511064,2.963652547,0.94167397,95.03033476,-5.274310145,8.092731057
COc1ccc(CNc2nc(N3CCC[C@H]3CO)ncc2C(=O)NCc2ncccn2)cc1Cl,0.323427406,0.819545818,0.835805209,-5.305386485,32.61842517,39.56015548,0.206521039,0.35706566,0.189198818,0.217776309,0.601274769,0.775796058,0.869290769,7.634307918,0.826092838,0.966783814,2.545827013,3.10216916,0.931499343,96.57684368,-3.226879905,4.479431714
Cn1cc(-c2cc3c(N4CCN(c5ncc([C@@](C)(N)c6ccc(F)cc6)cn5)CC4)ncnn3c2)cn1,0.692075684,0.810945039,0.817279183,-5.241406374,39.13997266,53.28941276,0.233267664,0.599116854,0.218089363,0.107781765,0.659126648,0.720883428,0.845739147,17.50984729,0.74638582,0.963860675,2.9624159,2.749555797,0.91135755,91.97233757,-3.100601155,4.029103503
O=C(Nc1nc(-c2cc(Cl)cs2)c(N2CCN(C3CCCCC3)CC2)s1)c1cnc(N2CCC(C(=O)O)CC2)c(Cl)c1,0.523924501,0.675614753,0.739969094,-5.236502148,42.71089999,47.26343993,0.214653945,0.561955954,0.251705817,0.133643436,0.518781902,0.332732238,0.842106182,25.8000527,0.747550699,0.958531003,3.025486682,1.855694435,0.851966838,92.1368997,-4.610911044,8.007316886
NC(=O)[C@@H]1CC[C@@H]2CN1C(=O)N2OS(=O)(=O)O,0.411903178,0.740755,0.838488002,-4.992008266,31.03812623,20.81934553,0.225594334,0.11299486,0.189912027,0.070385525,0.544929962,0.096757446,0.51292612,17.53928547,0.300116546,0.957729551,2.391791803,1.743688833,0.103751317,85.02421797,-0.974410848,1.75861448
CCOc1nc2cccc(C(=O)OCc3oc(=O)oc3C)c2n1Cc1ccc(-c2ccccc2-c2noc(=O)[nH]2)cc1,0.403182403,0.773891253,0.825006795,-5.220304531,42.88694308,58.24386002,0.261261607,0.826491957,0.166405544,0.102754183,0.575981104,0.701396121,0.844978483,10.17946779,0.629060988,0.960749332,2.584798988,3.152189762,0.930562967,96.13644797,-5.256169592,2.67933798
CCOC(=O)OC(C)OC(=O)[C@@H]1N2C(=O)[C@@H](NC(=O)[C@H](N)c3ccccc3)[C@H]2SC1(C)C,0.177111035,0.416681955,0.802337591,-5.134894357,33.20985113,69.6034377,0.190494478,0.384024046,0.163590135,0.072607443,0.597751063,0.611858103,0.739864772,15.75747878,0.29223323,0.936310997,2.64119167,2.635513753,0.810857007,90.49638239,-3.035487667,1.763712595
CC[C@H](C)[C@H](N)C1=N[C@H](C(=O)N[C@@H](CC(C)C)C(=O)N[C@H](CCC(=O)O)C(=O)N[C@H](C(=O)N[C@H]2CCCCNC(=O)[C@H](CC(N)=O)NC(=O)[C@@H](CC(=O)O)NC(=O)[C@H](Cc3c[nH]cn3)NC(=O)[C@@H](Cc3ccccc3)NC(=O)[C@H]([C@@H](C)CC)NC(=O)[C@@H](CCCN)NC2=O)[C@@H](C)CC)CS1,0.191891211,0.204968616,0.480851613,-6.183848762,46.15834354,52.92175995,0.251301096,0.193268522,0.169106328,0.086131911,0.554405501,0.414330678,0.755679725,12.1180248,0.54832652,0.536020384,2.982415547,0.483102806,0.353296042,75.97936251,-3.03326752,3.082234034
COC(=O)OCOc1c2n(ccc1=O)N([C@@H]1c3ccccc3SCc3c1ccc(F)c3F)[C@@H]1COCCN1C2=O,0.555602225,0.782630507,0.769175031,-4.982915615,41.96290927,53.64670593,0.233580221,0.76743578,0.194571297,0.109176751,0.624203379,0.597848071,0.826342359,17.23510498,0.773968409,0.957368027,2.673799886,2.997316261,0.893712921,93.78072435,-4.024224093,3.451212794
O=C(O)CCNC(=O)c1ccc(/N=N/c2ccc(O)c(C(=O)O)c2)cc1,0.389382157,0.589262712,0.853953287,-5.320904159,19.83048517,10.51466952,0.213647123,0.261168761,0.146307464,0.078637905,0.391354945,0.111394116,0.71368213,6.908350794,0.527340317,0.963163286,2.341407764,1.424064453,0.211491896,97.41768442,-3.268123322,2.262168941
CCS(=O)(=O)N1CC(CC#N)(n2cc(-c3ncnc4[nH]ccc34)cn2)C1,0.560859389,0.862383846,0.827005947,-5.1592163,26.00431791,47.3946132,0.233165816,0.468295345,0.203261713,0.096595744,0.5774184,0.621441358,0.824388301,13.69620849,0.71943643,0.962483243,2.721326188,2.577998595,0.741860649,93.24590041,-2.495675801,3.062428369
O=S(=O)([O-])[O-].[Ba+2],0.249865848,0.939341442,0.836882919,-4.645010691,18.37425431,35.27337326,0.207648152,0.088354125,0.149904063,0.063417915,0.374737999,0.089756233,0.619893957,18.80485207,0.203820432,0.966613382,2.25953092,2.26299373,0.070375048,86.14933137,-0.932684573,0.885062158
CC(C)NC(=O)COc1cccc(-c2nc(Nc3ccc4[nH]ncc4c3)c3ccccc3n2)c1,0.742259204,0.850186151,0.830586598,-5.324211858,29.32825566,35.87511414,0.213554612,0.57737448,0.18859844,0.213320198,0.535383372,0.732157186,0.86407323,11.19353082,0.650754589,0.967388731,2.749702746,3.160077558,0.921966792,98.42812853,-4.236152322,3.769188522
CS(=O)(=O)c1ccc(Oc2cc(F)cc(C#N)c2)c2c1[C@H](O)[C@H](F)[C@@H]2F,0.301892769,0.868542577,0.85401916,-4.91398996,40.17084068,23.55610096,0.251129408,0.544603529,0.212586356,0.080865275,0.562040662,0.5946096,0.448240594,31.51704926,0.450892726,0.967959549,3.697379347,2.798347829,0.833758062,94.69335296,-3.813493011,2.711616315
CCCCC(CC)COc1ccc(-c2nc(-c3ccc(OC)cc3)nc(-c3ccc(OCC(CC)CCCC)cc3O)n2)c(O)c1,0.222714005,0.814432444,0.811728381,-5.064512537,27.37879805,19.48762434,0.21815543,0.628301467,0.172211109,0.121116673,0.562449346,0.714899579,0.599173661,24.91664063,0.748351585,0.963855415,2.452002108,3.27416259,0.945448896,97.21967493,-6.369053668,4.421925426
CC(C)(CCCCCC(O)CCCCCC(C)(C)C(=O)O)C(=O)O,0.074482237,0.742957554,0.867303286,-5.105578125,14.99345626,3.999341254,0.205829372,0.244128848,0.141960216,0.068179166,0.535725482,0.128259101,0.116657364,7.953068679,0.31048991,0.966446148,2.203477763,1.556496947,0.234767909,90.16475342,-3.416486637,2.366043058
COc1ccc2c3c1O[C@H]1C(OC(=O)c4ccccc4)=CC[C@H]4[C@@H](C2)N(C)CC[C@]314,0.381791881,0.929098915,0.779913057,-4.967522865,35.83722184,50.33163065,0.200496002,0.465258988,0.344560775,0.452337559,0.724095532,0.499741479,0.301488805,21.01000165,0.603591474,0.96971578,2.958658894,2.786144539,0.845656728,91.64030243,-3.618356101,3.264809016
CCc1oc2ccccc2c1C(=O)c1cc(I)c(O)c(I)c1,0.374689453,0.867798562,0.852512999,-4.972748735,21.4044513,31.79339643,0.22885408,0.810241645,0.200293861,0.136459147,0.524810962,0.421766021,0.841827598,9.452957923,0.313442932,0.962113688,2.619192671,3.353359483,0.898711607,99.1192655,-4.67389935,4.980678979
O=C(O)CCCN1CCC(OC(c2ccc(Cl)cc2)c2ccccn2)CC1,0.162297867,0.872577957,0.871530942,-5.128751277,26.82956625,9.493001341,0.192364609,0.226012266,0.217726335,0.551679628,0.575032137,0.145786844,0.139613609,9.875738947,0.867122564,0.968559916,2.414277457,1.710455321,0.818221991,96.18312467,-3.379924558,1.383687148
N#Cc1cccc([C@@H](NCC2CC2)c2ccc(F)c(NC(=O)c3cc(C(F)(F)F)nn3-c3cccc(CN)c3)c2)c1,0.655528036,0.844382784,0.800262443,-5.223309485,37.82668765,38.91288927,0.241907453,0.831791752,0.203325017,0.244784857,0.545648658,0.80378391,0.850464487,16.42200835,0.729651613,0.956945915,3.585930391,2.652395733,0.928987432,95.82533682,-4.488283215,5.266743883
N[C@@H]1CCCCN(c2c(F)cc3c(=O)c(C(=O)O)cn(C4CC4)c3c2Cl)C1,0.626422996,0.603404528,0.857863074,-5.022795076,28.72834786,17.91696053,0.199977217,0.41661572,0.150584697,0.109202011,0.539557712,0.450465207,0.879938087,3.251211279,0.60602176,0.967674794,2.647592052,0.787854263,0.741018684,87.35247737,-3.244050028,2.658332643
C[C@H]1C[C@H]2[C@@H]3CCC4=CC(=O)C=C[C@]4(C)[C@@]3(F)[C@@H](O)C[C@]2(C)[C@@]1(O)C(=O)COP(=O)(O)O,0.152894343,0.886980408,0.795132973,-5.107416846,33.39368243,37.34017472,0.175287023,0.118985735,0.140457198,0.069007111,0.684831761,0.558101871,0.344615517,13.45452511,0.574390002,0.960386861,3.851300899,2.480210616,0.397709643,90.08860349,-2.834933942,3.234246006
C/N=C(\NC)NCc1ccccc1,0.260180417,0.93012538,0.845129549,-4.651222982,18.44637643,23.6230117,0.185262715,0.133596056,0.206846419,0.49917241,0.419278954,0.207719059,0.187147371,8.984217498,0.248478158,0.969087599,2.282714743,2.706571795,0.111205709,94.32590918,-1.472554338,2.581242169
O=C(O)CNC(=O)CNC(=O)CNC(=O)CSC(=O)c1ccccc1,0.211671542,0.889000987,0.872293406,-5.517124682,40.19233719,22.53015012,0.194331997,0.163997529,0.159690834,0.070749775,0.426782834,0.152497565,0.620725071,9.871746309,0.23342446,0.965191312,2.313723715,1.0159715,0.135148346,92.41262735,-1.973153571,1.696484157
COc1ccc(NC(=O)c2ccc(C(=N)N(C)C)cc2)c(C(=O)Nc2ccc(Cl)cn2)c1,0.416767002,0.882838591,0.844428494,-5.417729168,32.94684686,31.76818366,0.233279316,0.568985681,0.19303627,0.277242558,0.552014874,0.679361941,0.855438426,39.69400557,0.622587541,0.964829907,2.662031717,3.008070026,0.905035594,96.71232869,-4.072788209,4.561325455
C=C(C)[C@@H]1CC[C@]2(C(=O)O)CC[C@]3(C)[C@H](CC[C@@H]4[C@@]5(C)CC[C@H](O)C(C)(C)[C@@H]5CC[C@]43C)[C@@H]12,0.080774577,0.706387545,0.722948816,-5.218693838,26.01120163,20.61286367,0.176672877,0.128679505,0.151211539,0.076651813,0.674441343,0.16950469,0.36670726,11.90784255,0.37164356,0.966426848,2.271487467,1.921777038,0.661987271,90.37666342,-5.420967919,2.842271458
CCOC(=O)[C@H](CS)NCCN[C@@H](CS)C(=O)OCC,0.636461802,0.855139983,0.787725073,-4.994282744,24.65590077,33.66500312,0.171417327,0.164149125,0.206884809,0.099536544,0.428971644,0.12143573,0.430407824,8.536245021,0.307394967,0.963718198,2.282380358,2.126223377,0.112982878,91.6590242,-1.669238877,2.620745701
O=C(NCc1c(F)cc(F)cc1F)c1cn2c(c(O)c1=O)C(=O)N1[C@H]3CC[C@H](C3)O[C@@H]1C2,0.404215663,0.818868474,0.798383789,-5.000719356,25.8866894,41.04434455,0.262596554,0.453400226,0.175311091,0.089482364,0.566749555,0.43483751,0.659118274,19.3845925,0.741911152,0.958932664,2.566864739,2.47940976,0.714251033,87.68929429,-3.176604121,2.28045867
N=C(N)NC(=N)N,0.470503142,0.891625837,0.869488501,-5.532383264,19.69194286,19.11220225,0.186272604,0.083699507,0.238672908,0.078119842,0.359567227,0.090668524,0.160763996,11.60898569,0.166534975,0.966287958,2.188045314,1.746716092,0.07908917,88.58787811,-0.081424773,2.56378874
CCOCCn1c(C2CCN(CCc3ccc(C(C)(C)C(=O)O)cc3)CC2)nc2ccccc21,0.507398839,0.714558424,0.803349981,-5.301914238,22.99269652,24.26576099,0.213811128,0.364659284,0.268007873,0.737901886,0.629552962,0.333971209,0.55002322,16.44052179,0.831429819,0.965509509,2.800147042,1.959587585,0.926993993,94.93216121,-3.711208483,2.045845735
CCNC(=O)CCC/C=C\C[C@@H]1[C@@H](/C=C/[C@@H](O)CCc2ccccc2)[C@H](O)C[C@@H]1O,0.187023644,0.78581626,0.789227842,-5.145227166,26.26933772,24.19823541,0.207364539,0.546067687,0.175615845,0.16505557,0.594214768,0.458781745,0.122871641,16.15875785,0.459649125,0.962851581,2.455189703,2.746672289,0.851623696,94.64601593,-3.14256141,2.504037801
Cn1cnc2c(F)c(Nc3ccc(Br)cc3F)c(C(=O)NOCCO)cc21,0.815558149,0.845738233,0.856765213,-5.021374635,19.44478023,19.89840692,0.214398551,0.699948557,0.178771205,0.18903992,0.581424071,0.559619895,0.884139239,19.28415768,0.772359811,0.966444088,3.781304461,2.698262629,0.873852306,93.69312047,-2.917295535,5.55619736
O=C([O-])CC([O-])(CC(=O)[O-])C(=O)[O-].O=C([O-])CC([O-])(CC(=O)[O-])C(=O)[O-].[Bi+3].[K+].[K+].[K+].[K+].[K+],0.233007737,0.809042564,0.765289211,-5.292178851,19.67710166,9.984416975,0.196725221,0.109460307,0.154084182,0.066324276,0.535388714,0.102082894,0.355344505,35.24927627,0.207974015,0.822901387,2.378206147,0.59755124,0.104667266,67.9821426,-1.789866109,0.247205103
O=C(O)c1cc(O)c2c(c1)[O][Bi]([OH])[O]2,0.275606785,0.700516436,0.803443899,-4.979765062,18.31069983,17.11931295,0.199008122,0.155492144,0.151275301,0.087050959,0.4625183,0.102750727,0.812839819,22.38088349,0.218747039,0.966433522,2.341880999,1.267488859,0.126212251,89.04168272,-2.062502038,1.203515318
O=[N+]([O-])[O-].O=[N+]([O-])[O-].O=[N+]([O-])[O-].O=[N+]([O-])[O-].[Bi+3].[Bi+3].[Bi+3].[Bi+3].[Bi+3].[O-2].[OH-].[OH-].[OH-].[OH-].[OH-].[OH-].[OH-].[OH-].[OH-],0.563859047,0.772080332,0.797634531,-5.49497668,25.94325418,19.1017952,0.20084379,0.154442035,0.192799701,0.069622392,0.539898681,0.113202716,0.505524571,17.72570747,0.188733488,0.775189086,2.344568986,1.809069496,0.11399497,79.42812158,-3.835135798,1.344521333
O=C1[O][Bi]([OH])[O]c2ccccc21,0.2650481,0.916158766,0.838988389,-4.719505618,23.38596789,25.93535041,0.206843153,0.162425041,0.219751432,0.091732624,0.490154045,0.107699559,0.748921595,26.50035623,0.251031321,0.967340658,2.432939622,2.820729497,0.172815774,87.66085049,-2.549445595,1.458895469
O=C1Nc2ccccc2OC1(c1ccc(O)cc1)c1ccc(O)cc1,0.268900651,0.90659668,0.849847794,-4.991685149,26.41780734,34.21247067,0.202726604,0.631232852,0.155902324,0.098514311,0.540177374,0.491756526,0.702052547,8.233259498,0.368689808,0.969415221,2.467833172,2.999522915,0.837447738,98.01662991,-3.595167635,3.920344188
CC[C@H](C)[C@H](NC(=O)[C@H](CCC(=O)O)NC(=O)[C@H](CCC(=O)O)NC(=O)[C@H](Cc1ccccc1)NC(=O)[C@H](CC(=O)O)NC(=O)CNC(=O)[C@H](CC(N)=O)NC(=O)CNC(=O)CNC(=O)CNC(=O)CNC(=O)[C@@H]1CCCN1C(=O)[C@H](CCCNC(=N)N)NC(=O)[C@@H]1CCCN1C(=O)[C@H](N)Cc1ccccc1)C(=O)N1CCC[C@H]1C(=O)N[C@@H](CCC(=O)O)C(=O)N[C@@H](CCC(=O)O)C(=O)N[C@@H](Cc1ccc(O)cc1)C(=O)N[C@@H](CC(C)C)C(=O)O,0.11824958,0.171761873,0.397261609,-6.607463334,63.64868019,20.31539066,0.265700921,0.120612663,0.207921697,0.109273595,0.562879766,0.132033617,0.619380763,32.85910933,0.720956609,0.143872972,2.919244188,-0.116675057,0.238217318,63.12186219,-2.405106319,3.487800909
Cc1c(N)nc([C@H](CC(N)=O)NC[C@H](N)C(N)=O)nc1C(=O)N[C@H](C(=O)N[C@H](C)[C@@H](O)[C@H](C)C(=O)N[C@H](C(=O)NCCc1nc(-c2nc(C(=O)NCCC[S+](C)C)cs2)cs1)[C@@H](C)O)[C@@H](OC1OC(CO)C(O)C(O)C1OC1OC(CO)C(O)C(OC(N)=O)C1O)c1c[nH]cn1,0.399968224,0.241990663,0.499557842,-6.331233644,54.70726797,36.78900484,0.21359548,0.143306814,0.183132333,0.119835144,0.576985312,0.215297552,0.824872644,22.65927134,0.691451555,0.347074041,3.027557975,0.887131295,0.22714511,66.43660103,-2.125863107,7.554095782
CC(C)(C)NC(=O)N[C@H](C(=O)N1C[C@H]2[C@@H]([C@H]1C(=O)NC(CC1CCC1)C(=O)C(N)=O)C2(C)C)C(C)(C)C,0.244272945,0.844761314,0.711715111,-5.254060143,23.47455875,39.26282407,0.190614589,0.209618003,0.195588673,0.080913398,0.643836849,0.616173799,0.505390077,13.10660771,0.362247945,0.963510235,2.661441575,2.494624847,0.487244928,92.01580853,-3.033972803,2.83557134
CC(C)C[C@H](NC(=O)[C@H](Cc1ccccc1)NC(=O)c1cnccn1)B1O[C@H]([C@H](O)CO)[C@@H]([C@H](O)CO)O1,0.254754042,0.521497745,0.809084307,-5.570992841,20.51085305,31.9828668,0.197960996,0.254359351,0.21765422,0.084518763,0.599508866,0.72121545,0.834315147,12.03536883,0.515920266,0.962158695,2.489957072,2.295272282,0.582609429,93.27743646,-1.588372829,1.455005551
O=C(Nc1ccccc1-c1ccc(Cl)cc1)c1cccnc1Cl,0.525643257,0.938287069,0.856978714,-4.944207579,23.98402673,19.02358027,0.208381527,0.711655283,0.193920572,0.123173959,0.541404473,0.32954058,0.841864379,10.8799347,0.415014469,0.966121658,2.374407157,3.335389588,0.814319356,98.55587466,-4.444322442,2.678014681
CC(=O)[C@H]1CC[C@H]2[C@@H]3CC[C@H]4C[C@H](O)CC[C@]4(C)[C@H]3CC[C@]12C,0.088317926,0.837518433,0.821470468,-4.805579024,41.57643384,23.91184423,0.192692879,0.213344797,0.237596689,0.081212449,0.668885196,0.175937969,0.324649306,14.17798992,0.521502419,0.967665074,2.264166893,2.992840207,0.654477658,94.51743406,-4.051431441,4.087867629
O=c1ccc2ccc(OCCCCN3CCN(c4cccc5sccc45)CC3)cc2[nH]1,0.680706533,0.923799629,0.771261701,-5.111439713,32.42016879,35.51454258,0.20730326,0.265070922,0.487881676,0.462672223,0.570498155,0.772021475,0.821222758,12.2550315,0.83466281,0.965177076,2.709393349,3.383073652,0.914996734,96.62301038,-4.297840391,2.873551895
COc1cc(N2CCC(N3CCN(C)CC3)CC2)ccc1Nc1ncc(Cl)c(Nc2ccccc2P(C)(C)=O)n1,0.56056538,0.859987805,0.766570209,-5.266876902,22.8588111,46.78329701,0.236110518,0.221892438,0.304385516,0.259643076,0.545509678,0.607386921,0.84894502,23.16798832,0.825600374,0.951039582,2.743506483,2.975479134,0.901690842,93.86669473,-3.675445674,9.318171354
CCOc1ccc(Nc2ccc(/C(=C3C=C/C(=[N+](/CC)Cc4cccc(S(=O)(=O)[O-])c4)C=C/3C)c3ccc(N(CC)Cc4cccc(S(=O)(=O)[O-])c4)cc3C)cc2)cc1.[Na+],0.313975352,0.534795157,0.735441123,-5.230157742,34.97202519,50.8886281,0.26465301,0.351426569,0.218743432,0.228770997,0.472966521,0.247093078,0.846503548,46.66125817,0.78434788,0.951875858,2.494237233,2.198235735,0.910113094,90.41919126,-4.189279292,5.450799908
CCCCCCCCCCCCCCCCOCCCOP(=O)(O)CO[C@H](CO)Cn1ccc(N)nc1=O,0.253844062,0.852415546,0.814401712,-5.161246277,36.21332809,29.46112547,0.189908547,0.413091486,0.157668198,0.177972946,0.481339059,0.645925076,0.70946699,11.18772432,0.555324487,0.94571911,3.137823859,2.902589334,0.769440761,94.59337993,-3.94173776,4.728293733
CCC[C@@H]1CC(=O)N([C@@H](CC)C(N)=O)C1,0.19628219,0.945607443,0.857637324,-4.643645251,20.35251917,17.69184104,0.177826724,0.124743075,0.152131209,0.072043518,0.565100217,0.155698983,0.180753121,11.86133906,0.479897959,0.969125532,2.181662793,2.481707121,0.096134011,93.88251992,-1.303271406,1.786428379
O=c1[nH]c(=O)n([C@H]2C[C@H](O)[C@@H](CO)O2)cc1/C=C/Br,0.401863742,0.891255518,0.831822498,-5.035399675,34.58196522,19.36295284,0.214662384,0.173714284,0.170760773,0.074315546,0.446587182,0.21458757,0.867183327,10.56498996,0.282818682,0.95573138,2.407960972,2.297515242,0.165379895,92.81654399,-1.704493813,3.802683397
Cn1c(=O)c2[nH]c(Br)nc2n(C)c1=O,0.544138846,0.904294693,0.861579801,-4.535399999,29.11579856,13.33196129,0.223313525,0.163258873,0.186808038,0.069952058,0.603837918,0.276789896,0.61099769,6.374769637,0.667260585,0.968541302,2.632386364,2.562672393,0.161184161,96.24438955,-2.074098834,3.531032539
CCCCC(C(=O)O)C(=O)N(Nc1ccccc1)c1ccccc1,0.197943115,0.890332612,0.846611409,-4.966840381,16.33029907,13.65989669,0.235749975,0.716047079,0.141526739,0.089294947,0.449519972,0.201400338,0.377497999,8.747230145,0.350465733,0.967071901,2.337604424,1.70289779,0.603685543,98.21908541,-3.533251639,3.277384256
CCNC(=O)[C@@H]1CCCN1C(=O)[C@H](CCCNC(=N)N)NC(=O)[C@H](CC(C)C)NC(=O)[C@@H](COC(C)(C)C)NC(=O)[C@H](Cc1ccc(O)cc1)NC(=O)[C@H](CO)NC(=O)[C@H](Cc1c[nH]c2ccccc12)NC(=O)[C@H](Cc1cnc[nH]1)NC(=O)[C@@H]1CCC(=O)N1,0.245749946,0.229391426,0.506844389,-6.257850753,47.3981558,60.49218852,0.230826367,0.281460321,0.21675477,0.12016016,0.582533758,0.823961897,0.819674056,20.45555914,0.708606966,0.761751175,3.053780226,2.336571841,0.627209171,80.72765319,-3.422202304,4.472403693
CN(Cc1ccc(C(C)(C)C)cc1)Cc1cccc2ccccc12,0.507398215,0.925066074,0.840858584,-4.84663487,30.52663825,31.3112313,0.229816699,0.361011364,0.191897221,0.882136878,0.590952187,0.277570152,0.238233324,21.83892111,0.852275926,0.967952023,2.385899556,3.477315049,0.87506861,99.18086459,-5.063173559,8.785846141
Clc1ccc(CCC(Cn2ccnc2)Sc2c(Cl)cccc2Cl)cc1,0.256131922,0.885568122,0.859366864,-5.088238509,23.00242381,24.23231206,0.179571181,0.854678566,0.147241993,0.906960226,0.495045701,0.879892577,0.792065276,6.170805666,0.802934146,0.965835509,2.371212778,3.380190595,0.900893562,97.84583691,-5.298400095,4.671859845
CCCC[N+]1(C)[C@@H]2C[C@@H](OC(=O)[C@H](CO)c3ccccc3)C[C@H]1[C@@H]1O[C@@H]12,0.320867853,0.797837274,0.617244402,-4.973985528,20.58555496,40.45944217,0.194236935,0.102462232,0.214199042,0.173325642,0.618606856,0.228131505,0.139286349,15.68373675,0.724141098,0.458577958,2.499184042,1.909709595,0.769644026,91.42498249,-3.024532406,4.363723124
CO[C@H]1C(=O)[C@]2(C)[C@@H](OC)C[C@H]3OC[C@@]3(OC(C)=O)[C@H]2[C@H](OC(=O)c2ccccc2)[C@]2(O)C[C@H](OC(=O)[C@H](O)[C@@H](NC(=O)OC(C)(C)C)c3ccccc3)C(C)=C1C2(C)C,0.295304484,0.537101137,0.717459866,-5.257335601,53.10678501,74.45817893,0.182387155,0.370944621,0.145608649,0.070847111,0.680836819,0.699638946,0.853098371,19.33184492,0.544874199,0.94989364,2.827472452,3.001297682,0.826816906,94.3921012,-4.213260099,6.685825891
C[C@H]1CO[C@@H]2Cn3cc(C(=O)NCc4ccc(F)cc4F)c(=O)c(O)c3C(=O)N12,0.437824884,0.835633875,0.829043761,-4.971380554,34.31310054,42.76968426,0.25389732,0.414426374,0.163152348,0.085001888,0.591071601,0.469187484,0.651774832,17.22155866,0.650368298,0.965222728,2.722183865,2.410305058,0.764149032,90.0697068,-2.724470612,2.142152207
C=C1CC[C@H](O)C/C1=C/C=C1\CCC[C@]2(C)[C@@H]([C@H](C)CCCC(C)(C)O)CC[C@@H]12,0.094441889,0.880108637,0.81643446,-4.965014387,25.32755648,28.56052088,0.194994237,0.205854772,0.160399149,0.086655739,0.548205974,0.272059595,0.330310617,187.8414733,0.673810689,0.967059445,2.841982284,2.691905527,0.811092751,94.2294833,-5.167412897,4.736796114
C=C1/C(=C\C=C2/CCC[C@]3(C)[C@@H]([C@H](C)/C=C/[C@@H](O)C4CC4)CC[C@@H]23)C[C@@H](O)C[C@@H]1O,0.124418504,0.845890062,0.818633077,-4.963884327,32.68543185,30.95810947,0.186720249,0.24723874,0.168831217,0.089161379,0.630130185,0.247923796,0.230393838,23.14735514,0.384001668,0.967949287,3.083579135,3.151592132,0.805513107,93.93132527,-4.697331496,4.28408653
CC(=O)[O-].CC(=O)[O-].[Ca+2],0.159072133,0.920004444,0.849516548,-4.710177591,16.16954238,10.13121961,0.205255455,0.08712049,0.156217996,0.061771453,0.40377279,0.084394235,0.405706565,12.84270799,0.219338632,0.96707577,2.101886108,1.409512422,0.067549276,83.54325078,-1.328665347,0.497862453
O=C1O[C@H]([C@@H](O)CO)C([O-])=C1O.O=C1O[C@H]([C@@H](O)CO)C([O-])=C1O.[Ca+2],0.213114439,0.713591158,0.814142692,-5.747360866,21.68013232,44.94908761,0.199646486,0.105245122,0.156549025,0.067154581,0.451106447,0.10093408,0.625616865,21.23768627,0.182598386,0.956611223,2.265134361,1.333452022,0.126213104,76.12819704,-1.162655429,1.063946795
[Ca+2].[N-]=C=[N-],0.175359692,0.940962222,0.823582174,-4.655831114,21.83379449,43.91409577,0.213084921,0.099409068,0.148789379,0.072326375,0.414635283,0.093668385,0.284250622,16.72350879,0.199960426,0.966958313,2.336180448,2.562433604,0.078280403,89.84967894,-2.512813872,1.46003298
[Ca+2].[Cl-].[Cl-],0.249888959,0.931559711,0.833226798,-4.561218836,20.76707732,30.25193372,0.194479972,0.083438609,0.151312337,0.073802621,0.412048435,0.088860586,0.218111716,16.0745755,0.226241315,0.964225728,2.192316262,1.449735393,0.078016527,69.43440219,-2.044247874,3.057762964
O=C([O-])CC(O)(CC(=O)[O-])C(=O)[O-].O=C([O-])CC(O)(CC(=O)[O-])C(=O)[O-].[Ca+2].[Ca+2].[Ca+2],0.174931997,0.812024281,0.777604587,-5.433354267,14.91176324,-2.617692786,0.206344894,0.096591077,0.141752791,0.06427963,0.485706355,0.097950134,0.426211314,36.80789436,0.203346369,0.805583289,2.196601515,1.066650574,0.10184063,70.66312377,-1.651458168,0.471039301
O=C([O][Ca][O]C(=O)[C@H](O)[C@@H](O)[C@H](O[C@@H]1O[C@H](CO)[C@H](O)[C@H](O)[C@H]1O)[C@H](O)CO)[C@H](O)[C@@H](O)[C@H](O)[C@H](O)CO,0.298724064,0.376746693,0.57466892,-6.442285478,17.98725416,13.15403637,0.202973586,0.092041788,0.161170129,0.07320179,0.50132321,0.105644357,0.665728363,14.52485457,0.242185449,0.473992772,2.097703363,1.39388429,0.152368164,63.21592156,-1.73500651,0.962333569
O=C([O-])C(O)[C@H](O)[C@@H](O)[C@H](O)[C@H](O)CO.O=C([O-])C(O)[C@H](O)[C@@H](O)[C@H](O)[C@H](O)CO.[Ca+2],0.153812771,0.633885753,0.626066607,-6.437332992,14.7966703,3.517450921,0.203092867,0.088754446,0.144534607,0.064689383,0.509060111,0.089464685,0.331321546,15.35350487,0.198688993,0.255449199,1.93606515,0.510718601,0.120184134,64.73751844,-0.881474815,0.337226274
O=C([O-])[C@H](O)[C@@H](O)[C@H](O)[C@H](O)CO.O=C([O-])[C@H](O)[C@@H](O)[C@H](O)[C@H](O)CO.[Ca+2],0.164875208,0.699041758,0.675001439,-6.344032737,14.78041606,5.124644561,0.210155966,0.085089174,0.143535626,0.064492747,0.489986309,0.093292152,0.275979137,15.44305657,0.198688993,0.529898294,1.938580647,0.674564825,0.098303228,66.73178305,-0.817978049,0.329477134
O=P([O-])([O-])OC(CO)CO.[Ca+2],0.214026687,0.909669512,0.814697305,-4.956476302,16.81319303,31.69964424,0.194191635,0.094668569,0.170086796,0.068878063,0.4437696,0.086958021,0.422821171,18.14403016,0.244434658,0.95522259,2.632775969,1.784585493,0.069295136,78.39711606,-1.357842004,0.937128867
CC(O)C(=O)[O-].CC(O)C(=O)[O-].[Ca+2],0.156684406,0.853630783,0.833983596,-5.043681811,17.71547069,12.0028183,0.202287425,0.077377242,0.142843722,0.060599445,0.427081997,0.083219877,0.289523689,11.48293856,0.224766495,0.966911791,1.932051449,0.833231896,0.066768028,78.96973848,-0.976548301,0.441165805
CC(=O)CCC(=O)[O-].CC(=O)CCC(=O)[O-].[Ca+2],0.143751633,0.90639603,0.849028098,-4.915814597,18.73524906,12.23959432,0.207446478,0.112976961,0.145307568,0.064822664,0.424420444,0.089980241,0.436408637,12.47243061,0.309394885,0.968268852,2.088043312,1.249702859,0.083440862,79.28705357,-1.160740554,2.901939465
O.O.O=P([O-])([O-])O.[Ca+2],0.145196093,0.939957874,0.829561139,-4.975942787,17.64692431,27.29881272,0.194607063,0.088595678,0.150939382,0.067084844,0.397687111,0.082982566,0.427946271,16.98571569,0.202919189,0.948230077,2.425587013,1.756902574,0.069048266,76.91141819,-1.814269339,0.988972067
O=C([O-])[C@@H](O)[C@@H](O)[C@H](O)[C@@H](O)C(=O)[O-].[Ca+2],0.167986922,0.815049465,0.803981254,-5.61072916,15.17869395,4.086030556,0.209726851,0.077656309,0.141289873,0.061673842,0.406699797,0.087739882,0.300757418,13.85909899,0.182538109,0.956332734,1.859770625,0.620620301,0.071936355,68.31862867,-0.878641098,0.446565973
O=C([O-])[C@H](O)[C@@H](O)CO.O=C([O-])[C@H](O)[C@@H](O)CO.[Ca+2],0.148554432,0.819790009,0.776689417,-5.962975643,17.08273833,3.321835846,0.223676414,0.080065524,0.146846849,0.068089317,0.421646775,0.085679581,0.330795766,14.0350481,0.194572751,0.934954025,1.831416002,0.801380841,0.077980117,68.25860034,-0.721837065,0.349899326
C=CCCCCCCCCC(=O)[O-].C=CCCCCCCCCC(=O)[O-].[Ca+2],0.110942813,0.898439448,0.827976804,-5.198597778,17.99644922,20.3404022,0.189923002,0.186629572,0.156345873,0.099821445,0.43182645,0.130031835,0.264379401,11.22014447,0.267176817,0.960405723,2.247927123,2.133532858,0.584061266,92.81631164,-3.788749737,1.734768269
CC1(C)[C@@H]2CC[C@@]1(C)C(=O)C2,0.125251445,0.931576859,0.852465467,-4.488884662,36.33791717,23.38230935,0.189724854,0.184028601,0.144521655,0.077450796,0.573611842,0.13019787,0.222924907,10.86811474,0.443695473,0.968841958,2.149728856,2.707671358,0.119695202,93.29529792,-2.532273814,3.134754473
Cc1ccc([C@@H]2O[C@H](CO)[C@@H](O)[C@H](O)[C@H]2O)cc1Cc1ccc(-c2ccc(F)cc2)s1,0.458282904,0.881715189,0.815784339,-5.224746531,32.34106018,35.00374937,0.213791357,0.742101458,0.187671934,0.121588644,0.537609846,0.504853161,0.362329801,15.16116289,0.430364466,0.9614357,2.754819861,2.765023886,0.912971256,95.48864884,-3.031054784,3.480155365
CCOc1nc2cccc(C(=O)OC(C)OC(=O)OC3CCCCC3)c2n1Cc1ccc(-c2ccccc2-c2nnn[nH]2)cc1,0.650547035,0.793043708,0.810963248,-5.229852181,43.05330317,44.52640566,0.288518658,0.821117416,0.153302242,0.117853601,0.534582557,0.661146519,0.845555256,1.203933339,0.724719178,0.964555022,2.511591409,3.141947711,0.933315416,96.40714999,-5.397241219,3.623161808
CC1/C=C/C=C/C=C/C=C/C=C/C=C/C=C/C(OC2O[C@H](C)[C@@H](O)[C@H](N)[C@@H]2O)CC(O)C(C(=O)O)C(O)CC(=O)CC(O)CC(O)CC(O)CC(=O)CCCC(=O)CC(=O)OC1C(C)CC(C)C(O)CC(=O)c1ccc(N)cc1,0.320197193,0.400993777,0.707923929,-6.061935012,45.69465656,53.10776509,0.197586495,0.255968168,0.160847559,0.095901788,0.521539751,0.601713961,0.782526313,17.17031628,0.53562926,0.914479728,2.65671745,1.06809788,0.826681674,91.56657067,-3.895832982,18.65970963
CSCCNc1nc(SCCC(F)(F)F)nc2c1ncn2[C@@H]1O[C@H](COP(=O)(O)OP(=O)(O)C(Cl)(Cl)P(=O)(O)O)[C@@H](O)[C@H]1O,0.422409119,0.611499627,0.702542692,-5.65257044,34.75495026,43.82875519,0.245819425,0.545017244,0.16139848,0.109001975,0.575093552,0.557702451,0.857418981,43.39680983,0.703356958,0.922790382,3.007639668,2.462566808,0.337870326,89.37268163,-3.721116168,4.669152199
C=C(C)[C@@H]1CCC(C)=C[C@H]1c1c(O)cc(CCCCC)cc1O,0.18700218,0.928506009,0.836666494,-4.880701046,21.429613,23.61608326,0.213280437,0.652466726,0.220020949,0.141528867,0.486208404,0.570670945,0.198225063,13.81500404,0.739185961,0.969413065,2.308262692,2.876447956,0.771678991,92.84843578,-4.932666765,4.557944443
C[C@]12CCC(=O)C=C1C=C[C@@H]1[C@@H]2CC[C@@]2(C)[C@H]1CC[C@@]2(O)CCC(=O)O,0.111805192,0.779651503,0.810594162,-4.917637042,25.17740579,18.68215328,0.187661396,0.160841968,0.15608669,0.072220065,0.704181051,0.161359427,0.469927231,12.60039468,0.359203081,0.968867346,2.565882986,1.284096896,0.756108665,95.67449697,-3.678111286,2.87509491
CNC(=O)c1ccc(-c2cnc3ncc(Cc4ccc5ncccc5c4)n3n2)cc1F,0.509290954,0.859196598,0.829010046,-5.137657107,30.6374257,47.27057793,0.234154514,0.639231656,0.161978178,0.083211411,0.630690021,0.670358164,0.793734223,36.95962588,0.397933486,0.963896204,2.668423557,2.665949365,0.896293374,97.72274106,-3.527263407,3.591667881
C[C@@H]1NC(=O)[C@@H](N)CNC(=O)[C@H]([C@H]2CCN=C(N)N2)NC(=O)/C(=C\NC(N)=O)NC(=O)[C@H](CNC(=O)C[C@@H](N)CCCN)NC1=O.NCCC[C@H](N)CC(=O)NC[C@@H]1NC(=O)[C@H](CO)NC(=O)[C@@H](N)CNC(=O)[C@H]([C@H]2CCN=C(N)N2)NC(=O)/C(=C\NC(N)=O)NC1=O,0.231969817,0.237964331,0.527237185,-6.560833599,39.51307974,44.0466266,0.23204685,0.096774623,0.176578757,0.094056862,0.524776807,0.135374497,0.563081794,14.56346091,0.562952348,0.115141602,2.612994923,-0.550854761,0.189531717,59.29880245,-1.933340521,4.273544134
NC(N)=O.OO,0.229059117,0.945617376,0.876664243,-5.245280446,22.03907807,25.2335714,0.182621588,0.075104544,0.152446181,0.058021318,0.355163825,0.090812564,0.160228906,15.08701485,0.172932699,0.966565835,2.240287336,2.387497631,0.064804543,92.896297,0.128057022,2.222502572
CC[C@H](C)[C@@H]1NC(=O)[C@H](Cc2ccc(OC)cc2)NC(=O)CCCSC[C@@H](C(=O)N2CCC[C@H]2C(=O)N[C@@H](CC(C)C)C(=O)NCC(N)=O)NC(=O)[C@H](CC(N)=O)NC(=O)[C@H](CCC(N)=O)NC1=O,0.141140777,0.328226355,0.667039043,-6.220930752,36.45740588,46.63923272,0.218693759,0.154254679,0.179143579,0.080256101,0.575286083,0.814115135,0.612540709,10.9589647,0.679682187,0.893057351,2.871746699,1.786476537,0.378361506,77.19122066,-2.700828234,4.013534083
N[C@@H](CSCC(=O)O)C(=O)O,0.173838716,0.785424515,0.845587978,-5.161336571,16.63894679,-1.742960736,0.249102027,0.086940724,0.192435536,0.069875634,0.413265891,0.087327821,0.172419344,11.8990277,0.206999577,0.967176697,2.209463638,0.688071004,0.066257085,90.5384336,-0.201566585,0.468051923
CCOC(=O)COc1ccc2c(C)c(CCN(CC)CC)c(=O)oc2c1,0.324799227,0.878500403,0.836050195,-4.680696525,14.8518798,38.87565979,0.188090415,0.335437183,0.268480536,0.333906453,0.478672949,0.310869191,0.518114311,1.555266773,0.829754467,0.965825318,2.780521832,2.248900669,0.903659414,95.02173409,-3.569560005,2.340331534
CCCCC[C@](C)(O)/C=C/[C@@H]1[C@@H](C/C=C\CCCC(=O)O)[C@@H](O)C[C@H]1O.NC(CO)(CO)CO,0.160229779,0.735133985,0.724836086,-5.945127123,31.58433406,20.64054129,0.19391189,0.121590408,0.166579508,0.08007958,0.5475869,0.218622032,0.126505007,7.250188138,0.347566662,0.957295187,2.49356408,1.248423351,0.386065831,92.0022884,-2.630939603,1.669379213
CC(C)C[C@H](NC(=O)[C@H](CCc1ccccc1)NC(=O)CN1CCOCC1)C(=O)N[C@@H](Cc1ccccc1)C(=O)N[C@@H](CC(C)C)C(=O)[C@@]1(C)CO1,0.31650193,0.68085053,0.796771431,-5.222493842,26.51064736,60.9930048,0.201732666,0.356666697,0.207362668,0.16628049,0.642223652,0.803949294,0.701608539,18.44295327,0.688372202,0.963213632,2.616169947,2.888333273,0.869577957,95.6861999,-3.482364395,3.96101618
NC(=O)N[C@@H](CCC(=O)O)C(=O)O,0.192780381,0.897074123,0.87541273,-5.390614213,14.23530887,4.467065518,0.2316079,0.089277263,0.166469546,0.05435654,0.410569851,0.088840307,0.155310635,8.341976539,0.217954684,0.968315777,1.978868599,0.741998888,0.070160118,92.26512955,-0.039518962,0.63830765
CC[C@H](C)C[C@H](C)CCCCCCCCC(=O)N[C@H]1C[C@@H](O)[C@@H](NCCN)NC(=O)[C@@H]2[C@@H](O)CCN2C(=O)[C@H]([C@H](O)CCN)NC(=O)[C@H]([C@H](O)[C@@H](O)c2ccc(O)cc2)NC(=O)[C@@H]2C[C@@H](O)CN2C(=O)[C@H]([C@@H](C)O)NC1=O,0.193492184,0.204834983,0.545557911,-6.391294355,34.58735069,54.0720293,0.226271728,0.111370351,0.172869323,0.089003106,0.574740498,0.577670372,0.600944903,14.87186249,0.461773822,0.765563376,2.864775622,0.784080329,0.227956335,73.85916756,-2.355975187,3.429249725
O=C1N[C@H](O)CCN1[C@@H]1O[C@H](CO)[C@@H](O)C1(F)F,0.424941769,0.920950251,0.83627785,-5.208025767,20.52490715,9.199887921,0.197207318,0.115285267,0.186666161,0.069664576,0.530433651,0.109774177,0.261836531,17.37228208,0.542770518,0.960692343,2.333287217,1.796804114,0.109002954,87.24611991,-0.37871566,1.682832465
Cn1nnnc1SCC1=C(C(=O)O)N2C(=O)[C@@H](NC(=O)[C@H](OC=O)c3ccccc3)[C@H]2SC1,0.33178598,0.342106583,0.806168903,-5.526062697,39.1421716,38.80194294,0.229149984,0.408472257,0.178017776,0.075322858,0.591887654,0.225058048,0.904833006,3.07286963,0.542197014,0.921561532,2.612391894,0.668553217,0.711529696,93.25549851,-1.870478504,1.586578069
CO/N=C(\C(=O)N[C@@H]1C(=O)N2C(C(=O)O)=C(/C=C\c3scnc3C)CS[C@H]12)c1csc(N)n1,0.338500611,0.20976017,0.662517297,-5.452448845,48.94495806,50.40016181,0.230059763,0.40667038,0.171612383,0.071692466,0.583348282,0.222920551,0.89477368,1.753064587,0.303309899,0.912289552,2.900519612,0.543345747,0.675797003,91.60649002,-2.477758825,2.791540874
CC(C)(O/N=C(\C(=O)N[C@@H]1C(=O)N2C(C(=O)[O-])=C(C[N+]3(CCNC(=O)c4ccc(O)c(O)c4Cl)CCCC3)CS[C@H]12)c1csc(N)n1)C(=O)O,0.234877552,0.277417757,0.458741766,-5.812871431,46.73297954,39.32391711,0.265183557,0.18090906,0.188041064,0.117014353,0.53013655,0.2333143,0.877914078,15.25400105,0.624631908,0.721842279,3.105550577,0.437823723,0.35731036,83.797849,-2.154169014,2.752282231
O=C(O)C1=C(CSc2nnnn2CS(=O)(=O)O)CS[C@@H]2[C@H](NC(=O)[C@H](O)c3ccccc3)C(=O)N12,0.313359659,0.257746223,0.762663569,-5.815410816,38.91858305,27.37642219,0.241436379,0.237719344,0.168289504,0.084951737,0.478821073,0.156304852,0.906000373,16.30994829,0.578668048,0.90300462,2.583282256,0.513523395,0.629103467,92.54392505,-1.698931191,1.330056537
Cc1cc(O)c(C(=O)N[C@@H](C(=O)N[C@@H]2C(=O)N3C(C(=O)O)=C(CSc4nnnn4C)CS[C@H]23)c2ccc(O)cc2)cn1,0.278793959,0.2012788,0.789052127,-5.788811508,41.6686103,56.55932599,0.233417653,0.365068124,0.169681671,0.08402573,0.583306053,0.246449883,0.90272936,8.908862381,0.503674653,0.901487184,2.62903607,0.526669024,0.586503274,90.43204938,-2.074530489,2.696169287
CCO/N=C(\C(=O)N[C@@H]1C(=O)N2C(C(=O)[O-])=C(Sc3nc(-c4cc[n+](C)cc4)cs3)CS[C@H]12)c1nsc(NP(=O)(O)O)n1,0.487879497,0.240899163,0.659280856,-5.756574912,62.4933249,74.74348055,0.264286273,0.437888285,0.18049011,0.111291222,0.579264632,0.2982667,0.893222592,12.52432756,0.51683959,0.906998777,3.507337104,0.974351648,0.745829529,88.2644012,-2.486832378,2.967756927
Nc1nc(/C(=C/CC(=O)O)C(=O)N[C@@H]2C(=O)N3C(C(=O)O)=CCS[C@H]23)cs1,0.407263205,0.174288021,0.695386932,-5.5700345,39.44405644,35.48710951,0.246950357,0.218826933,0.172818023,0.074519213,0.50626094,0.119429331,0.900011978,9.768380867,0.241668102,0.944820789,2.514776366,0.786774815,0.209398617,88.32228554,-2.128050183,1.530938484
Cc1oc(=O)oc1COC(=O)N1CC[C@@H](N2CC/C(=C\C3=C(C(=O)O)N4C(=O)[C@@H](NC(=O)/C(=N\O)c5nsc(N)n5)[C@H]4SC3)C2=O)C1,0.342657941,0.268422498,0.675378632,-5.650446529,43.28119122,67.45163857,0.269110361,0.311006912,0.188933311,0.092908326,0.581691586,0.198128373,0.867335242,7.967685844,0.600369821,0.908497036,2.922815691,0.765523056,0.674832843,85.11348402,-2.807334454,2.290938438
Cn1c(N)c(NC(=O)NCCN)c[n+]1CC1=C(C(=O)[O-])N2C(=O)[C@@H](NC(=O)/C(=N\OC(C)(C)C(=O)O)c3nsc(N)n3)[C@H]2SC1,0.304833402,0.382915857,0.550514578,-6.031991391,43.78149104,61.24152024,0.261045756,0.13712027,0.178927392,0.087999883,0.554651111,0.134026272,0.881766151,18.87137355,0.46104011,0.598062506,3.231867528,-0.131526076,0.159636874,75.79339337,-1.814567676,5.797627498
NC(=O)O[C@@H](Cn1ncnn1)c1ccccc1Cl,0.392868175,0.916804058,0.832482904,-4.75798709,28.51496991,34.47449805,0.220768065,0.281722115,0.147683058,0.088863909,0.54740672,0.271484288,0.734576678,16.40134302,0.333608555,0.968276621,2.562463653,2.461380412,0.379208741,93.96086842,-2.445763723,2.780665941
CC(=O)OCC1=C(C(=O)O)N2C(=O)[C@@H](NC(=O)[C@H](N)c3ccccc3)[C@H]2SC1,0.243803817,0.22251113,0.795332969,-5.490421995,32.08891831,43.19658051,0.223541609,0.236634129,0.199536331,0.070819834,0.581971386,0.158475045,0.867332753,16.13975626,0.302863797,0.933271212,2.520793975,0.938832159,0.610003633,92.5801944,-2.215696177,1.487888111
Cc1cc(Nc2ncc(Cl)c(=Nc3ccccc3S(=O)(=O)C(C)C)[nH]2)c(OC(C)C)cc1C1CCNCC1,0.297427254,0.786324509,0.783102381,-5.291875862,32.07445962,23.07233775,0.261907311,0.613175883,0.247605044,0.180981959,0.610087237,0.700845669,0.833668951,6.148949193,0.789150413,0.966149792,2.961802969,2.373229284,0.868750657,96.2458011,-4.938378141,4.401089314
CSCC[C@H](NC(=O)[C@H](Cc1c[nH]c2ccccc12)NC(=O)CNC(=O)[C@@H](NC(=O)[C@H](Cc1ccc(OS(=O)(=O)O)cc1)NC(=O)[C@H](CC(=O)O)NC(=O)[C@H](CCC(N)=O)NC(=O)[C@@H]1CCC(=O)N1)[C@@H](C)O)C(=O)N[C@@H](CC(=O)O)C(=O)N[C@@H](Cc1ccccc1)C(N)=O,0.210763588,0.295462658,0.470938,-6.514404802,59.58051257,38.72608712,0.261537786,0.19711242,0.183119457,0.083721652,0.492083164,0.20807368,0.858944569,24.74194788,0.751404447,0.207919025,2.665686671,0.24186218,0.270432648,68.81919037,-2.720443483,2.297700313
CCCCCCCCCCCCCCCC[N+](C)(C)Cc1ccccc1,0.083836075,0.940578269,0.8153585,-4.84381529,18.31486909,16.83197212,0.193536727,0.135404926,0.190242886,0.720784272,0.486709125,0.201922006,0.129269113,9.965681982,0.846067371,0.405276738,2.270788917,2.782801596,0.850920545,94.54401779,-5.975284852,11.01204872
CCCCCCCCCCCCCCCC[N+](C)(C)C,0.081781097,0.938450085,0.835886034,-4.753312571,15.58045956,14.44393909,0.18370274,0.092365962,0.209092702,0.195151999,0.476662629,0.156824996,0.113955369,14.17373285,0.794227279,0.356831218,2.058767885,2.466551924,0.209978688,91.32048465,-5.285698175,10.70729513
CCCCCCCCCCCCCCCC[n+]1ccccc1,0.090727098,0.936299645,0.848112853,-4.796114651,37.33762103,20.98417136,0.175846895,0.323696667,0.181311447,0.532515159,0.412534698,0.202228205,0.136764416,7.210112782,0.608076181,0.9581281,2.083526549,3.192298221,0.698621868,95.17697365,-5.41285222,8.676301499
CC1O[C@@]2(CS1)CN1CCC2CC1,0.352936455,0.892846383,0.769177076,-4.673043676,29.33163783,25.60242018,0.199335828,0.12097568,0.212276537,0.257279071,0.587946356,0.150441981,0.194181075,12.10265732,0.590779827,0.96419792,2.616883878,2.215082543,0.156991702,87.50997161,-1.954541721,4.653789623
CCCCCCCCCCCCCCCC(=O)OC[C@@H](NC(=O)C(Cl)Cl)[C@H](O)c1ccc([N+](=O)[O-])cc1,0.721465846,0.852516153,0.836865707,-5.117797133,27.47303716,36.05421731,0.179731064,0.613481023,0.166975192,0.148318789,0.529941319,0.639688137,0.254448628,11.5763714,0.47844282,0.966495278,2.472893526,3.114534205,0.843531388,96.65478685,-5.684444511,5.394197694
O=C(O)CCC(=O)OC[C@@H](NC(=O)C(Cl)Cl)[C@H](O)c1ccc([N+](=O)[O-])cc1,0.777255613,0.658409367,0.869364567,-5.190835651,21.38783322,24.45494716,0.183405476,0.324768541,0.161090057,0.083162344,0.492429937,0.211720512,0.551386674,9.355888411,0.373988452,0.962772165,2.424123099,1.154280183,0.21856491,92.45726252,-2.780921705,1.645098563
COC(CNC(N)=O)[CH2][Hg][Cl],0.262911996,0.89913856,0.859521691,-4.779921257,19.26243472,7.295167866,0.184681572,0.108545239,0.204724273,0.087250512,0.462494581,0.094324659,0.289513363,15.39570352,0.232578997,0.965046773,2.167240848,2.280882977,0.103193202,89.15004463,-1.872744016,1.216940631
COC([CH2][197Hg+])CNC(N)=O.[Cl-],0.223109733,0.908973211,0.850158479,-4.832098283,18.30165796,25.78641381,0.179007363,0.102711289,0.215925535,0.077846539,0.436792812,0.101378431,0.242383273,15.61896555,0.242555665,0.965578354,2.127003745,1.609297263,0.089757257,80.27702118,-0.714073956,1.641386734
CCN(CC)CCOC(=O)c1ccc(N)cc1Cl,0.281775644,0.916864649,0.859687429,-4.629382673,37.6528439,40.63898143,0.175374368,0.288068479,0.469599446,0.414964966,0.489008951,0.223377465,0.18334096,11.60220465,0.79033141,0.963870638,2.380847559,2.444028242,0.140575732,95.20554528,-3.209499323,2.532526536
C[N+](C)([11CH3])CCO.[Cl-],0.190486029,0.927319612,0.844243047,-4.80167892,17.04642404,26.4365503,0.188597969,0.074205471,0.196119072,0.08377482,0.426642091,0.085150781,0.110476633,12.35327139,0.453930848,0.33856667,1.930698953,1.431168246,0.079401997,79.56657385,0.010295586,1.896686158
C[N+](C)([11CH3])CCO,0.121684663,0.940480132,0.853348064,-4.667638367,17.12547685,22.67751611,0.190264123,0.074417158,0.196709589,0.080761879,0.422149295,0.087703756,0.10681526,13.11816504,0.417054304,0.34780306,1.887409271,2.11477651,0.071861194,88.78162577,-0.333481332,2.525623424
C[N+](C)(C)CCO.O=C([O-])c1ccccc1O.O=C([O-])c1ccccc1O.O=C([O-])c1ccccc1O.[Mg+2],0.197319409,0.531174157,0.791276061,-5.667442823,18.28170234,22.75623618,0.247239395,0.132357634,0.161694843,0.107903365,0.523579021,0.109261193,0.697676015,26.54892861,0.651258482,0.733328936,2.299012358,1.135183402,0.380691057,85.94316924,-2.382096874,1.330906335
C[N+](C)(C)CCO.O=C([O-])c1ccccc1O,0.13419294,0.765617663,0.833674009,-4.86311024,15.95504157,14.46222006,0.203915455,0.083747057,0.200737712,0.096982946,0.471698165,0.095957633,0.14308708,10.54046875,0.389855772,0.656987133,2.151236924,1.239974861,0.110857892,91.33794985,-0.903555971,2.510619448
[51Cr],0.172364362,0.94467687,0.854128551,-4.502138611,21.25938705,37.00634004,0.200611298,0.087198951,0.158915939,0.078308387,0.405795075,0.087229915,0.168707908,17.37815112,0.205896723,0.967356893,2.575755122,2.636233829,0.071910728,89.47096146,-2.62623013,2.640750544
O=C([O-])[C@H](O)[C@@H](O)[C@H](O)[C@H](O)CO.O=C([O-])[C@H](O)[C@@H](O)[C@H](O)[C@H](O)CO.O=C([O-])[C@H](O)[C@@H](O)[C@H](O)[C@H](O)CO.[Cr+3],0.153645769,0.538293945,0.596997231,-6.73472289,15.82632592,8.769338885,0.2205849,0.096026692,0.148978429,0.063404651,0.49929522,0.091958788,0.222558953,16.03110773,0.198688993,0.217723133,2.131550071,0.450340063,0.132505627,59.58943734,-0.831527411,0.246505691
O=C([O-])c1cccnc1.O=C([O-])c1cccnc1.O=C([O-])c1cccnc1.[Cr+3],0.143711986,0.742955259,0.851677173,-5.36271904,17.40720911,17.54967641,0.198552277,0.182140085,0.146443399,0.067500503,0.440530516,0.153359293,0.74672397,30.65773494,0.216661828,0.956670246,2.534091201,1.178753201,0.180714875,83.74277249,-1.516110314,0.895559456
O=C([O-])c1ccccn1.O=C([O-])c1ccccn1.O=C([O-])c1ccccn1.[Cr+3],0.157020462,0.736424908,0.834986138,-5.36960455,17.21570242,17.5513343,0.201221665,0.139455114,0.149302932,0.061635764,0.459929434,0.101304966,0.756069053,24.31011261,0.220661006,0.954123714,2.424245563,1.240372471,0.201441134,83.5088611,-1.759209776,1.025388214
O=S(=O)([O-])[O-].[Cr+2],0.210205337,0.939127338,0.853842478,-4.598260599,18.87618943,33.85477775,0.206210054,0.085612696,0.167595302,0.067895286,0.38281262,0.089029762,0.50544185,17.76440068,0.203820432,0.966437375,2.677369928,2.390217394,0.072165709,87.90436356,-1.062629547,0.999022026
C[N+](C)(C)CCOP(=O)([O-])OP(=O)(O)OC[C@H]1O[C@@H](n2ccc(N)nc2=O)[C@H](O)[C@@H]1O,0.34754393,0.665657222,0.707896362,-5.453903764,28.05813822,36.31420256,0.242465474,0.129231855,0.192154912,0.066489934,0.514400251,0.248136573,0.865216083,17.82373883,0.481816671,0.795363867,3.358310336,1.860898361,0.246201656,83.58888369,-1.315214729,2.489998429
CCC(=O)O[C@]1(C(=O)CO)CC[C@H]2[C@@H]3CCC4=CC(=O)CC[C@]4(C)[C@H]3CC[C@@]21C,0.100269597,0.867311539,0.794733683,-4.929984487,30.69890541,31.89422656,0.171366725,0.162042089,0.154312633,0.061245438,0.690527847,0.357347912,0.321623888,13.32746106,0.590170069,0.969438519,2.404428181,2.880167803,0.830429308,94.99635372,-3.945386037,4.163528451
CC(C)(C)NCC(O)c1cc(Cl)c(N)c(Cl)c1,0.272206829,0.85297067,0.854583331,-4.858245571,16.66768775,15.33360094,0.185091552,0.313176204,0.172449975,0.234678837,0.539862357,0.212073422,0.458939139,6.209268659,0.396277426,0.968548292,2.444801961,2.584473308,0.13689803,93.58774798,-2.812651431,3.734381789
C[N@+]12CC[C@H](CC1)C(OC(=O)C(O)(c1ccccc1)c1ccccc1)C2,0.187288748,0.730504435,0.815921177,-4.926014362,21.40080129,38.67250138,0.207597515,0.115912035,0.188562442,0.258892939,0.546762044,0.169645666,0.137868402,18.08742385,0.75668239,0.52190535,2.426041167,2.124791811,0.641679546,92.44115666,-3.305075385,4.230524633
C[C@H]1C[C@H]2[C@@H]3CCC4=CC(=O)C=C[C@]4(C)[C@@]3(F)[C@@H](O)C[C@]2(C)[C@@]1(O)C(=O)CCl,0.1971177,0.920863818,0.827860642,-4.913663177,33.54229604,35.79693121,0.161557842,0.143418021,0.143948086,0.070380182,0.69115548,0.50857482,0.283359281,13.4530079,0.549818142,0.969140951,2.719473059,2.709259865,0.643480987,91.32806203,-3.260226339,4.089313618
C[C@@H]1C[C@H]2[C@@H]3C[C@H](F)C4=CC(=O)C=C[C@]4(C)[C@@]3(Cl)[C@@H](O)C[C@]2(C)[C@H]1C(=O)CO,0.286498765,0.907755762,0.805128246,-4.929159235,37.85942688,27.79775825,0.17598891,0.178505421,0.149201686,0.069929437,0.644926766,0.632947448,0.18494872,20.44327562,0.507021617,0.96583271,2.779876295,2.734397844,0.724087084,91.27088841,-3.342999938,3.657512291
Nc1nc(Cl)nc2c1ncn2[C@@H]1O[C@H](CO)[C@@H](O)[C@@H]1F,0.605919475,0.886475483,0.842620025,-5.021307598,33.10478037,24.899943,0.219824484,0.146378764,0.180070761,0.068717853,0.51798146,0.238914496,0.868864054,20.56706172,0.358913493,0.954934217,2.602278485,2.554189209,0.196047034,90.14655291,-1.684889789,2.876833382
CN(C)CCC(O)(c1ccccc1)c1ccccc1Cl,0.15288025,0.926233882,0.853496005,-4.795665666,22.37753634,21.27718405,0.203947101,0.313661227,0.252722509,0.705558739,0.576305333,0.179775015,0.130435649,10.58938418,0.879182704,0.967935011,2.540742805,2.909111589,0.700652738,94.32635448,-3.120889768,2.799597493
CC(C)c1nc(CN(C)C(=O)N[C@@H](CCN2CCOCC2)C(=O)N[C@H](CC[C@H](Cc2ccccc2)NC(=O)OCc2cncs2)Cc2ccccc2)cs1,0.276620063,0.692980769,0.817937148,-5.251141331,35.54670476,73.21352326,0.215385855,0.777242141,0.267450963,0.418471553,0.542468325,0.882928966,0.864383678,10.91064363,0.800856758,0.962015822,2.878856225,3.242711881,0.920379154,94.83067559,-5.10900152,5.27762815
O=C(c1ccc(F)c(F)c1Nc1ccc(I)cc1F)N1CC(O)([C@@H]2CCCCN2)C1,0.248591653,0.819912828,0.841082546,-5.105182434,28.68144667,20.6241565,0.21680379,0.466553153,0.379993711,0.219913682,0.533633759,0.578763736,0.56430434,18.95505673,0.828329923,0.954894392,2.585170851,2.571349981,0.883375861,93.5328567,-3.478424594,7.222886426
Cc1ncc(C[n+]2csc(CCO[P@@](=O)(O)O[P@@](=O)([O-])O)c2C)c(N)n1,0.351270407,0.752894247,0.813807022,-5.108515913,39.76988823,58.34670772,0.223539098,0.468988611,0.210326169,0.13552099,0.571873061,0.617782453,0.75412333,16.61999901,0.669014965,0.95609891,3.597922325,2.203620502,0.273272176,92.55584209,-1.980145704,2.737938468
COc1cc2c(c(OC)c1OC)-c1ccc(O)c(=O)cc1C(NC(C)=O)CC2,0.445230517,0.919604549,0.843562638,-4.786629243,21.09687207,38.05035009,0.2033522,0.628396016,0.153994273,0.150893746,0.669074728,0.561012958,0.428346392,4.957182708,0.648393977,0.965191516,2.467452818,2.505149493,0.864972383,96.21997633,-3.193910129,4.067577283
CCCCCCCCCCCCCCCC(=O)OC[C@H](COP(=O)([O-])OCC[N+](C)(C)C)OC(=O)CCCCCCCCCCCCCCC,0.108641643,0.874961407,0.746332215,-4.965849887,21.12921401,61.51138418,0.191692509,0.164967502,0.167198362,0.128877822,0.583202191,0.634012391,0.206769455,14.71762333,0.658201749,0.449238498,2.253839998,2.445195609,0.688804126,87.01308697,-5.201780568,5.963594194
CCC(C)CCCCC(=O)NC(CCNCS(=O)(=O)[O-])C(=O)NC(C(=O)NC(CCNCS(=O)(=O)[O-])C(=O)NC1CCNC(=O)C(C(C)O)NC(=O)C(CCNCS(=O)(=O)[O-])NC(=O)C(CCNCS(=O)(=O)[O-])NC(=O)C(CC(C)C)NC(=O)C(CC(C)C)NC(=O)C(CCNCS(=O)(=O)[O-])NC1=O)C(C)O,0.17017594,0.217672707,0.522992271,-6.342333796,46.34256783,51.23964041,0.248488371,0.142375053,0.180825215,0.092173152,0.566835551,0.138275442,0.698590484,67.30930198,0.632980421,0.176088614,2.496424744,0.243263768,0.158734937,63.24874905,-2.280861576,3.973080946
CCC(C)CCCC(=O)N[C@@H](CCN)C(=O)N[C@H](C(=O)N[C@@H](CCN)C(=O)N[C@H]1CCNC(=O)C([C@@H](C)O)NC(=O)[C@@H](CCN)NC(=O)[C@H](CCN)NC(=O)[C@@H](CC(C)C)NC(=O)[C@@H](CC(C)C)NC(=O)[C@H](CCN)NC1=O)[C@@H](C)O,0.157858255,0.223029757,0.474523208,-6.319497194,31.19959,37.40412184,0.214369545,0.088414639,0.182423502,0.068150027,0.533367729,0.164351737,0.41356462,155.6719327,0.38236093,0.237009385,2.686201098,0.633668014,0.189197341,69.6035364,-2.540330223,2.995728006
COc1c(OCCCN2CCOCC2)ccc2c1N=C(NC(=O)c1cnc(N)nc1)N1CCN=C21,0.713334298,0.844396435,0.824405488,-5.267584082,33.79633476,44.15549954,0.246213418,0.316677368,0.203638056,0.137571276,0.557607101,0.470532725,0.847988007,14.65385851,0.847382884,0.954906234,2.781386133,2.372965588,0.892236884,90.88884956,-2.889470359,3.96419368
[64Cu],0.190317163,0.927750626,0.85193767,-4.503819733,21.1594183,37.08412079,0.196783723,0.088174695,0.161468653,0.079740689,0.414273483,0.0877251,0.164716295,17.44330062,0.205896723,0.967356025,2.23301006,2.658475432,0.071910728,89.73065677,-2.86368875,2.646639895
C[C@@H](O)[C@H](NC(=O)[C@@H]1CSSC[C@H](NC(=O)[C@@H](Cc2ccccc2)NC(=O)CN2CCN(CC(=O)[O-])CCN(CC(=O)[O-])CCN(CC(=O)O)CC2)C(=O)N[C@@H](Cc2ccc(O)cc2)C(=O)N[C@H](Cc2c[nH]c3ccccc23)C(=O)N[C@@H](CCCCN)C(=O)N[C@@H]([C@@H](C)O)C(=O)N1)C(=O)O.[64Cu+2],0.198014323,0.370072535,0.48061945,-6.634802065,50.243763,34.88590081,0.247827413,0.193010975,0.208135803,0.095837477,0.593231885,0.284767672,0.746890893,10.10326175,0.785308209,0.21707815,2.884937234,0.151845928,0.347455713,58.2809667,-2.437350497,1.055778078
N#Cc1ccc(Oc2ccc3c(c2)COB3O)cc1,0.424768926,0.90765925,0.841718688,-4.694310715,19.31335362,22.42084493,0.22763497,0.623097199,0.19221458,0.119301994,0.478093179,0.253610272,0.480319394,7.250513961,0.402361363,0.965489105,3.434122321,2.929661876,0.227571666,94.3446605,-2.963888615,2.186847119
[Cl][Cu][Cl],0.373581306,0.931481266,0.845782782,-4.473658445,21.01036866,37.88905417,0.191780967,0.102750618,0.177924067,0.077636052,0.427556272,0.093485843,0.257500033,17.04964647,0.205970888,0.966356639,2.285517144,2.769537015,0.075359332,86.34148584,-2.361428724,2.644233494
[Cu+2].[O-2],0.170886256,0.92581484,0.821681878,-4.520960968,21.19398845,44.92884325,0.207788403,0.105652434,0.164346167,0.079128492,0.419774352,0.090903515,0.148964861,16.6027586,0.211450682,0.966674192,2.171506388,2.686652196,0.074671747,90.31149258,-2.404924535,2.693336095
O=S(=O)([O-])[O-].[Cu+2],0.221415751,0.929895767,0.850526296,-4.606313181,18.81530048,33.86296556,0.209250708,0.094680667,0.173361603,0.068058547,0.387746728,0.090695105,0.501703764,17.73945467,0.203820432,0.96662482,2.156222506,2.354255645,0.069065875,88.52366219,-1.293692646,0.932000385
C/C1=C2N=C(/C=C3N=C(/C(C)=C4/[C@@H](CCC(N)=O)[C@](C)(CC(N)=O)[C@](C)([C@@H]5N=C1[C@](C)(CCC(=O)NC[C@@H](C)OP(=O)([O-])O[C@H]1[C@@H](O)[C@@H](n6cnc7cc(C)c(C)cc76)O[C@@H]1CO)[C@H]5CC(N)=O)[N]4[Co+][C]#N)[C@@](C)(CC(N)=O)[C@@H]\3CCC(N)=O)C(C)(C)[C@@H]/2CCC(N)=O,0.185440561,0.243265928,0.585859971,-5.972107628,67.76545354,58.60746269,0.215248224,0.532829739,0.180220465,0.094460126,0.586945536,0.575226199,0.834017301,43.95254831,0.565113466,0.897899423,3.122578028,2.311226482,0.79884985,79.15816697,-4.089321514,3.940975565
C/C1=C2/[N-]C([C@H](CC(N)=O)[C@@]2(C)CCC(=O)NC[C@@H](C)OP(=O)([O-])O[C@H]2[C@@H](O)[C@@H](n3cnc4cc(C)c(C)cc43)O[C@@H]2CO)[C@]2(C)N=C(/C(C)=C3N=C(/C=C4N=C1[C@@H](CCC(N)=O)C\4(C)C)[C@@H](CCC(N)=O)[C@]\3(C)CC(N)=O)[C@@H](CCC(N)=O)[C@]2(C)CC(N)=O.[60Co+3].[C-]#N,0.217353089,0.278276055,0.650470952,-6.019554097,51.13144625,85.91337413,0.215652625,0.428032048,0.168897455,0.089913181,0.623713774,0.53010302,0.799262902,69.71006793,0.602481285,0.907800839,3.095414476,2.088361118,0.820338226,81.569999,-4.011948369,3.027160477
CC1(C)N=C(N)N=C(N)N1c1ccc(Cl)cc1,0.352450025,0.919644022,0.835094955,-4.862405229,16.28790505,16.56519525,0.222140905,0.197163213,0.216565864,0.512053831,0.596269454,0.198937588,0.742318818,11.72320994,0.505941029,0.964509352,2.631318869,2.705026549,0.185735765,91.42748339,-2.514757674,3.004082107
CN(C)CCOC(=O)C(c1ccccc1)C1(O)CCCC1,0.132180125,0.927310178,0.817447345,-4.745022621,28.00363408,35.27282747,0.200926466,0.207688291,0.256111789,0.198871364,0.475028398,0.158180223,0.133573016,12.69967702,0.558859844,0.968560637,2.331792284,2.383845508,0.175959062,90.43369357,-2.708017352,2.032559225
OC(CCN1CCCCC1)(c1ccccc1)C1CCCC1,0.091244613,0.941373351,0.868141332,-4.807282625,33.14029237,25.96212239,0.19336197,0.193448474,0.22726441,0.810820255,0.437557015,0.123819177,0.105608366,11.63684478,0.824032448,0.969419891,2.421078479,2.900428685,0.685000648,93.91692691,-3.356357566,3.776660971
CC(=O)O[C@]1(C(C)=O)CC[C@H]2[C@@H]3C=C(Cl)C4=CC(=O)[C@@H]5C[C@@H]5[C@]4(C)[C@H]3CC[C@@]21C,0.33270277,0.838886621,0.789893749,-4.898675255,31.49307259,39.44284171,0.175095213,0.303378327,0.14724219,0.079856274,0.729376541,0.438804466,0.475130298,11.80279741,0.391233777,0.967979997,2.439949385,3.116429375,0.807079044,93.02150306,-4.350643956,3.887560288
N[C@@H](CS)C(=O)O,0.580504819,0.888960049,0.794652567,-4.955863414,20.02363542,20.52743401,0.242772362,0.090878686,0.218332309,0.063742252,0.392934349,0.095842697,0.149912807,8.585193788,0.212444652,0.968150265,2.265385,0.919071204,0.06200613,92.37722282,-0.223974716,0.846188733
CSCC[C@@H](N)C(=O)O,0.154005469,0.903135527,0.867080872,-4.940714597,27.55750329,19.12290381,0.254780658,0.10747805,0.19731011,0.068611197,0.391202203,0.090456237,0.12852597,7.579142866,0.294166958,0.967621049,2.14355949,0.97798143,0.070313249,92.05336661,-0.66934547,0.765128521
N[C@H](CO)C(=O)O,0.154135415,0.903166981,0.861185174,-5.091090225,18.04406261,14.82971917,0.233208122,0.082869115,0.19340388,0.062186095,0.366376785,0.084723155,0.10546429,10.36119521,0.208808637,0.968406544,1.850290053,0.674484001,0.059692873,90.74755047,0.275560556,0.716860572
O=C[C@H](O)[C@@H](O)[C@H](O)[C@H](O)CO,0.208233687,0.881791766,0.838356722,-5.400672462,14.57184656,6.15826782,0.185978545,0.080343133,0.176721047,0.061286977,0.421303021,0.090101814,0.130834395,15.48732691,0.22569595,0.960275287,1.89171525,1.406886169,0.075589401,80.40639788,0.114858946,0.952275568
C[C@@H]([C@H](O)c1ccccc1)N(C)C,0.113314174,0.916558396,0.873990527,-4.694484903,14.75874388,19.63366227,0.193859504,0.146953319,0.184900434,0.189249327,0.502821818,0.117506346,0.111125507,12.79773388,0.388147417,0.968811023,2.328475589,2.590620569,0.091940672,93.66000345,-1.744132508,1.628086232
CCCCCCCCCCCCCC(=O)OCC(COP(=O)([O-])OCC[N+](C)(C)C)OC(=O)CCCCCCCCCCCCC,0.118612263,0.878793715,0.784593417,-4.955108441,18.64290873,60.42271681,0.190240132,0.168401406,0.188456916,0.127036016,0.578661076,0.637376316,0.185454841,14.17819025,0.658201749,0.412215552,2.277661409,2.479579295,0.669691676,87.59018267,-5.123191451,5.671167183
CCCCCCCCCCCCCC(=O)OCC(COP(=O)(O)OCC(O)CO)OC(=O)CCCCCCCCCCCCC,0.103536345,0.828923981,0.823288461,-5.190782309,19.92426019,41.03656567,0.195941962,0.335679986,0.182416612,0.1000674,0.515362771,0.536892298,0.2124433,12.82237094,0.404282829,0.908080966,2.132417139,2.551393892,0.698004879,90.82971668,-5.001200657,4.993754619
CCCCCCOC(=O)/N=C(/N)c1ccc(NCc2nc3cc(C(=O)N(CCC(=O)OCC)c4ccccn4)ccc3n2C)cc1,0.601681748,0.804404801,0.766653604,-5.271761005,41.11090482,52.98531924,0.202504689,0.723603168,0.178408869,0.14824006,0.563561708,0.751396226,0.867546833,0.739244094,0.72516979,0.959579468,2.728145711,2.625220107,0.93697844,92.27549069,-4.734264625,4.783945395
CC(C)(C)c1nc(-c2cccc(NS(=O)(=O)c3c(F)cccc3F)c2F)c(-c2ccnc(N)n2)s1,0.711983812,0.766122928,0.794089213,-5.009480468,30.76546657,53.08740802,0.240378083,0.620543514,0.1611024,0.134653127,0.438191019,0.761290837,0.883051645,22.71725155,0.514759739,0.962843193,2.643113252,3.194320827,0.876828454,95.13867663,-4.708303318,5.088152876
COC(=O)N[C@H](C(=O)N1CCC[C@H]1c1ncc(-c2ccc(-c3ccc(-c4cnc([C@@H]5CCCN5C(=O)[C@@H](NC(=O)OC)C(C)C)[nH]4)cc3)cc2)[nH]1)C(C)C,0.498750928,0.728255428,0.771868628,-5.324042396,38.30298515,50.80892739,0.206443413,0.688629214,0.177802196,0.098515893,0.603830648,0.847639199,0.837292941,15.66082894,0.743731746,0.959022267,2.658040094,3.217447909,0.924793838,97.31631661,-4.969234849,4.227063762
Cc1c2oc3c(C)ccc(C(=O)N[C@@H]4C(=O)N[C@H](C(C)C)C(=O)N5CCC[C@H]5C(=O)N(C)CC(=O)N(C)[C@@H](C(C)C)C(=O)O[C@@H]4C)c3nc-2c(C(=O)N[C@@H]2C(=O)N[C@H](C(C)C)C(=O)N3CCC[C@H]3C(=O)N(C)CC(=O)N(C)[C@@H](C(C)C)C(=O)O[C@@H]2C)c(N)c1=O,0.489334962,0.287020826,0.547545657,-5.305427711,50.44787566,65.74933109,0.228252857,0.198706048,0.182185457,0.07733033,0.612152903,0.489005647,0.814165798,16.76447147,0.474054015,0.844041135,3.707493028,1.912797983,0.726615748,82.13797019,-4.209726845,6.542074889
CCOc1ccc(Cc2cc([C@@H]3O[C@H](CO)[C@@H](O)[C@H](O)[C@H]3O)ccc2Cl)cc1,0.207476944,0.861269612,0.824760458,-5.159377474,23.13863071,12.38590171,0.229858254,0.385390347,0.191371788,0.117995088,0.61729257,0.245393905,0.169252605,14.81324591,0.66873152,0.964836048,2.522340072,2.602490465,0.846308209,96.27243136,-2.732711615,2.650072442
Cc1ccccc1N1CCN(CCc2nnc3n2CCCC3)CC1,0.361851799,0.932420455,0.851076415,-4.902263322,26.03707857,47.17995289,0.195981979,0.23114408,0.19438866,0.284124891,0.534226439,0.565997702,0.339580585,8.660263396,0.816831234,0.960385202,2.712869034,2.799967505,0.786554454,94.04532643,-2.246748512,6.980012133
CCCCCCCCCC(=O)N[C@@H](Cc1c[nH]c2ccccc12)C(=O)N[C@H](CC(N)=O)C(=O)N[C@@H](CC(=O)O)C(=O)N[C@@H]1C(=O)NCC(=O)N[C@@H](CCCN)C(=O)N[C@@H](CC(=O)O)C(=O)N[C@H](C)C(=O)N[C@@H](CC(=O)O)C(=O)NCC(=O)N[C@H](CO)C(=O)N[C@@H]([C@H](C)CC(=O)O)C(=O)N[C@@H](CC(=O)c2ccccc2N)C(=O)O[C@@H]1C,0.174665241,0.300382152,0.508444914,-6.489732063,47.23381832,40.51789171,0.2301039,0.131046965,0.175908916,0.098317048,0.562495293,0.153926334,0.743210752,21.79142015,0.650590346,0.162628617,2.882907841,-0.273504791,0.26056073,60.96112819,-2.729272307,3.387034327
COc1ccc(-n2nccn2)c(C(=O)N2CCC[C@@]2(C)c2nc3c(C)c(Cl)ccc3[nH]2)c1,0.612840227,0.846128636,0.832195514,-5.128841379,32.29347465,58.64660129,0.217562114,0.780876569,0.180136696,0.135623861,0.665258815,0.769843359,0.844273498,6.575937214,0.615398862,0.964532471,2.781603433,3.124996815,0.904145912,94.32871711,-3.958557713,3.556962053
CC(O)c1cc(C(=O)N[C@@H](C)Cn2ccc(-c3ccc(C#N)c(Cl)c3)n2)n[nH]1,0.532044825,0.771240246,0.842932896,-5.30173532,35.81933814,34.1291764,0.231362057,0.657577472,0.1600592,0.09519617,0.652715695,0.631448349,0.775146587,14.33677873,0.556043,0.96419616,2.564381069,2.952778184,0.894497653,97.03820708,-2.948399387,3.162398663
CC(C)CN(C[C@@H](O)[C@H](Cc1ccccc1)NC(=O)O[C@H]1CO[C@H]2OCC[C@H]21)S(=O)(=O)c1ccc(N)cc1,0.316599269,0.737720395,0.821116145,-5.155242446,33.77556214,38.61089289,0.283719547,0.612757412,0.175894981,0.160131456,0.643655789,0.77204345,0.793106921,16.64217373,0.787769496,0.958527793,2.44711033,2.867607051,0.792558024,94.62849287,-3.317906592,2.636536024
COc1c(-c2ccc3cc(NS(C)(=O)=O)ccc3c2)cc(-n2ccc(=O)[nH]c2=O)cc1C(C)(C)C,0.602049509,0.843606129,0.822247907,-5.074810112,26.16869908,36.91716732,0.222104172,0.717094244,0.158832352,0.112304857,0.611226132,0.771004207,0.862259541,9.18305467,0.619888789,0.964199824,2.547819806,2.875658493,0.883039564,100.0,-4.302989891,2.414154699
C[N+](C)(C)CCCCCCCCCC[N+](C)(C)C,0.084521889,0.938537863,0.842218015,-4.68680638,15.90937833,13.37122852,0.191275927,0.082295373,0.225140068,0.171598391,0.517366832,0.133682177,0.11092509,14.12316352,0.755494929,0.321866483,2.114894325,2.208261353,0.156260903,86.37185355,-3.440689452,10.67336332
O=C(O)c1ccc(-n2nc(-c3ccccc3O)nc2-c2ccccc2O)cc1,0.247521598,0.648965119,0.844417129,-5.120805497,19.12786655,12.1804564,0.253422262,0.538096931,0.156801931,0.093799904,0.568411183,0.152183778,0.853767713,19.404904,0.292238918,0.960379184,2.465358636,1.485715326,0.903430717,94.79086654,-4.020501298,2.673858469
CC(=O)N[C@H](Cc1ccc2ccccc2c1)C(=O)N[C@H](Cc1ccc(Cl)cc1)C(=O)N[C@H](Cc1cccnc1)C(=O)N[C@@H](CO)C(=O)N[C@@H](Cc1ccc(NC(=O)[C@@H]2CC(=O)NC(=O)N2)cc1)C(=O)N[C@H](Cc1ccc(NC(N)=O)cc1)C(=O)N[C@@H](CC(C)C)C(=O)N[C@@H](CCCCNC(C)C)C(=O)N1CCC[C@H]1C(=O)N[C@H](C)C(N)=O,0.166343945,0.22273331,0.47288113,-6.254002573,54.41397283,83.35125146,0.238399356,0.341956939,0.187127178,0.146960615,0.582555145,0.829592224,0.800480226,22.26836686,0.704814003,0.489462019,2.983383437,2.198450727,0.638412908,81.46668237,-3.564858601,6.029031563
Nc1nc(-n2cc(C(=O)O)c(=O)c3cc(F)c(N4CC(O)C4)c(Cl)c32)c(F)cc1F,0.65664835,0.536066501,0.831596622,-4.988667093,25.96759641,7.294926082,0.198426203,0.30914408,0.181226699,0.077861594,0.483888266,0.17028708,0.904208095,19.85633924,0.564266457,0.962863135,2.498767349,0.404482843,0.461185285,89.59430681,-3.092161303,3.653711424
C[C@]1(COc2ccc(N3CCC(Oc4ccc(OC(F)(F)F)cc4)CC3)cc2)Cn2cc([N+](=O)[O-])nc2O1,0.716554445,0.843243387,0.780001746,-5.155345678,43.77150426,41.78722886,0.203628989,0.820870009,0.155748579,0.111678461,0.625341584,0.387157246,0.738345003,22.32612814,0.812332998,0.958457513,2.764917938,3.459745505,0.918013764,95.05187925,-4.178970312,4.837672651
CN(CCCCCCCCCCN(C)C(=O)Oc1cccc([N+](C)(C)C)c1)C(=O)Oc1cccc([N+](C)(C)C)c1,0.28515787,0.92746582,0.692277879,-4.8528703,23.22332418,27.66674188,0.180821791,0.228370934,0.28243304,0.183731224,0.622592499,0.500428736,0.208344036,12.05441482,0.834674874,0.6391659,2.655187876,3.158141744,0.870023231,94.02451588,-5.17053089,4.690974904
C[C@H]1O[C@@H](O[C@H]2CC[C@@]3(C)[C@H](CC[C@@H]4[C@@H]3C[C@@H](O)[C@]3(C)[C@@H](C5=CC(=O)OC5)CC[C@]43O)C2)C[C@H](O)[C@@H]1O[C@H]1C[C@H](O)[C@H](O[C@H]2C[C@H](O)[C@H](O[C@@H]3O[C@H](CO)[C@@H](O)[C@H](O)[C@H]3O)[C@@H](C)O2)[C@@H](C)O1,0.178613985,0.160813147,0.648456077,-6.011695503,58.86907365,54.52988503,0.182136911,0.080770872,0.140121779,0.074093397,0.642114783,0.204771078,0.433847435,19.62828452,0.778316261,0.90198227,3.237670911,2.011754439,0.344124578,83.9054843,-2.575582367,4.787715435
N=C(N)NCCC[C@@H](NC(=O)[C@@H]1CCCN1C(=O)[C@@H]1CSSCCC(=O)N[C@@H](Cc2ccc(O)cc2)C(=O)N[C@@H](Cc2ccccc2)C(=O)N[C@@H](CCC(N)=O)C(=O)N[C@@H](CC(N)=O)C(=O)N1)C(=O)NCC(N)=O,0.209999938,0.256597924,0.569492106,-6.604303108,36.94843649,41.28524575,0.253323058,0.159680397,0.199993734,0.113554917,0.558096456,0.678146066,0.599960527,7.943837734,0.670436358,0.413248391,2.935664188,0.911531478,0.346621644,68.18971721,-2.293905134,3.013231362
CC1(C)O[C@@H]2C[C@H]3[C@@H]4CCC5=CC(=O)C=C[C@]5(C)[C@H]4[C@@H](O)C[C@]3(C)[C@]2(C(=O)CO)O1,0.196443537,0.922325086,0.694849103,-5.013119631,45.36273587,39.68841492,0.16656645,0.125405733,0.139720674,0.069691646,0.686268049,0.412304469,0.225789261,14.92835335,0.44800725,0.969155469,2.770619222,2.804321329,0.57339699,90.93256099,-2.902386423,3.612935506
[2H]C([2H])([2H])NC(=O)c1nnc(NC(=O)C2CC2)cc1Nc1cccc(-c2ncn(C)n2)c1OC,0.725909049,0.827326793,0.828495262,-5.200251707,36.9265074,29.18637915,0.218139773,0.587581485,0.175884582,0.10561667,0.613062541,0.529803929,0.883372995,11.44779415,0.545423757,0.96614102,2.848397387,3.134608154,0.85037752,95.77491261,-2.985034403,6.946091641
[2H]C([2H])([2H])Oc1cc2c(cc1OC([2H])([2H])[2H])[C@@H]1CC(=O)[C@@H](CC(C)C)CN1CC2,0.230983626,0.936829394,0.662042598,-4.775633165,18.54193826,22.69257632,0.18094524,0.200526011,0.238592016,0.459562525,0.658167239,0.402185262,0.159102013,11.49290905,0.871683561,0.969714138,2.401857332,2.793825494,0.382863543,95.42701167,-3.247315127,3.615091814
C[C@@H]1C[C@H]2[C@@H]3CCC4=CC(=O)C=C[C@]4(C)[C@@]3(F)[C@@H](O)C[C@]2(C)[C@@]1(O)C(=O)COC(=O)c1cccc(S(=O)(=O)O)c1,0.177850157,0.789526879,0.780513428,-4.964680406,39.63079875,41.76881759,0.191136892,0.221297882,0.139983744,0.087859478,0.673291183,0.249392175,0.785256657,13.90730672,0.555074071,0.967961879,2.747883666,2.471224668,0.771005896,92.09727486,-3.515853143,4.071380676
CN(C)CC[C@@H](c1ccc(Br)cc1)c1ccccn1,0.192781368,0.931614332,0.876367345,-4.687843837,18.75392016,13.35782246,0.187112884,0.16066789,0.460721315,0.712128796,0.575492317,0.205422752,0.126516074,17.44826505,0.886740009,0.968542565,2.592380979,2.891502217,0.529823981,95.37773039,-3.621161245,5.731565696
CN(C)CC[C@@H](c1ccc(Cl)cc1)c1ccccn1.O=C(O)/C=C\C(=O)O,0.177888319,0.851487655,0.855631823,-5.30039986,21.80166744,3.920345322,0.197634937,0.159368657,0.387329366,0.450103846,0.639570523,0.128349157,0.285268534,17.92825263,0.73265719,0.967953444,2.580549862,1.644598047,0.734353007,96.654128,-2.498048253,1.53942246
Cc1c(OCC(F)(F)F)ccnc1C[S@@](=O)c1nc2ccccc2[nH]1,0.688880106,0.906089901,0.864649046,-4.932389247,26.70548646,27.99958084,0.194505376,0.570224069,0.153080786,0.207318463,0.6222924,0.713000946,0.795120357,6.88772916,0.70988982,0.969704567,2.452808855,3.094643302,0.788411052,97.61020548,-3.327216788,3.498817683
C[C@@]12CCCCC[C@@H](Cc3ccc(O)cc31)[C@@H]2N,0.151108114,0.933836732,0.745202721,-4.79854853,32.1095343,24.17664,0.208170391,0.248095284,0.476189514,0.488158172,0.563012158,0.342848507,0.198212338,13.61323564,0.484924897,0.968546641,2.546647362,2.573289934,0.477410911,90.31684839,-3.059413987,3.469752019
CC(=O)Oc1cccc2c1C(=O)c1c(OC(C)=O)cc(C(=O)O)cc1C2=O,0.672779082,0.785588695,0.851441311,-5.002378605,19.0238995,28.23245456,0.22017575,0.355730713,0.148399718,0.074899369,0.458754657,0.148165506,0.839535548,18.57876123,0.56270619,0.967940002,2.281258319,0.825793738,0.614052781,98.04967242,-3.310671598,6.916512093
C=C1CC[C@H]2[C@@H](/C=C(\C)C(=O)[C@@]3(OC(C)=O)C[C@H](C)[C@H](OC(=O)c4ccccc4)[C@@H]3[C@H]1OC(C)=O)C2(C)C,0.168348758,0.905739219,0.787004858,-4.892871333,32.5906258,53.52633993,0.162334414,0.463132893,0.149302927,0.082728875,0.660387258,0.667221756,0.385487406,16.2146066,0.304624331,0.967685348,2.559189941,3.338629375,0.837121044,95.18169407,-4.580190122,3.186083038
O=C(O)CN(CC(=O)O)CC(O)CN(CC(=O)O)CC(=O)O,0.260974503,0.623058344,0.781939719,-5.862316066,14.75615228,2.793406405,0.201696539,0.097896185,0.16308408,0.073898091,0.430513189,0.090034174,0.158791866,28.13047616,0.281051983,0.766160649,2.130324863,-0.305128264,0.109054789,77.75512789,-0.77504569,0.995620793
Cc1cc(=O)n(-c2ccccc2)n1C.OC(O)C(Cl)(Cl)Cl.OC(O)C(Cl)(Cl)Cl,0.384149019,0.904436114,0.848833372,-5.268693184,18.9447846,23.31709313,0.320137348,0.491075293,0.143401709,0.088147649,0.659099279,0.251758246,0.815820725,12.96416549,0.482255689,0.967597054,2.48592905,3.189052232,0.821249469,97.51790303,-3.006479483,3.409276163
[O]=[Cr](=[O])([O-])[O][Cr](=[O])(=[O])[O-],0.190132136,0.923641624,0.850249294,-4.745471095,19.10318647,8.937710137,0.18708903,0.089518164,0.160889733,0.065318391,0.412837879,0.08885504,0.356957232,4.104860407,0.201522998,0.959481029,2.362370275,2.250235069,0.074193926,81.28165781,-1.467302754,1.328222013
CCCCCCCCCC[N+](C)(C)CCCCCCCCCC,0.082402319,0.935051481,0.837132114,-4.828096138,16.20712557,14.57203829,0.184018716,0.104864391,0.214903373,0.208331484,0.493816195,0.208342151,0.128038512,14.04873864,0.806118604,0.368360703,2.014452485,2.448508165,0.491215888,92.74687714,-5.748149721,11.58854431
CC(C)C[C@@H](NC(=O)[C@@H](Cc1ccccc1)NC(=O)[C@H](N)Cc1ccccc1)C(=O)N[C@H](CCCCN)C(=O)N1CCC(N)(C(=O)O)CC1,0.142811036,0.37880483,0.732005428,-6.009685499,14.11226365,41.51512408,0.216868463,0.202487679,0.192043696,0.190330457,0.602588167,0.409773121,0.433001214,12.58443406,0.675727338,0.927014732,2.641550542,0.91397403,0.512369384,86.25525147,-2.492539542,1.764961661
C[C@H]1C[C@H]2[C@@H]3C[C@H](F)C4=CC(=O)C=C[C@]4(C)[C@@]3(F)[C@@H](O)C[C@]2(C)[C@@]1(O)C(=O)CO,0.147724536,0.918147791,0.828592349,-4.952671429,38.60258101,30.84862009,0.165429999,0.134104856,0.144308917,0.061455771,0.690458691,0.530949757,0.209462535,13.3619363,0.503446114,0.969428466,2.77767901,2.573796274,0.443836633,91.29848034,-2.992993178,3.846853965
C[C@@H]1C[C@H]2[C@@H]3C[C@H](F)C4=CC(=O)C=C[C@]4(C)[C@@]3(F)[C@@H](O)C[C@]2(C)[C@H]1C(=O)CO,0.235293363,0.916762493,0.812733264,-4.904504717,42.52609908,29.39697697,0.170092349,0.142124697,0.146164891,0.071888581,0.704848643,0.436776984,0.199539056,14.1601175,0.493848554,0.96856603,2.638059837,2.679993279,0.434068921,90.6467499,-3.261507467,3.799664679
CC(C)C[C@H]1C(=O)N2CCC[C@H]2[C@]2(O)O[C@](NC(=O)[C@@H]3C[C@@H]4c5cccc6[nH]cc(c56)C[C@H]4N(C)C3)(C(C)C)C(=O)N12,0.406097415,0.709935234,0.63890462,-5.327869262,35.52753375,64.03507172,0.182526741,0.658008249,0.186003394,0.147084685,0.739937542,0.829886903,0.616686218,34.59315267,0.770554012,0.966454477,2.988718824,2.512897826,0.883357099,87.58354398,-3.317072915,2.817049664
CC(C)[C@H]1C(=O)N2CCC[C@H]2[C@]2(O)O[C@](NC(=O)[C@@H]3C[C@@H]4c5cccc6[nH]cc(c56)C[C@H]4N(C)C3)(C(C)C)C(=O)N12,0.400485438,0.724278394,0.651711381,-5.347691511,42.41787557,61.253544,0.184911657,0.620116713,0.194692577,0.145070169,0.736909807,0.8239959,0.602127649,17.46692892,0.708734331,0.964539677,2.982081087,2.521934968,0.797007037,87.91980699,-3.002138345,2.622638173
CC(C)[C@@]1(NC(=O)[C@@H]2C[C@@H]3c4cccc5[nH]cc(c45)C[C@H]3N(C)C2)O[C@@]2(O)[C@@H]3CCCN3C(=O)[C@H](Cc3ccccc3)N2C1=O,0.542930223,0.673059673,0.649042441,-5.347516867,31.24459882,62.91343497,0.183171036,0.71824133,0.173028637,0.122413405,0.725051216,0.843144675,0.667376259,18.04367666,0.770554012,0.967671315,3.040407458,2.262238557,0.923740319,88.82487164,-3.510416149,2.99436391
CN[C@@H]1[C@H](O[C@H]2[C@H](O[C@H]3[C@H](O)[C@@H](O)[C@H](NC(=N)N)[C@@H](O)[C@@H]3NC(=N)N)O[C@@H](C)[C@]2(O)CO)O[C@@H](CO)[C@H](O)[C@H]1O,0.595724362,0.123960908,0.502066227,-6.65612492,36.01368383,20.86695085,0.210954667,0.092384879,0.172980658,0.078864285,0.535075322,0.112571299,0.298617614,14.05160192,0.403963255,0.617638189,2.222030291,0.848568479,0.160270309,73.45945278,-0.899042803,1.561708722
CC(C)[C@@H](C)/C=C/[C@@H](C)[C@H]1CC[C@H]2/C(=C/C=C3\C[C@@H](O)CC[C@@H]3C)CCC[C@]12C,0.088897574,0.871843931,0.829555765,-5.02863367,26.47746792,37.26131103,0.196967171,0.191742384,0.16329438,0.09339878,0.541366317,0.276412454,0.22119342,16.8220949,0.535306868,0.963504637,2.685114059,2.950814459,0.783004243,94.95704111,-5.848567847,4.876984158
CCN(CC)CCOc1ccc2nc(N(C)C)sc2c1,0.697903807,0.903048944,0.82398033,-4.656196446,22.94124108,51.45183912,0.229490552,0.169578488,0.589201296,0.426506415,0.561365645,0.315251806,0.362585615,16.46034342,0.785646953,0.966137351,2.556229349,2.68637524,0.505174855,92.60119269,-3.348892304,3.507135482
CN(C)CCOC(c1ccccc1)c1ccccc1.Cn1c(=O)c2nc(Cl)[nH]c2n(C)c1=O,0.692307483,0.895969817,0.866426959,-5.20249243,29.4086703,25.91563429,0.228966076,0.319974451,0.274011052,0.154743922,0.635627238,0.419019336,0.448442285,16.854862,0.823608291,0.967984352,2.58394939,2.960892816,0.883843392,92.48955465,-3.704086252,4.224830668
COC(=O)/C=C/C(=O)OC,0.188560061,0.942712074,0.867871092,-4.491537629,19.48184688,48.76755576,0.186633433,0.094033576,0.153232032,0.061144633,0.391938415,0.108293864,0.244871317,17.6313294,0.219293971,0.968190367,2.134527608,2.385166659,0.06901692,94.19858097,-0.827505161,2.155443496
CC(C1=C(CCN(C)C)Cc2ccccc21)c1ccccn1,0.311795471,0.925281338,0.86756577,-4.763965418,28.95781133,24.56500213,0.217915989,0.383209902,0.386001407,0.785318529,0.624079898,0.335906959,0.245447728,21.98045052,0.871135816,0.969139659,2.717121983,2.911623186,0.872134546,94.80536407,-3.774061266,5.42061806
CC(CN1c2ccccc2Sc2ccc(S(=O)(=O)N(C)C)cc21)N(C)C,0.270484773,0.92614519,0.854800663,-4.840490141,26.69424134,30.42452381,0.23383602,0.334843356,0.285658639,0.556160826,0.489184626,0.357210651,0.876447626,20.08855706,0.804258273,0.969139415,2.630613334,2.661807497,0.899094777,97.01767798,-3.827719054,3.483767145
CCCCC[C@H](O)/C=C/[C@@H]1[C@@H](C/C=C\CCCC(=O)O)[C@@H](O)C[C@H]1O,0.140285376,0.821465413,0.785960617,-5.245302665,25.30373305,17.14419117,0.19588811,0.179135619,0.182297144,0.060757445,0.57061984,0.178368214,0.118632139,15.90432287,0.289047486,0.963841647,2.478148104,1.528785663,0.519085751,92.60418707,-3.165966953,1.841512575
CCCCC[C@H](O)/C=C/[C@@H]1[C@@H](C/C=C\CCCC(=O)O)[C@@H](O)C[C@H]1O.NC(CO)(CO)CO,0.175149674,0.710824133,0.765524855,-6.035030745,27.3627841,13.95786653,0.193706106,0.108254575,0.173868144,0.075876302,0.578612974,0.203560206,0.117819072,14.61004919,0.342892738,0.956500499,2.416324579,1.209811918,0.356997792,90.70658732,-2.331163772,1.135464191
CCCCC[C@H](O)/C=C/[C@H]1[C@H](O)CC(=O)[C@@H]1C/C=C\CCCC(=O)O,0.140745099,0.823741134,0.790127802,-5.032018323,28.75713869,19.13802069,0.192546562,0.242991562,0.152556957,0.061111968,0.572936538,0.236247232,0.119290115,16.55516919,0.28785547,0.961439947,2.553000864,1.574943165,0.577145577,94.0370203,-3.128832537,2.105276033
CCCCCCCC[N+](C)(C)CCCCCCCC,0.077912171,0.94749273,0.837829746,-4.728461854,15.79092891,14.23248298,0.179040072,0.103458196,0.206122687,0.203092466,0.471652303,0.168002146,0.121242904,12.60168329,0.806118604,0.393173398,2.034246164,2.39279821,0.200239192,92.46262211,-5.205702889,10.47269144
S=C(SSC(=S)N1CCCCC1)N1CCCCC1,0.188052303,0.936194228,0.839743328,-4.758850555,17.13982306,7.499076218,0.176330015,0.201700068,0.185966215,0.235272825,0.52452172,0.398887677,0.319728626,15.64845041,0.747228192,0.966335296,2.596895208,2.867543063,0.395780767,90.76657853,-3.760726102,7.124551079
O=P([O-])([O-])O.[K+].[K+],0.16230546,0.934205298,0.843819567,-4.734130968,22.46245841,28.66982454,0.185780572,0.089137784,0.189287665,0.064855512,0.381595676,0.082191798,0.241822336,19.16092111,0.201808875,0.927697905,2.429604784,1.337638154,0.069066521,69.89830997,-0.605747569,0.905550307
[O-][n+]1ccccc1SSc1cccc[n+]1[O-],0.245764719,0.912769245,0.865930909,-4.813395181,37.42877953,21.69908642,0.191199502,0.291961083,0.251580441,0.164988918,0.459907014,0.212312763,0.287448301,8.635137478,0.362004092,0.961932877,2.426332966,2.658374355,0.13795254,95.30272347,-2.310088883,3.200097509
COC(=O)/C=C/C(=O)OCCN1C(=O)CCC1=O,0.297051879,0.94057022,0.860720131,-4.585547761,21.95428292,31.3306085,0.18154778,0.159387527,0.151448215,0.059912862,0.455571649,0.11804696,0.193848201,19.78411104,0.407797133,0.968251547,2.130386399,2.332143623,0.096355861,93.86544286,-1.388290276,2.191858362
CCN(CCO)c1ccc(/N=N/c2ncc([N+](=O)[O-])s2)c(C)c1,0.892337756,0.861471484,0.838632548,-4.863796563,26.88238732,43.41144288,0.21359514,0.533192286,0.183264795,0.1349645,0.514037327,0.327648079,0.84627974,11.97162557,0.652304696,0.963861758,2.471460768,2.888038913,0.825935145,98.1831047,-3.464841752,2.924577804
CC/C=C\C/C=C\C/C=C\C/C=C\C/C=C\C/C=C\CCC(=O)O,0.222953801,0.914147742,0.868498605,-5.088149799,24.38978592,26.27274296,0.202202353,0.44772564,0.14992293,0.091987861,0.426517804,0.15510313,0.151616255,11.63196287,0.314482566,0.968238199,2.089383265,2.020107295,0.644970957,95.81558248,-5.30831559,2.472507965
C[C@@H]1CCO[C@H]2Cn3cc(C(=O)NCc4ccc(F)cc4F)c(=O)c(O)c3C(=O)N12,0.42381587,0.824752642,0.819819504,-4.966637684,31.78166713,36.42459339,0.241119444,0.472450324,0.170479892,0.095010471,0.628728573,0.494596159,0.616691103,26.26671547,0.693164251,0.963228612,2.580615503,2.459045558,0.832494698,88.48946623,-2.794401605,2.05868201
CCCCCCCCCCCC[N+](C)(C)CCOc1ccccc1,0.098975274,0.921969751,0.828056066,-4.769258997,18.99143141,20.85238951,0.189920842,0.134139399,0.255587168,0.630801641,0.50468177,0.184886639,0.119254553,9.928906757,0.832402733,0.456672212,2.221861069,2.624845256,0.841723008,94.61954558,-5.215660483,8.3784055
Oc1ccc(CCNCCCCCCNCCc2ccccc2)cc1O,0.225760711,0.86584176,0.828687584,-5.119612727,25.47111226,18.945744,0.199266916,0.268082122,0.197508676,0.850300384,0.432280096,0.508417667,0.12116478,6.81165411,0.846326606,0.965435557,2.558395029,2.096284907,0.830385001,97.39634036,-3.690411052,3.822672247
Cn1c(Cn2ccc(C(F)(F)F)c(Oc3cc(Cl)cc(C#N)c3)c2=O)n[nH]c1=O,0.300154127,0.869658151,0.845448169,-5.003342545,22.09229816,26.87601108,0.20932665,0.658423647,0.194642813,0.090206479,0.607348165,0.534343767,0.834411001,10.41558047,0.584635609,0.964514197,2.497414965,2.853150927,0.852670345,94.18942794,-3.764015783,3.20883019
C[C@@H](O)[C@H]1C(=O)N2C(C(=O)O)=C(S[C@@H]3CN[C@H](CNS(N)(=O)=O)C3)[C@H](C)[C@H]12,0.311954257,0.251005942,0.723765681,-5.685460141,22.60652616,38.02376702,0.223614253,0.127828824,0.173960917,0.098105863,0.57640537,0.136604549,0.742983241,10.9457797,0.276910712,0.902433904,2.616126985,0.736427447,0.24958179,86.77634089,-1.786793776,0.702252743
C[C@@H](O)[C@H](NC(=O)[C@@H]1CSSC[C@H](NC(=O)[C@@H](Cc2ccccc2)NC(=O)CN2CCN(CC(=O)O)CCN(CC(=O)O)CCN(CC(=O)O)CC2)C(=O)N[C@@H](Cc2ccc(O)cc2)C(=O)N[C@H](Cc2c[nH]c3ccccc23)C(=O)N[C@@H](CCCCN)C(=O)N[C@@H]([C@@H](C)O)C(=O)N1)C(=O)O,0.217203644,0.378313578,0.46413498,-6.556154649,49.37628098,32.26603822,0.244038531,0.200699948,0.228205081,0.097379822,0.594945951,0.540528923,0.742974674,13.43504578,0.789831629,0.195217942,2.97494005,-0.390720063,0.355184724,74.52198149,-2.443884522,3.211927618
C[C@@H](O)[C@H](NC(=O)[C@@H]1CSSC[C@H](NC(=O)[C@@H](Cc2ccccc2)NC(=O)CN2CCN(CC(=O)[O-])CCN(CC(=O)[O-])CCN(CC(=O)[O-])CC2)C(=O)N[C@@H](Cc2ccc(O)cc2)C(=O)N[C@H](Cc2c[nH]c3ccccc23)C(=O)N[C@@H](CCCCN)C(=O)N[C@@H]([C@@H](C)O)C(=O)N1)C(=O)O.[68Ga+3],0.210556178,0.357392957,0.518366551,-6.642458111,50.30510211,31.26409094,0.247866673,0.175033853,0.205809376,0.094486995,0.609949147,0.210282117,0.744053651,7.753889697,0.785308209,0.217266308,2.914792189,0.002145051,0.356639291,57.83201721,-2.271538866,0.992931404
C=C1/C(=C\C=C2/CCC[C@]3(C)[C@@H]([C@H](C)/C=C/[C@H](C)C(C)C)CC[C@@H]23)C[C@@H](O)C[C@@H]1O,0.097428758,0.880175132,0.836582959,-5.0140615,31.45980029,31.31991716,0.183988758,0.268956786,0.159238726,0.090575743,0.608859351,0.205133507,0.244870081,23.57819805,0.54337135,0.969124184,3.039673187,2.950944595,0.805127041,94.47978932,-5.258056497,4.271510595
Cc1cc(CC(C)C[Si](C)(O[Si](C)(C)C)O[Si](C)(C)C)c(O)c(-n2nc3ccccc3n2)c1,0.539545796,0.855892131,0.792305592,-5.070823962,35.28644217,43.02582587,0.237546934,0.693420777,0.250306217,0.142115706,0.69024082,0.462907484,0.776044654,7.662378248,0.68450395,0.965483772,2.714204182,3.19722274,0.904600382,98.67235284,-5.463533023,3.347530761
CCC(=O)O[C@H]1CC[C@H]2[C@@H]3CC[C@H]4CC(=O)[C@H](C)C[C@]4(C)[C@H]3CC[C@]12C,0.095976229,0.846227984,0.831916481,-4.732767175,27.50555736,35.61251977,0.178946167,0.199787468,0.163252864,0.069488946,0.689158962,0.29269549,0.401616842,11.65208323,0.555300796,0.967370207,2.428510475,3.164326203,0.76135083,94.95558196,-4.880001739,3.982497429
N[C@H](C(=O)O)[C@H](O)c1ccc(O)c(O)c1,0.332998141,0.489392693,0.823956696,-5.483712859,16.35712426,5.887410343,0.226327849,0.111147482,0.163308815,0.081820113,0.362729574,0.107601589,0.115703386,164.8556826,0.214048647,0.965780197,2.335288347,0.792048756,0.079326741,93.10522193,-0.870941195,1.017424104
C[C@H](Nc1ncnc2[nH]cnc12)c1cc2cccc(Cl)c2c(=O)n1-c1ccccc1,0.732730046,0.83597842,0.816891297,-5.204839957,32.46311213,28.95894974,0.20966882,0.358765707,0.172420531,0.254351507,0.587241836,0.83213503,0.883796878,12.87237587,0.615156384,0.962523338,2.742203464,3.305388888,0.880792972,97.83598302,-4.073041714,3.35828974
CC(=O)[C@H]1CC[C@H]2[C@@H]3C=CC4=CC(=O)CC[C@@]4(C)[C@@H]3CC[C@]12C,0.138713391,0.78792017,0.811781415,-4.66175825,31.43044573,28.35670408,0.240939771,0.230001789,0.26812118,0.079187211,0.688266241,0.315757358,0.40020424,14.17068697,0.357099139,0.969150508,2.298163692,3.201367476,0.741902448,95.78432212,-4.006222892,4.748336978
CC1(C)C2CCC1(CS(=O)(=O)O)C(=O)C2=Cc1ccc(C=C2C(=O)C3(CS(=O)(=O)O)CCC2C3(C)C)cc1,0.373086604,0.622325495,0.760851915,-4.986004589,38.47297949,43.83639157,0.255488209,0.387970697,0.150847822,0.090097159,0.661336287,0.203895605,0.505207226,16.06260277,0.605716815,0.958804946,2.644978389,2.348047751,0.853693117,96.972707,-3.816352468,5.002014142
CCOP(=O)(OCC)SCC[N+](C)(C)C,0.18532436,0.9180398,0.818058209,-4.697304625,26.19320806,32.25640491,0.205969059,0.134861778,0.194485143,0.096270796,0.566385744,0.134962734,0.174962195,9.009477038,0.590124801,0.408852012,3.673456967,2.542753843,0.092520355,91.79440956,-2.213193659,2.675244732
O=C([O-])CN(CCN(CC(=O)[O-])CC(=O)[O-])CC(=O)[O-].[Ca+2].[Na+].[Na+],0.255498474,0.75756453,0.833706488,-5.270346072,26.80112291,20.03066166,0.206005934,0.09066009,0.172990518,0.074117936,0.430005436,0.094201842,0.526380125,21.83037041,0.349086889,0.910160718,2.248676207,0.464635512,0.096995901,70.0498057,-1.361116624,0.54208743
C[C@@H](O)[C@@H]1NC(=O)[C@H](CCCCN)NC(=O)[C@@H](Cc2c[nH]c3ccccc23)NC(=O)[C@H](Cc2ccc(O)cc2)NC(=O)[C@@H](NC(=O)[C@@H](Cc2ccccc2)NC(=O)CN2CCN(CC(=O)[O-])CCN(CC(=O)[O-])CCN(CC(=O)[O-])CC2)CSSC[C@@H](C(=O)N[C@H](CO)[C@@H](C)O)NC1=O.[68Ga+3],0.226613016,0.344304068,0.529294854,-6.638405967,50.7669605,42.79414608,0.253762917,0.181704079,0.215119286,0.092375921,0.532555119,0.360199546,0.784537322,23.97489366,0.751387727,0.243313117,2.94705584,0.523765236,0.387866137,58.20574309,-2.327794723,1.012088483
CCc1cn([C@H]2C[C@H](O)[C@@H](CO)O2)c(=O)[nH]c1=O,0.305887818,0.892084055,0.854632384,-5.0194032,27.19103836,14.06994012,0.205107721,0.118416811,0.177974981,0.067556889,0.45221689,0.158830471,0.768742578,15.04985151,0.284378026,0.95611862,2.117105152,2.113444022,0.146732522,91.03151083,-0.660959841,1.874402983
C=C1CCN([C@H](C)[C@](O)(Cn2cncn2)c2ccc(F)cc2F)CC1,0.322887601,0.910370637,0.84391479,-4.89336993,22.86141429,35.00530291,0.218794845,0.385164289,0.171675776,0.473962597,0.585415128,0.745722438,0.254935304,25.49334313,0.764425213,0.967066849,2.774638129,2.740886056,0.803717783,94.33187773,-2.700612952,2.636722954
COc1cccc(-c2c(C)n(Cc3c(F)cccc3C(F)(F)F)c(=O)n(C[C@H](NCCCC(=O)O)c3ccccc3)c2=O)c1F,0.499883698,0.774729615,0.786368982,-5.016858977,26.19983176,27.13878117,0.247937051,0.788471601,0.196524405,0.105770556,0.588380576,0.616789324,0.814723482,144.9353483,0.761520717,0.965843966,2.678231357,1.47628644,0.898893798,95.29502217,-4.614145018,4.826955138
COC(=O)N[C@H](C(=O)N1CCC[C@H]1c1ncc(-c2ccc3c(c2)O[C@@H](c2ccccc2)n2c-3cc3cc(-c4cnc([C@@H]5CCCN5C(=O)[C@@H](NC(=O)OC)C(C)C)[nH]4)ccc32)[nH]1)C(C)C,0.499247981,0.61459836,0.684453124,-5.474764695,54.13835838,61.53716918,0.239680088,0.787556668,0.185571639,0.15807038,0.646766557,0.693229726,0.823056751,47.19004372,0.781750494,0.954259769,2.873103274,3.21223717,0.910870619,93.78066598,-5.757095963,5.05984074
Cc1nn(C)cc1S(=O)(=O)NC(=O)c1ccc(-n2ccc(OCC(C)(C)C(F)(F)F)n2)nc1N1C[C@@H](C)CC1(C)C,0.514112165,0.775949051,0.785471854,-5.163259673,40.45725672,41.72022157,0.233412407,0.757557625,0.157186391,0.096905201,0.612988742,0.594328994,0.825450118,10.19838185,0.638217804,0.96001279,2.621305935,2.437217662,0.845576413,95.21477578,-4.34009507,4.313984799
CCCCCCCC(=O)N[C@H](CN1CCCC1)[C@H](O)c1ccc2c(c1)OCCO2,0.196545414,0.907525343,0.861840016,-5.047831746,24.25109944,27.82646743,0.175395882,0.288815282,0.25758707,0.701181178,0.488744908,0.570820378,0.210148201,14.16300522,0.678210942,0.967973232,2.560007318,2.500211756,0.898694907,95.42756288,-3.317724026,2.871887201
CC1=NN(c2ccc(C)c(C)c2)C(=O)/C1=N\Nc1cccc(-c2cccc(C(=O)O)c2)c1O,0.494627777,0.572934861,0.829642531,-5.193029605,25.86255694,30.76728396,0.235066103,0.768239661,0.147009241,0.074341443,0.573369554,0.325199273,0.867377992,16.75587053,0.480040677,0.96764093,2.632776026,1.402259679,0.881330001,97.09161817,-4.50456964,3.840671872
COc1ccc(CN(C(=O)[C@@H](N)Cc2c(C)cc(C(N)=O)cc2C)[C@@H](C)c2nc(-c3ccccc3)c[nH]2)cc1C(=O)O,0.470698174,0.444955693,0.808005635,-5.449435552,24.28803158,40.44010733,0.215917438,0.659528666,0.177433453,0.206086197,0.523041862,0.767524459,0.844903227,13.34584734,0.502579144,0.962537213,2.655010062,1.177265054,0.910297307,93.50432182,-3.637364674,3.162755462
COc1cc2c(cc1Cc1cccc(Cl)c1F)c(=O)c(C(=O)O)cn2[C@H](CO)C(C)C,0.562431429,0.615713826,0.847587067,-4.974087103,28.79033146,10.22192197,0.205601938,0.687000132,0.154787722,0.094530364,0.57091902,0.323453099,0.869664008,6.935537908,0.561618196,0.96854905,2.491624104,1.182663622,0.871624606,97.92346444,-3.918573757,2.383852849
OC[C@H]1O[C@@H](c2ccc(Cl)c(Cc3ccc(O[C@H]4CCOC4)cc3)c2)[C@H](O)[C@@H](O)[C@@H]1O,0.317339017,0.87657685,0.815813989,-5.197763676,25.79606181,19.62118855,0.223375608,0.36458091,0.181434864,0.143319761,0.530566087,0.313639427,0.17190015,14.96364315,0.807252231,0.961076091,2.65310155,2.410553926,0.876463278,95.49129796,-2.623843303,2.68081704
Nc1nc(=O)n([C@@H]2CS[C@H](CO)O2)cc1F,0.511235142,0.873495229,0.8488926,-5.052563774,26.59871769,18.7986206,0.243815025,0.147035137,0.172113188,0.082190788,0.449703698,0.171926193,0.8087771,13.14375271,0.403853139,0.961814555,3.913923259,2.477376506,0.141284915,88.59133516,-1.296724442,1.927033896
CC(C)(O)CNc1nc(Nc2ccnc(C(F)(F)F)c2)nc(-c2cccc(C(F)(F)F)n2)n1,0.523619209,0.839007408,0.835582679,-5.045808092,26.70617432,12.47947576,0.2039149,0.318972069,0.204821513,0.2139908,0.510838488,0.464033947,0.80487677,11.61146759,0.685569333,0.965841764,2.722978746,2.810265409,0.867161727,95.76770833,-3.594239169,7.81120123
COC(=O)N[C@@H](C)CNc1nccc(-c2cn(C(C)C)nc2-c2cc(Cl)cc(NS(C)(=O)=O)c2F)n1,0.617349274,0.79434568,0.817287507,-5.059421746,29.05244028,16.69221671,0.227058336,0.534282123,0.206134846,0.189186635,0.614935523,0.762403723,0.89373801,21.13978451,0.504897095,0.961467535,2.714057577,2.590353527,0.879746244,96.05833697,-4.314990967,4.390887256
C=C1[C@H](CO)[C@@H](O)C[C@@H]1n1cnc2c(=O)nc(N)[nH]c21,0.589659763,0.809254425,0.840320237,-5.226013597,25.54377607,23.33405269,0.178711879,0.143096141,0.160283317,0.073374539,0.536459238,0.313325367,0.775604114,21.74627506,0.347208317,0.965157747,2.659965777,2.257347481,0.172884571,92.40696188,-1.744242946,3.41497091
CN1CCN(c2ccc(C(=O)Nc3n[nH]c4ccc(Cc5cc(F)cc(F)c5)cc34)c(NC3CCOCC3)c2)CC1,0.737678712,0.807861463,0.810712843,-5.234473737,21.72501515,46.61355903,0.199225909,0.407563846,0.224814989,0.205414248,0.568878702,0.804805927,0.8499102,21.78243446,0.7727554,0.966762962,3.093496947,2.895841596,0.923972073,93.69733906,-4.030170229,7.329767517
Cc1ccc(/C=C2/C(=O)C3(C)CCC2C3(C)C)cc1,0.164058429,0.927767323,0.844600251,-4.579557414,34.17001069,24.16292302,0.213659528,0.515901373,0.145672428,0.09415619,0.654315945,0.348824114,0.357595237,16.75727012,0.500941278,0.968851536,2.200135632,3.023492162,0.692505836,96.73541677,-4.22909256,3.768418192
CNC(=O)c1ccc(N2C(=S)N(c3ccc(C#N)c(C(F)(F)F)c3)C(=O)C2(C)C)cc1F,0.400328459,0.900550196,0.78964465,-4.882866364,24.14818344,31.47339762,0.206042459,0.709821719,0.167634732,0.078442518,0.582453026,0.677150584,0.831819866,16.5753858,0.7605483,0.960118447,3.70664441,3.055343846,0.847223375,94.5682809,-4.563897415,5.408995439
CC[C@@H](C)[C@H]1C(=O)N2CCC[C@H]2[C@]2(O)O[C@](NC(=O)[C@@H]3C[C@@H]4c5cccc6[nH]cc(c56)C[C@H]4N(C)C3)(C(C)C)C(=O)N12,0.428677317,0.729171211,0.625349836,-5.309000859,34.81635316,62.75068422,0.183400993,0.61320576,0.188767627,0.199542788,0.733311334,0.822226623,0.603196623,17.05096149,0.774870743,0.96707433,2.998919619,2.518975974,0.842694964,87.17072196,-3.280944556,2.817511328
NC1=NCC2c3ccccc3Cc3ccccc3N12,0.524308586,0.932430271,0.853355806,-4.725502397,25.12593207,32.98299286,0.214956716,0.315715056,0.596870164,0.731078516,0.707527424,0.376001631,0.428948823,8.035630093,0.286968365,0.968285861,2.613489588,2.391930221,0.699551004,93.18042946,-2.947441494,4.464602559
CCCCC[C@H](O)/C=C/[C@@H]1[C@H]2C/C(=C/CCCC(=O)O)O[C@H]2C[C@H]1O,0.14055064,0.79189208,0.759368986,-5.086944614,28.29461049,33.00016242,0.193724947,0.203530028,0.18590221,0.064985183,0.519264928,0.206828176,0.171985733,17.60139552,0.308059277,0.960740831,2.452510051,1.650603092,0.653733525,93.99406797,-3.074088145,1.651278292
CN(C)[C@@H]1C(O)=C(C(N)=O)C(=O)[C@@]2(O)C(O)=C3C(=O)c4c(O)c(NC(=O)CN5CCCC5)cc(F)c4C[C@H]3C[C@@H]12,0.355797925,0.543077996,0.712860275,-5.494098926,37.46313508,43.54071387,0.172588508,0.196406981,0.174314488,0.084595741,0.598899047,0.387657135,0.833782731,20.64580684,0.794784332,0.961127758,3.040661433,1.83137886,0.441610523,84.13520377,-2.881116956,4.929593005
COc1cc(OC)cc(N(CCNC(C)C)c2ccc3ncc(-c4cnn(C)c4)nc3c2)c1,0.768854398,0.868841791,0.846259248,-5.083329353,43.55069077,45.79079074,0.219375179,0.260602602,0.220080565,0.264889792,0.610533225,0.84085569,0.712655388,12.77334299,0.683382779,0.966456176,2.723756484,2.617755005,0.938064169,96.52689629,-3.567403258,5.273852646
O=C(O)CSCC(=O)NC1CCSC1=O,0.191815266,0.865015015,0.842555818,-4.893093523,24.30226668,4.712210221,0.211942898,0.104676891,0.172809899,0.07121224,0.479466004,0.114590545,0.301835259,8.369115404,0.276640127,0.967633834,2.357968448,1.096486486,0.072612148,94.46151456,-1.052572891,1.305769963
C=C1CC[C@H](O)C/C1=C/C=C1\CCC[C@]2(C)[C@@H]([C@H](C)/C=C/[C@H](C)C(C)C)CC[C@@H]12,0.092846527,0.889674501,0.82874696,-5.027988812,27.24829098,35.28002016,0.192077747,0.230233137,0.160894636,0.090939093,0.553954246,0.322799207,0.233092005,24.31298197,0.535306868,0.96913098,2.804467515,2.978149927,0.797081385,95.07851213,-5.679939171,4.989971052
C[C@@H](CO)NC(=O)[C@@H]1C=C2c3cccc4[nH]cc(c34)C[C@H]2N(C)C1,0.758403385,0.869630945,0.680190054,-5.005044113,21.11120132,21.81717746,0.190129942,0.211262399,0.280856278,0.796943482,0.70891319,0.46190727,0.154066791,16.73906507,0.819622908,0.96914756,2.778972957,2.621062851,0.717041891,92.27988575,-2.113527658,2.658846178
CC(C)[C@@H](C)/C=C/[C@@H](C)[C@H]1CC[C@H]2C3=CC=C4C[C@@H](O)CC[C@]4(C)[C@H]3CC[C@]12C,0.109338321,0.870279429,0.783785768,-5.047016645,24.81023837,32.24920343,0.204899855,0.226123575,0.165791167,0.121541577,0.650197609,0.243227527,0.307535668,16.22399746,0.516772992,0.967047941,2.44125461,3.043633374,0.849697643,94.92346699,-5.500776993,4.951101514
C=C1C[C@@H]2CC[C@@]34C[C@@H]5O[C@@H]6[C@@H](O[C@H]7CC[C@H](CC(=O)C[C@@H]8[C@@H](OC)[C@@H](C[C@H](O)CN)O[C@H]8C[C@H]8O[C@@H](CC[C@@H]1O2)C[C@@H](C)C8=C)O[C@@H]7[C@@H]6O3)[C@H]5O4,0.226287364,0.833121546,0.67546754,-5.35387238,42.76974148,41.89422726,0.188588449,0.225582455,0.177752901,0.092015602,0.633127856,0.695631881,0.177659824,173.9853462,0.696114943,0.956540821,2.882538673,2.461965424,0.777299572,84.715434,-3.281099775,7.934835108
CCOc1ccc(Cc2cc([C@]34OC[C@](CO)(O3)[C@@H](O)[C@H](O)[C@H]4O)ccc2Cl)cc1,0.190280207,0.883130366,0.794772715,-5.200150239,26.84006484,19.6112247,0.18752105,0.264421511,0.187591886,0.107138155,0.677891174,0.694948214,0.236092951,19.92887246,0.704477794,0.962168252,2.618515606,2.749378019,0.834187435,90.97650149,-2.79437082,2.137642858
O=[N+]([O-])OC[C@H](O[N+](=O)[O-])[C@@H](CO[N+](=O)[O-])O[N+](=O)[O-],0.803398245,0.841183597,0.821021006,-5.006874949,25.65101872,18.51528745,0.178458728,0.116774903,0.171237433,0.081304009,0.544315183,0.118341647,0.597818794,12.61861019,0.381013189,0.948502976,2.39157224,2.051924359,0.111725281,86.61436756,-1.636473948,1.377039976
CN[C@]1(c2ccccc2Cl)CCCCC1=O,0.163169179,0.933776906,0.63774849,-4.586126011,21.09816589,17.83981849,0.191913115,0.304841237,0.172445216,0.188853477,0.589742686,0.269754907,0.130754231,10.31123447,0.724710239,0.969705702,2.43210224,2.799074626,0.19226287,94.08646115,-2.863130798,2.853107055
CC(=O)O[C@H]1Cc2ccccc2N(C(N)=O)c2ccccc21,0.391407815,0.938852197,0.86116806,-4.771979745,20.53705198,54.306215,0.246561511,0.564078076,0.19536015,0.120092686,0.64778789,0.29810818,0.750713061,7.199969832,0.386241496,0.969420952,2.406948538,2.78025399,0.743179078,96.54902489,-3.326136743,3.515177593
COc1ccc2[nH]c([S@@](=O)Cc3ncc(C)c(OC)c3C)nc2c1,0.658568442,0.907551859,0.872901932,-4.78521015,27.15470852,30.57198863,0.194750413,0.488694846,0.295610931,0.139973734,0.676264246,0.809391322,0.784582241,6.461740267,0.538033877,0.969131691,2.406245814,3.163040915,0.818640522,96.36883057,-3.117210002,2.273425273
C[C@]12CC[C@@H]3c4ccc(O)cc4CC[C@H]3[C@@H]1[C@@H](O)[C@@H](O)[C@@H]2O,0.133433053,0.826074659,0.779879436,-5.060843228,29.85852325,19.59178739,0.202079881,0.137228102,0.208359075,0.094731639,0.682613073,0.262670226,0.174923438,14.68606835,0.336453977,0.967963542,2.31743319,2.429406175,0.260132781,89.50818892,-2.314268409,2.415991614
CC(=O)Oc1ccc2c(c1)CC[C@@H]1[C@@H]2CC[C@]2(C)[C@@H](O)CC[C@@H]12,0.154368202,0.775627439,0.693686999,-4.80259061,27.47835282,33.11690462,0.237816811,0.269727663,0.192954448,0.16706242,0.725825818,0.232115395,0.437427324,13.14288319,0.506983137,0.969709538,2.307012305,2.929191148,0.737911136,94.80616497,-3.784465117,3.350654417
C[C@]12CC[C@@H]3c4ccc(OC(=O)c5ccccc5)cc4CC[C@H]3[C@@H]1CC[C@@H]2O,0.166549575,0.789014781,0.744261195,-4.981243901,31.29800927,45.88370646,0.249794178,0.48970282,0.175395632,0.109918146,0.716835379,0.331818752,0.239809835,12.78716695,0.573995674,0.969429413,2.44270775,3.2267767,0.878397759,96.15202608,-4.71908709,3.786885712
C[C@]12CC[C@@H]3c4ccc(O)cc4CC[C@H]3[C@@H]1CC[C@@H]2OC(=O)CCC1CCCC1,0.10101708,0.732347225,0.776963558,-4.988293017,35.14147933,35.5428471,0.222101213,0.225030796,0.195988193,0.110692178,0.69641674,0.448697807,0.472785889,12.27218162,0.536959073,0.969713308,2.488063,3.228808081,0.860827625,96.92037616,-5.256535566,4.591199937
CCCCCCC(=O)Oc1ccc2c(c1)CC[C@@H]1[C@@H]2CC[C@]2(C)[C@@H](OC(=O)CCCCCC)CC[C@@H]12,0.117415544,0.820620793,0.778994319,-4.949234011,22.42428453,38.59657269,0.221077873,0.368260253,0.179505094,0.124814533,0.694133317,0.556813415,0.378055259,14.51811616,0.595164296,0.968857365,2.506263555,3.293570517,0.8928351,97.39585706,-5.962310971,4.810482573
CCCCC(=O)O[C@H]1CC[C@H]2[C@@H]3CCc4cc(O)ccc4[C@H]3CC[C@]12C,0.110470674,0.734706183,0.761990929,-4.827696636,22.32886389,36.1601708,0.22476964,0.289668957,0.218645193,0.115521196,0.692149227,0.409147559,0.247482791,12.07274129,0.700876713,0.969712811,2.46671353,3.085190314,0.856598227,95.84961092,-4.753748168,3.980110677
C[C@]12CC[C@@H]3c4ccc(OC(=O)N(CCCl)CCCl)cc4CC[C@H]3[C@@H]1CC[C@@H]2O,0.303547701,0.813568535,0.750645963,-5.03299934,36.90926018,21.89649508,0.227399606,0.261923389,0.193127194,0.197209509,0.714314702,0.355916501,0.25193078,21.95737005,0.832406297,0.969712623,2.935437007,3.111974404,0.865545238,96.05992997,-4.490545986,3.034105949
C[C@]12CC[C@@H]3c4ccc(O)cc4CC[C@H]3[C@@H]1C[C@@H](O)[C@@H]2O,0.128866182,0.788914303,0.775424461,-4.895988049,28.5175496,22.25899645,0.207589876,0.169429772,0.240735276,0.123294052,0.685946412,0.270104142,0.304260982,16.0938323,0.365585821,0.969137928,2.349294822,2.492868932,0.299588404,91.33945923,-3.007243712,2.481856037
C[C@]12CC[C@@H]3c4ccc(OS(=O)(=O)O)cc4CC[C@H]3[C@@H]1CCC2=O,0.205752403,0.650864797,0.794139327,-4.771243888,27.91186368,17.13918578,0.268636725,0.259562758,0.153134186,0.07068095,0.674788516,0.202781335,0.672946425,12.71445847,0.363404426,0.967368411,2.5115492,2.766527403,0.751484348,96.07365428,-3.121471864,2.886479113
CCN(C)[C@@H](C)[C@H](O)c1ccccc1,0.128247512,0.922161868,0.87512134,-4.67542351,14.15886284,15.8888606,0.197368223,0.202903949,0.189099456,0.304108374,0.450337731,0.15699915,0.10875901,11.97294406,0.492070021,0.969401985,2.340985357,2.695531204,0.109327731,93.25093068,-2.233063512,1.613746761
CC(=O)N[C@H](CSSC[C@H](N)C(=O)O)C(=O)N[C@H](C)C(=O)N[C@H](CCCNC(=N)N)C(=O)N[C@H](CCCNC(=N)N)C(=O)N[C@H](CCCNC(=N)N)C(=O)N[C@H](C)C(=O)N[C@H](CCCNC(=N)N)C(N)=O,0.383756342,0.340705252,0.528527117,-6.664472729,28.18530625,23.84341525,0.248079214,0.097280732,0.182734753,0.112803523,0.4954312,0.134925103,0.43352882,9.803356561,0.251894835,0.11608989,2.674452558,0.186497323,0.201978001,57.85578058,-1.972392984,2.746648404
CCCCCCCC/C=C\CCCCCCCC(=O)O.NCCO,0.090537157,0.894398347,0.86316144,-5.201984808,16.40876332,8.080781033,0.199532457,0.218596929,0.17422127,0.182166567,0.463678872,0.135411507,0.127292243,9.389714577,0.340155942,0.967249653,2.023150954,1.485863909,0.528592126,94.10521691,-3.999430781,4.091190618
CCOC(=O)/C=C/c1ccc(O)c(OC)c1,0.178278777,0.909738281,0.854041152,-4.675927489,32.64727137,45.767534,0.208456882,0.403941441,0.206648511,0.082504919,0.450710926,0.241893291,0.335386616,12.72210577,0.405903466,0.969683358,2.182703065,2.935790964,0.109334495,95.68512384,-2.665740186,2.412381817
CCCCC(CC)COC(=O)C(C#N)=C(c1ccccc1)c1ccc(OC)cc1,0.178378795,0.910351071,0.847775178,-4.976062444,31.44077604,40.36839289,0.21794086,0.787506213,0.17809713,0.118770321,0.497484491,0.508256495,0.261857063,11.86428872,0.765572322,0.969126104,2.454866234,2.984658242,0.861071958,98.34621969,-5.603286944,2.933371187
C#C[C@]1(OC(C)=O)CC[C@H]2[C@@H]3CCC4=C[C@@H](OC(C)=O)CC[C@@H]4[C@H]3CC[C@@]21C,0.097527866,0.773410348,0.792161916,-4.811920306,27.01726875,32.82968701,0.177478821,0.347753248,0.142992099,0.080374302,0.690699613,0.319654698,0.554376294,15.87618747,0.315603375,0.967684301,2.335908428,3.180845195,0.746381529,95.82943952,-4.55049105,3.79772595
CCCN(CC)C(CC)C(=O)Nc1c(C)cccc1C,0.214382201,0.94165374,0.866182764,-4.69105141,28.75065675,27.31193369,0.181325533,0.331550598,0.241793316,0.167719789,0.542440266,0.390225498,0.190389929,9.561692459,0.696515923,0.9697074,2.322716912,2.868759795,0.286067672,94.06129309,-3.861975856,2.204585888
CCOCCN(Cc1ccc(Oc2ccc([N+](=O)[O-])cc2)cc1)C(=O)C(Cl)Cl,0.84663589,0.882719068,0.860711655,-4.911628565,32.1267904,17.20193531,0.194553573,0.683727597,0.420750816,0.308174122,0.50398727,0.742033334,0.627952928,10.59882526,0.827981834,0.963373975,2.453879782,3.323727373,0.8567526,97.32226971,-4.484892649,4.070890852
Cc1cc(C#N)cc(C)c1Oc1nc(Nc2ccc(C#N)cc2)nc(N)c1Br,0.495106455,0.887978937,0.850349251,-5.271106751,24.2208994,11.57295664,0.228218054,0.479803112,0.252786642,0.129548374,0.513348531,0.419292128,0.853939393,35.69104546,0.530750259,0.967061539,2.526404608,3.309860702,0.867336376,98.04523447,-4.788869018,6.380453431
CO[C@H]1C[C@@H]2CC[C@@H](C)[C@@](O)(O2)C(=O)C(=O)N2CCCC[C@H]2C(=O)O[C@H]([C@H](C)C[C@@H]2CC[C@@H](OCCO)[C@H](OC)C2)CC(=O)[C@H](C)/C=C(\C)[C@@H](O)[C@@H](OC)C(=O)[C@H](C)C[C@H](C)/C=C/C=C/C=C/1C,0.197353,0.670175132,0.70750728,-5.090314279,67.54341652,60.43643598,0.197957872,0.244781125,0.152981705,0.090312296,0.705614126,0.649643579,0.630859128,13.66643632,0.657342598,0.949744386,2.884301147,2.450003271,0.85610095,91.06517902,-4.583296753,16.79044512
C/C(=N\O)[C@@H](C)NCC(C)(C)CN[C@H](C)/C(C)=N/O,0.265304815,0.856935551,0.832284793,-5.062763145,23.04085665,10.81831125,0.195373841,0.233912888,0.262473328,0.182753713,0.442115263,0.203212834,0.169875527,16.18686277,0.291926493,0.956792985,2.236475755,1.985357459,0.094623966,92.04948092,-1.989968315,2.360294374
O=C1[C@H](CC[C@H](O)c2ccc(F)cc2)[C@@H](c2ccc(O)cc2)N1c1ccc(F)cc1,0.264155846,0.854003495,0.850839338,-5.03600473,19.36727433,29.66590238,0.197424622,0.77993166,0.165623482,0.089639969,0.600876062,0.408651442,0.327530127,7.532649731,0.741426425,0.953616714,2.614167363,3.223819565,0.890879502,96.67817588,-3.719631022,4.4001073
NC(=O)c1nc(F)cnc1O,0.252074649,0.926316711,0.863818648,-4.847894493,21.84033008,15.01595836,0.210252417,0.107908835,0.238654879,0.061225523,0.466820679,0.115827862,0.599940609,9.510498882,0.210111618,0.968830135,2.286146576,2.486806707,0.092881595,91.33081755,-0.708680604,1.466539279
N.O=C(O)CC(O)(CC(=O)O)C(=O)O.[Fe+3],0.148920134,0.836354535,0.810629339,-5.81986366,13.98554395,7.667896078,0.233147469,0.097158872,0.149275655,0.068055111,0.422432853,0.084707759,0.172341215,27.96747356,0.191661693,0.940871954,2.003840711,0.721498965,0.070553341,88.06823474,-0.815596756,0.290248106
[Fe+3],0.17404883,0.943620396,0.820588363,-4.45279491,21.0959225,38.51861777,0.202035363,0.094079001,0.158911146,0.077973547,0.401197536,0.089951642,0.165620547,18.91929937,0.209804209,0.96668663,2.217249051,2.603033667,0.074901565,89.48247723,-3.104127153,2.592734303
[Cl][Fe]([Cl])[Cl],0.295929374,0.945575694,0.837812388,-4.513359576,18.78867475,36.19726896,0.19458123,0.101508739,0.198911923,0.074037298,0.410752861,0.089438708,0.499147612,203.9072747,0.212552802,0.965547859,2.276363248,2.835407417,0.076772099,87.36131913,-2.739702173,3.098394819
OC[C@H](O)[C@@H](O)[C@H](O)[C@H](O)CO[C@H]1O[C@H](CO[C@H]2O[C@H](CO)[C@@H](O)[C@H](O)[C@H]2O)[C@@H](O)[C@H](O)[C@H]1O.[Fe+3],0.17387536,0.328519075,0.610154709,-6.568905069,16.59936746,0.449551801,0.211940894,0.077778427,0.170510741,0.065131,0.468720001,0.096579277,0.310231072,15.13322849,0.471424565,0.520412858,2.120625113,0.900573623,0.125055145,65.54049232,-1.013161348,0.466060481
O=P([O-])([O-])OC(CCO)CCO.O=P([O-])([O-])OCC(O)CO.[Fe+2].[Fe+2],0.30193992,0.865820351,0.805096625,-5.599691122,17.21230485,28.78369092,0.204692118,0.105834626,0.210954535,0.073120496,0.473885209,0.095848815,0.200264484,16.30942344,0.310154295,0.92778986,2.601731117,1.529731419,0.101907146,78.86598565,-0.725931404,0.948416154
Cc1occc(=O)c1[O-].Cc1occc(=O)c1[O-].Cc1occc(=O)c1[O-].[Fe+3],0.281102511,0.889924516,0.831532066,-5.245633319,20.2102972,28.26456068,0.203755978,0.179019881,0.18666435,0.079870733,0.567164446,0.131290047,0.731962618,13.42353209,0.418576108,0.960599183,2.439314891,2.468432336,0.349464145,92.01967992,-2.246774526,2.079252295
O=C([O-])CC(O)(CC(=O)[O-])C(=O)[O-].O=C([O-])CC(O)(CC(=O)[O-])C(=O)[O-].O=C([O-])CC(O)(CC(=O)[O-])C(=O)[O-].O=P(O)(O)OP(=O)(O)O.O=P(O)(O)OP(=O)(O)O.O=P([O-])([O-])OP(=O)([O-])O.[Fe+3].[Fe+3].[Fe+3].[Fe+3],0.226061916,0.61891652,0.614202148,-6.532658975,30.76010973,36.03222928,0.22691301,0.100915447,0.153014116,0.083286849,0.489566724,0.100917102,0.602645932,103.902588,0.240039941,0.156870531,2.602582051,0.912929803,0.145953696,62.57031072,-1.590500065,0.405446261
O.O.O.O.O.O=S(=O)([O-])[O-].O=S(=O)([O-])[O-].O=S(=O)([O-])[O-].[Fe+3].[Fe+3],0.28174525,0.922633247,0.828671107,-5.494147733,25.06131656,12.07236284,0.209520779,0.107345753,0.154072604,0.060226074,0.495427333,0.09208491,0.681955065,52.71754593,0.198130875,0.894507805,2.145533827,1.304418423,0.096777046,70.81245689,-1.495635412,0.97737502
O=C1O[C@H]([C@@H](O)CO)C(O)=C1O.O=C1O[C@H]([C@@H](O)CO)C([O-])=C1[O-].[Fe+2],0.21580855,0.716225082,0.818629144,-5.755218495,21.58748009,46.57911338,0.19612427,0.109231083,0.155828696,0.064919658,0.449347065,0.101121696,0.424514047,21.1723293,0.19788054,0.95749127,2.281263437,1.463503937,0.128360686,79.1641555,-0.525028146,1.218975889
NCC(=O)[O-].NCC(=O)[O-].[Fe+2],0.192340367,0.88321065,0.849420037,-5.146738155,13.72291174,5.788075919,0.200791551,0.07734186,0.169493464,0.07114681,0.386477822,0.088849775,0.219912544,12.29796867,0.19821293,0.967106729,2.026810885,0.845539048,0.07077685,78.29784684,-1.140375042,0.437444348
NCC(=O)O.N[C@@H](CS)C(=O)O.N[C@@H](C[S-])C(=O)[O-].[Fe+2],0.765692678,0.800882261,0.764005095,-6.033995493,19.62403392,14.37127227,0.26139144,0.104325201,0.177617657,0.076759309,0.400405456,0.085080332,0.373161167,12.74531433,0.209903201,0.962344646,2.416994871,0.071105202,0.085308772,79.05956176,-1.159540679,0.501081775
O=C([O-])/C=C/C(=O)[O-].[Fe+2],0.180738829,0.918867543,0.850079733,-4.731007595,19.93469896,25.32925058,0.199617697,0.088484744,0.156943108,0.059006974,0.36153854,0.092259641,0.396913427,15.92339926,0.185010981,0.967052549,2.118064562,1.292647724,0.069014053,82.47497664,-1.313502555,0.390712876
O=C([O-])[C@H](O)[C@@H](O)[C@H](O)[C@H](O)CO.O=C([O-])[C@H](O)[C@@H](O)[C@H](O)[C@H](O)CO.[Fe+2],0.159707183,0.705042078,0.698615122,-6.321183436,14.76668085,5.930403935,0.209871595,0.086767324,0.148228199,0.063464962,0.488210162,0.090926518,0.208305484,15.5376797,0.198688993,0.608597302,1.914346192,0.769643916,0.097991534,66.06810633,-0.571029665,0.321795203
NCC(=O)[O-].NCC(=O)[O-].O=S(=O)(O)O.[Fe+2],0.21746544,0.860655277,0.848025382,-5.73644489,15.89938976,3.307426896,0.217558413,0.086860601,0.157132584,0.069859091,0.450225294,0.087433543,0.334079015,15.84900143,0.198984165,0.947263464,2.087264648,0.589231743,0.076609796,75.24523301,-0.873231896,0.450751356
O=C([O-])CCC(=O)[O-].[Fe+2],0.151345272,0.914176007,0.84184466,-4.678272246,18.93451587,22.8597985,0.204184935,0.085237338,0.163627309,0.060112951,0.375952214,0.085691737,0.282879147,13.13848698,0.225115176,0.967663014,2.005328554,1.387831151,0.064822751,83.8459919,-1.107801276,0.367870163
[Fe+2].[Fe+3].[Fe+3].[O-2].[O-2].[O-2].[O-2],0.13611858,0.914684085,0.810794397,-4.703222204,21.99734819,42.11091476,0.203418212,0.093169123,0.165728358,0.08470081,0.424392248,0.090334611,0.16105564,18.35272623,0.210712085,0.930755524,2.152031323,2.628025076,0.077772215,88.04701055,-2.76829871,2.953122708
CC(C)C(=O)Oc1ccc(CO)cc1[C@H](CCN(C(C)C)C(C)C)c1ccccc1,0.119940591,0.8696582,0.820777495,-4.982729374,17.57360077,39.25971258,0.258230728,0.389514009,0.245163789,0.404469354,0.57767387,0.743558263,0.170184815,10.09510918,0.828523489,0.969699013,2.692800557,2.589598047,0.88181731,96.123987,-4.511921165,3.383151836
CSc1ccc(OCc2ncc([N+](=O)[O-])n2C)cc1,0.831063371,0.918066479,0.862101148,-4.69043718,35.26967807,38.72473547,0.187127951,0.463025901,0.140998665,0.140837231,0.513762187,0.363604168,0.764748424,13.22967559,0.353530781,0.967660867,2.433605855,3.062578165,0.685723683,97.13534808,-3.191268777,2.225914224
CCc1c(Cl)c(O)c(Cl)c(O)c1C(=O)O[C@H]1[C@H](O)[C@H](OC)[C@H](OC/C2=C\C=C\C[C@H](O)/C(C)=C/[C@H](CC)[C@@H](O[C@@H]3OC(C)(C)[C@@H](OC(=O)C(C)C)[C@H](O)[C@@H]3O)/C(C)=C/C(C)=C/C[C@@H]([C@@H](C)O)OC2=O)O[C@@H]1C,0.265642565,0.345245161,0.696769471,-5.635964018,44.2525537,57.82499023,0.190646291,0.297152514,0.146302228,0.086014523,0.568393568,0.701568834,0.741617388,2.57522415,0.425714329,0.946085471,3.03470898,2.757436006,0.863376409,90.88711399,-5.462687377,6.660070144
O=C(Nc1nc2cccc(-c3ccc(CN4CCS(=O)(=O)CC4)cc3)n2n1)C1CC1,0.593507065,0.890172408,0.845997978,-5.114361883,17.73342423,20.57919081,0.226563157,0.448415641,0.259725452,0.102249461,0.623189153,0.516884252,0.860174483,11.21279668,0.78324893,0.967376685,2.788217056,3.095119471,0.876606749,94.48413741,-2.752618257,2.864383954
N#Cc1c(N2C[C@@H]3NCCO[C@H]3C2)c(F)cc2c(=O)c(C(=O)O)cn(C3CC3)c12,0.61970864,0.600127719,0.861943502,-5.10017358,16.85807772,25.38622187,0.182053023,0.253827496,0.153333607,0.0896914,0.491299168,0.306051086,0.84194007,7.570964418,0.544825482,0.967973905,2.708704805,0.873906214,0.6843386,87.23949475,-2.996120399,2.859231651
CCCCCCCCc1ccc(CCC(N)(CO)CO)cc1,0.087077736,0.922489218,0.86827685,-4.948028657,14.40090051,12.94177965,0.192944739,0.347244136,0.329489262,0.587736691,0.420381847,0.239061829,0.139761115,11.69305351,0.444337789,0.968517948,2.302001384,2.505327906,0.544817122,96.81708556,-3.289778769,5.406544841
Cc1cc2nc3c(=O)[nH]c(=O)nc-3n(C[C@H](O)[C@H](O)[C@H](O)CO[P@@](=O)(O)O[P@](=O)(O)OC[C@H]3O[C@@H](n4cnc5c(N)ncnc54)[C@H](O)[C@@H]3O)c2cc1C,0.49936605,0.379150227,0.561404571,-6.315649499,38.06579929,35.48475807,0.25285315,0.149752686,0.18467698,0.078787967,0.490681902,0.502072556,0.8742878,48.32261795,0.687758116,0.917118571,3.453588672,1.987506115,0.498887309,81.59948551,-1.984761328,5.330973956
Cc1cc2nc3c(=O)[nH]c(=O)nc-3n(C[C@H](O)[C@H](O)[C@H](O)COP(=O)(O)O)c2cc1C,0.734080752,0.534121956,0.788762607,-5.614061593,27.04695307,18.79661957,0.232696691,0.15216802,0.179773529,0.077099923,0.552117601,0.351546952,0.871995402,29.33103054,0.682011342,0.95574765,3.67045212,2.054596888,0.5099617,91.14635285,-2.326379344,2.777109174
O=c1[nH]c2ccccc2n1CCN1CCN(c2cccc(C(F)(F)F)c2)CC1,0.579154399,0.938290836,0.831629071,-4.98174924,22.12764065,34.37705208,0.19927618,0.546316796,0.202173915,0.318286655,0.530585101,0.538591821,0.60155193,8.196172622,0.885558389,0.968582851,2.700463966,3.484554357,0.879214464,96.25948568,-3.327793686,3.616098193
CNc1ccc(/C=C/c2ccc(OCCOCCOCC[18F])cc2)cc1,0.734234908,0.936162191,0.86817634,-4.782913914,40.13218224,18.75994758,0.189938126,0.498562135,0.265827525,0.219123486,0.451381012,0.536382875,0.314003269,18.89644499,0.81762786,0.961216566,2.63073546,2.781800779,0.85876184,97.68994337,-3.751227136,2.74646053
CNc1ccc(/C=C/c2ccc(OCCOCCOCC[18F])nc2)cc1,0.667391088,0.929065068,0.860534071,-4.806279139,41.43515968,19.41302162,0.192759145,0.432420529,0.273809282,0.165687383,0.434078775,0.621376402,0.673944691,15.58866398,0.81600108,0.964184658,2.563536736,2.522878284,0.842983704,97.07056309,-3.544697018,2.304316003
[18F]c1ccc(-c2ccc3c(c2)[nH]c2ccncc23)cn1,0.72441216,0.932737334,0.854924933,-4.778731046,44.60254288,22.83543396,0.2038379,0.367880702,0.200980095,0.311029159,0.481058696,0.849706603,0.750811781,10.59532719,0.345737845,0.968567673,2.43164685,3.131071244,0.83628365,98.93057987,-3.844221258,2.649663723
Cn1cc(S(C)=O)c(=O)c2ccc(F)cc21,0.624513096,0.916804994,0.852830601,-4.56635098,22.19189014,18.11825111,0.196911796,0.383222172,0.194910222,0.145366303,0.60990144,0.413950262,0.676080226,20.6033638,0.708523098,0.966105249,3.610012256,2.654916669,0.75141703,96.55094291,-2.164630607,2.325989571
N[C@]1(C(=O)O)C[C@@H]([18F])C1,0.26718089,0.873418594,0.862705173,-4.788401943,17.39189432,6.112043212,0.196510477,0.104403429,0.174322506,0.064711585,0.461693637,0.090473256,0.138345971,10.63949429,0.239190954,0.964140373,2.411333929,1.043824787,0.072133658,91.4870792,-0.384031358,1.077635163
CC1(C)O[C@@H]2C[C@H]3[C@@H]4C[C@H](F)C5=CC(=O)C=C[C@]5(C)[C@@]4(Cl)[C@@H](Cl)C[C@]3(C)[C@]2(C(=O)CO)O1,0.290949434,0.912499279,0.686414935,-5.004740565,46.89017376,34.63173041,0.175753568,0.209601915,0.158637933,0.075113261,0.662724602,0.666336758,0.46989788,21.32838939,0.427429067,0.964228324,2.80813977,2.917494117,0.698786702,92.42991206,-3.857673406,3.976507422
O=C[C@H]([18F])[C@@H](O)[C@H](O)[C@H](O)CO,0.219870945,0.912775009,0.83863593,-5.273768141,13.41671478,8.216181319,0.181453722,0.084281828,0.183421667,0.062796086,0.469533754,0.096808837,0.144099547,17.06621027,0.263116149,0.964931171,2.271837031,1.363839941,0.074852414,83.34889321,0.005684228,1.162478297
O=C1c2ccccc2C(=O)C1c1ccc(F)cc1,0.409475038,0.936204586,0.878079743,-4.591088479,15.29162804,21.06142388,0.180164913,0.495878061,0.178354284,0.078006162,0.53670848,0.352905604,0.320864637,9.984017009,0.366379196,0.969047504,2.512043512,3.109963044,0.65333599,95.83568624,-2.962752479,6.111706667
[F-],0.167083217,0.944683343,0.854604767,-4.533195495,21.15731877,40.23682108,0.178019608,0.080490157,0.159398213,0.073474844,0.407627937,0.086810732,0.148723329,15.58136623,0.226032633,0.967049775,2.284437,1.471629803,0.069885126,80.91526476,-0.291785271,3.168372294
[18F-],0.167083217,0.930438457,0.854604767,-4.533195495,21.13104888,40.27801667,0.179399469,0.080490157,0.158479045,0.073474844,0.410452042,0.086652969,0.148723329,17.34012493,0.226032633,0.967045407,2.284437,1.472362939,0.069885126,81.22267869,-0.405693401,3.159020524
N[C@@H](Cc1cc(O)c(O)cc1[18F])C(=O)O,0.354717478,0.751118762,0.856720403,-5.253860915,17.8623004,7.29579358,0.217289747,0.131844493,0.168009566,0.09728919,0.423032706,0.108759679,0.165323372,5.759145838,0.26655101,0.969636593,2.368925377,0.837027516,0.083245405,92.99880841,-0.990707934,1.055680396
C[C@]12CC[C@@H]3c4ccc(O)cc4CC[C@H]3[C@@H]1C[C@@H]([18F])[C@@H]2O,0.163905375,0.795338386,0.756692681,-4.812398721,28.08330671,26.8031805,0.213266355,0.228763173,0.211323124,0.113122713,0.696216435,0.247679472,0.291430687,16.0788374,0.577250071,0.969133541,2.486977307,2.824761022,0.733412794,93.16288287,-3.571970528,3.157800423
C[C@]1(O)CC[C@H]2[C@@H]3CCC4=CC(=O)CC[C@]4(C)[C@@]3(F)[C@@H](O)C[C@@]21C,0.136877084,0.867878387,0.803566378,-4.823134732,33.58607236,24.32071558,0.168593678,0.157230166,0.16529047,0.071320819,0.728406289,0.413838403,0.195262616,15.5461486,0.43050225,0.969710279,2.671599389,2.693863045,0.555532161,92.71316986,-3.324476202,4.088952505
CNc1ccc(-c2nc3ccc(O)cc3s2)cc1[18F],0.720790103,0.922081729,0.831512947,-4.770955356,24.67534542,22.16223801,0.227253348,0.425334251,0.531353398,0.216146951,0.582679046,0.421692637,0.835091019,16.51673177,0.554611816,0.966123743,2.551868884,2.915753825,0.783607932,97.22699097,-3.700123863,2.872995973
C[C@@H]1C[C@H]2[C@@H]3C[C@H](F)C4=CC(=O)C=C[C@]4(C)[C@@]3(F)[C@@H](O)C[C@]2(C)[C@@]1(O)C(=O)SCF,0.289393743,0.912389843,0.814936423,-4.94811614,45.99555044,52.3055129,0.175983367,0.162876418,0.139943628,0.065674421,0.715420221,0.572093841,0.238044398,13.95708382,0.472836181,0.969148229,2.81744441,2.892544751,0.652140269,93.15467921,-3.683272764,3.9139499
C[C@@H]1C[C@H]2[C@@H]3C[C@H](F)C4=CC(=O)C=C[C@]4(C)[C@@]3(F)[C@@H](O)C[C@]2(C)[C@@]1(OC(=O)c1ccco1)C(=O)SCF,0.286209493,0.901052194,0.777041786,-4.982866564,58.66832046,61.6521362,0.176921536,0.312462716,0.149948126,0.071520282,0.68279364,0.665440798,0.661099687,17.15841941,0.433456351,0.967374504,2.843121014,3.119546308,0.81553059,96.22061926,-4.446272755,4.961378546
CO[C@H]1O[C@H](COS(=O)(=O)O)[C@@H](O[C@@H]2O[C@@H](C(=O)O)[C@@H](O[C@H]3O[C@H](COS(=O)(=O)O)[C@@H](O[C@@H]4O[C@H](C(=O)O)[C@@H](O[C@H]5O[C@H](COS(=O)(=O)O)[C@@H](O)[C@H](O)[C@H]5NS(=O)(=O)O)[C@H](O)[C@H]4O)[C@H](OS(=O)(=O)O)[C@H]3NS(=O)(=O)O)[C@H](O)[C@H]2OS(=O)(=O)O)[C@H](O)[C@H]1NS(=O)(=O)O,0.136149439,0.242540859,0.365779384,-6.655604866,59.16116379,4.675948903,0.272175478,0.107030082,0.158458941,0.095232145,0.541914392,0.106121426,0.833583762,231.9135797,0.400801819,0.100470854,2.482621904,0.179702856,0.119476209,59.69991701,-1.902292283,2.504817119
C[C@]12CCC(=O)C(O)=C1CC[C@@H]1[C@@H]2CC[C@]2(C)C(=O)CC[C@@H]12,0.104554924,0.785495213,0.826332811,-4.77237382,31.69423594,26.76836603,0.187252655,0.176129899,0.149617977,0.0709365,0.663441144,0.314404292,0.499657327,15.87835591,0.310955254,0.969714551,2.322075155,3.021441473,0.695587303,93.12775248,-3.619331362,3.868833928
CC(C)CN(C[C@@H](OP(=O)(O)O)[C@H](Cc1ccccc1)NC(=O)O[C@H]1CCOC1)S(=O)(=O)c1ccc(N)cc1,0.246275369,0.777809313,0.809116719,-5.036804246,28.93378437,39.76480003,0.298366628,0.753436842,0.166988938,0.128248915,0.572421336,0.793974645,0.869675888,14.29290315,0.79351501,0.951003821,3.12542504,2.514119688,0.583524567,94.70292431,-3.023511139,1.983715154
C[C@@H](O[C@H]1OCCN(Cc2nc(=O)n(P(=O)(O)O)[nH]2)[C@H]1c1ccc(F)cc1)c1cc(C(F)(F)F)cc(C(F)(F)F)c1,0.411582418,0.75469176,0.780492146,-5.225975229,49.04164166,35.2612862,0.204460486,0.702608402,0.177772268,0.133733692,0.605921236,0.759407231,0.815969439,18.06739289,0.769295016,0.958875969,3.507254433,2.972146669,0.848941983,94.81743159,-3.688218991,7.017605823
Nc1nc(=O)c2c([nH]1)N[C@@H]1O[C@@H]3COP(=O)(O)O[C@@H]3C(O)(O)[C@@H]1N2,0.520351805,0.532702751,0.724468124,-5.752178089,32.09765402,25.11317922,0.219876303,0.133185009,0.18212741,0.07831508,0.41703717,0.122611037,0.782193355,16.74248111,0.237368036,0.926846892,3.764019859,1.686451659,0.155898025,82.26739872,-1.875830028,6.526296947
CCC(=O)O[C@@H](OP(=O)(CCCCc1ccccc1)CC(=O)N1C[C@H](C2CCCCC2)C[C@H]1C(=O)O)C(C)C,0.145428372,0.749394044,0.748454174,-5.210468497,19.28696628,54.75066939,0.219621381,0.321473924,0.161516934,0.093076541,0.603034663,0.320766332,0.299437815,16.38868844,0.791055123,0.946383538,2.956184967,1.60381392,0.883341654,95.96491892,-4.297426921,1.972555522
Cc1ccccc1-c1cc(N2CC[N+](C)(COP(=O)([O-])O)CC2)ncc1N(C)C(=O)C(C)(C)c1cc(C(F)(F)F)cc(C(F)(F)F)c1,0.478927036,0.850831805,0.744117598,-4.941920307,46.13407408,64.63530475,0.226021863,0.499729487,0.182637215,0.158236981,0.614905027,0.681295725,0.606387595,10.99382448,0.787533354,0.794757965,3.437014737,3.055211858,0.891071478,92.51580285,-4.064594196,10.51945959
CC(C)c1cccc(C(C)C)c1OCOP(=O)(O)O,0.136665638,0.90762046,0.840530631,-4.727693754,17.82980066,31.48060189,0.201638368,0.362935219,0.393152618,0.103688133,0.448205548,0.209038596,0.318982373,9.582815569,0.353717217,0.949580364,3.016246387,2.855213299,0.234169883,96.48245781,-2.801575655,1.822467979
COc1cc(Nc2ncc(F)c(Nc3ccc4c(n3)N(COP(=O)(O)O)C(=O)C(C)(C)O4)n2)cc(OC)c1OC,0.375968537,0.724434391,0.757909079,-5.225527848,44.57903844,41.4918713,0.236833193,0.444194582,0.167402841,0.085733798,0.554192162,0.744329792,0.870678172,13.41618395,0.565558919,0.947843147,3.637889786,2.82743156,0.870254798,91.86089374,-3.465771183,8.572099353
COc1cnc(-n2cnc(C)n2)c2c1c(C(=O)C(=O)N1CCN(C(=O)c3ccccc3)CC1)cn2COP(=O)(O)O,0.561107745,0.735397292,0.784618943,-5.200664463,31.68578757,34.76271714,0.235463285,0.67283286,0.233123927,0.087695777,0.641405532,0.535416879,0.880917546,16.39865037,0.816655367,0.955747158,3.361398367,2.025975818,0.912295522,93.79877113,-2.638223435,3.75230274
NC[C@@H]1O[C@H](O[C@H]2[C@@H](O)[C@H](O[C@@H]3[C@@H](O)[C@H](N)C[C@H](N)[C@H]3O[C@H]3O[C@H](CN)[C@@H](O)[C@H](O)[C@H]3N)O[C@@H]2CO)[C@H](N)[C@@H](O)[C@@H]1O,0.333576626,0.132696222,0.403606617,-6.682567618,33.71877105,16.75212933,0.201278963,0.082578741,0.187785554,0.067590289,0.490067992,0.108817416,0.145293633,13.74086529,0.499961847,0.329927485,2.126468305,0.787490877,0.128825796,71.11437558,-1.222679663,1.22944046
C[C@]12CC[C@@H]3c4ccc(O)cc4C[C@@H](CCCCCCCCCS(=O)CCCC(F)(F)C(F)(F)F)[C@H]3[C@@H]1CC[C@@H]2O,0.245150344,0.839104725,0.706497623,-5.142089912,24.91016978,32.64493618,0.216682292,0.223651761,0.205791304,0.144018693,0.707532038,0.640384791,0.290429399,8.931041221,0.808535811,0.96796479,2.607587705,3.146178499,0.859513402,95.96597975,-5.130589827,6.299860896
CC(C)C1OC(=O)[C@H](C(C)C)N(C)C(=O)C(C(C)C)OC(=O)[C@H](C(C)C)N(C)C(=O)C(C(C)C)OC(=O)[C@H](C(C)C)N(C)C1=O,0.156297108,0.876770522,0.752356364,-4.954192423,42.36964355,43.25569083,0.182031777,0.154123073,0.155346983,0.067555861,0.607471517,0.308393228,0.733665445,13.71423069,0.258552368,0.953507152,2.292566562,2.650465205,0.644628794,87.7855263,-3.986984151,2.830909393
C=CC(=O)N1CC[C@H](n2nc(C#Cc3cc(OC)cc(OC)c3)c3c(N)ncnc32)C1,0.712709025,0.886728827,0.833886304,-4.963347132,35.64426439,30.81352413,0.200318459,0.539808466,0.231899234,0.105493131,0.6442284,0.730863217,0.782311316,12.24221305,0.802383826,0.961816994,2.639547431,3.105201432,0.870391902,93.46714989,-3.212517747,3.993165476
O=C([O-])CN(CCN(CC(=O)[O-])CC(=O)[O-])CCN(CC(=O)O)C(COCc1ccccc1)C(=O)O.[Gd+3],0.304064328,0.572354062,0.743159927,-5.508262564,29.29844534,30.06188238,0.227253643,0.116133885,0.228133481,0.095644856,0.39613579,0.103046052,0.658339467,23.98551997,0.44644614,0.842849243,2.437610527,-0.029165588,0.179585423,73.52118347,-1.612368678,0.594095782
O=C([O-])C[N+]12CC[N+]3(CC(=O)[O-])CC[N+]4([C@@H](CO)[C@@H](O)CO)CC[N+](CC(=O)[O-])(CC1)[Gd-]234,0.2909331,0.460520225,0.688258002,-5.491582727,46.53360378,31.72950563,0.220073225,0.090325835,0.233121964,0.089041094,0.575470283,0.108834278,0.504420663,37.30434924,0.362024548,0.542608077,2.171371532,0.698226444,0.142994889,65.94208695,-1.493489375,1.417408285
CNC(=O)CN(CCN(CCN(CC(=O)[O-])CC(=O)NC)CC(=O)[O-])CC(=O)[O-].[Gd+3],0.295955964,0.598200229,0.810569813,-5.579459722,25.58249979,12.38940396,0.190382804,0.102240603,0.173914254,0.075960583,0.427797526,0.101238483,0.520647961,19.04187402,0.369138819,0.89073927,2.322117032,-0.040633535,0.137725337,66.48068855,-1.325059957,0.332812497
O=C([O-])CN(CCN(CC(=O)[O-])C[C@H](COP(=O)([O-])OC1CCC(c2ccccc2)(c2ccccc2)CC1)N(CC(=O)[O-])CC(=O)[O-])CC(=O)[O-].[Gd+3].[Na+].[Na+].[Na+],0.335156585,0.534566048,0.678264091,-5.396425743,43.02188251,55.37039407,0.235594537,0.160521422,0.170436617,0.121584168,0.486803283,0.131158065,0.581892792,53.61638493,0.809728235,0.623100726,2.609723562,0.917612174,0.259792123,65.60257615,-2.109352253,0.096316869
O=C([O-])CN(CCN(CC(=O)[O-])CC(=O)O)CCN(CC(=O)[O-])CC(=O)O.[Gd+3],0.331135885,0.61027372,0.765420963,-5.529322039,24.72644109,18.52344291,0.20242879,0.113260947,0.164291193,0.085083435,0.396890794,0.090517622,0.463403842,23.05851215,0.339141428,0.644042094,2.300389755,0.162942763,0.109100616,70.04222028,-1.103065093,0.242977745
O=C(CCC(C(=O)[O-])N1CCN(C(CCC(=O)NCC(O)CO)C(=O)[O-])Cc2cccc(n2)CN(C(CCC(=O)NCC(O)CO)C(=O)[O-])CC1)NCC(O)CO.[Gd+3],0.257030546,0.551337158,0.739090023,-6.343539982,17.22529272,30.74169202,0.202391571,0.115423637,0.188042763,0.087018377,0.459092948,0.119652653,0.734860097,12.55402941,0.458145886,0.670919021,2.411992659,0.589774366,0.197948206,67.95499865,-1.29377,0.345833799
O=C([O-])CN1CCN(CC(=O)[O-])CCN(CC(=O)O)CCN(CC(=O)[O-])CC1.[Gd+3],0.184837865,0.825874894,0.838984031,-5.393102944,17.18885694,-4.396599829,0.206897104,0.102278265,0.161247353,0.082610446,0.449332758,0.093233989,0.274281044,11.07564688,0.36727853,0.947576397,2.288629583,0.626814031,0.124251339,72.26697246,-1.024746421,0.259824003
CCOc1ccc(C[C@@H](CN(CCN(CC(=O)[O-])CC(=O)[O-])CC(=O)[O-])N(CC(=O)O)CC(=O)O)cc1.[Gd+3],0.396347652,0.411012408,0.751119199,-5.564504984,22.39997549,16.15958832,0.215525967,0.110338434,0.200264733,0.111442203,0.457844415,0.102703341,0.729695547,23.00993518,0.576241764,0.838450733,2.467532519,-0.0993589,0.182323288,74.79585299,-1.532944555,0.52871124
O=C[C@H](O)[C@@H](O)[C@@H](O)[C@H](O)CO,0.208233687,0.881791766,0.832338722,-5.400672462,14.65541276,6.16551408,0.185929307,0.080343133,0.176721047,0.061286977,0.420187977,0.090101814,0.130834395,15.48520629,0.22569595,0.960275287,1.89171525,1.413373914,0.075589401,80.37551161,0.115913658,0.952275568
CC[N+](CC)(CC)CCOc1cccc(OCC[N+](CC)(CC)CC)c1OCC[N+](CC)(CC)CC.[I-].[I-].[I-],0.193246003,0.817850426,0.804309108,-5.012605152,26.59597204,30.96010731,0.191948434,0.106770353,0.363909431,0.587376844,0.615500626,0.157381037,0.144377338,18.56319456,0.820522978,0.237676621,2.472665801,1.203261968,0.413599246,77.15222509,-1.591174902,13.45472183
O=C([O-])CCc1ccc(O)c(CN(CCN(CC(=O)[O-])Cc2cc(CCC(=O)NCCCCCC(=O)NCCCC[C@H](NC(=O)N[C@@H](CCC(=O)O)C(=O)O)C(=O)O)ccc2O)CC(=O)[O-])c1.[68Ga+3],0.157880462,0.256140337,0.69269595,-6.436870148,22.73153007,25.04438048,0.225339681,0.27470812,0.183062036,0.119068499,0.474241393,0.138615519,0.762043846,23.02244819,0.774976854,0.238293192,2.787187954,-0.227191026,0.24408486,74.77120225,-2.186154194,0.837127073
[67Ga+3].[Cl-].[Cl-].[Cl-],0.242015051,0.927880973,0.835387557,-4.547233866,20.72267551,28.96063224,0.202820075,0.088778869,0.171262785,0.077527247,0.416884991,0.088249411,0.169953898,16.3157383,0.226241315,0.953768341,2.119828231,0.985756182,0.07802379,65.8550641,-1.663077967,3.107770848
O=C([O-])CC(O)(CC(=O)[O-])C(=O)[O-].[67Ga+3],0.161478051,0.871090668,0.824683504,-4.999862028,16.48064838,7.44881436,0.2087824,0.085564043,0.160724201,0.063489791,0.44100694,0.08577587,0.367499506,28.91103155,0.209364024,0.962887068,2.061414297,1.083089823,0.071890961,75.59121637,-0.998544887,0.346873896
O=[N+]([O-])[O-].O=[N+]([O-])[O-].O=[N+]([O-])[O-].[Ga+3],0.505856171,0.924433884,0.851776232,-5.008930464,22.70379896,18.36566882,0.197834233,0.132514443,0.179316741,0.06439509,0.444936691,0.087235634,0.359089595,14.55439054,0.190492794,0.951252771,2.220129006,2.351438196,0.088264044,90.16234011,-1.303119531,1.174698302
O=C(O)CCc1ccc(O)c(CN(CCN(CC(=O)O)Cc2cc(CCC(=O)NCCCCCC(=O)NCCCC[C@H](NC(=O)N[C@@H](CCC(=O)O)C(=O)O)C(=O)O)ccc2O)CC(=O)O)c1,0.156624432,0.215739426,0.653665043,-6.544205792,22.58241383,29.97950538,0.227823639,0.330426782,0.237894173,0.192039205,0.462103103,0.278911365,0.749183514,32.60062979,0.783856025,0.189206354,2.72070331,0.090615454,0.268369556,87.37962451,-2.659624283,2.621348509
CCCCC/C=C\C/C=C\C/C=C\CCCCC(=O)O,0.109948673,0.915543833,0.870101772,-4.863241243,20.21867811,14.40705225,0.205071237,0.414736208,0.155918979,0.087849939,0.474487375,0.169596917,0.147550651,12.02306624,0.327974637,0.968288081,2.058667937,1.851112136,0.469700125,95.44929757,-4.650652676,2.999426021
CCNC(=NCCCC[C@H](NC(=O)[C@H](CC(C)C)NC(=O)[C@@H](CCCCN=C(NCC)NCC)NC(=O)[C@H](Cc1ccc(O)cc1)NC(=O)[C@H](CO)NC(=O)[C@@H](Cc1cccnc1)NC(=O)[C@@H](Cc1ccc(Cl)cc1)NC(=O)[C@@H](Cc1ccc2ccccc2c1)NC(C)=O)C(=O)N1CCC[C@H]1C(=O)N[C@H](C)C(N)=O)NCC,0.217420779,0.22153162,0.48725261,-6.255641785,62.1198646,78.16199086,0.251480273,0.23586068,0.219877162,0.166836769,0.603502382,0.812823811,0.750621731,22.35551898,0.731598865,0.429522591,2.854480322,1.895768563,0.670032349,82.96197001,-4.007866749,3.573997515
O=C[C@H](O)[C@@H](O)[C@@H](CO)O[C@@H]1O[C@H](CO)[C@H](O)[C@H](O)[C@H]1O,0.460884796,0.804943556,0.802664688,-5.696783422,13.78394715,9.922881078,0.202663473,0.077476872,0.164941215,0.066728485,0.461601809,0.095438668,0.282250748,13.27168036,0.28385431,0.934118533,2.069008068,1.148546997,0.100209728,77.51543016,-0.327864639,1.103721375
CCCCC(C)(C)[C@H](O)/C=C/[C@H]1[C@H](O)CC(=O)[C@@H]1CCCC/C=C/C(=O)OC,0.142894837,0.855810948,0.812685517,-5.024715615,31.14649044,37.74900404,0.189993395,0.372869391,0.156376894,0.064814274,0.616945434,0.481894568,0.147705708,22.81849131,0.326570507,0.963160725,2.621001702,2.715844316,0.751154001,94.27892925,-4.02869112,3.435193212
CO/N=C1\CN(c2nc3c(cc2F)c(=O)c(C(=O)O)cn3C2CC2)CC1CN,0.707974093,0.688463598,0.847061462,-5.030864732,23.55448706,22.0072852,0.200243133,0.318862714,0.170487147,0.085287648,0.546819899,0.242819205,0.877071523,6.186854999,0.619486723,0.961136854,2.840988005,0.253273689,0.644516649,85.1446042,-2.916238301,2.190301891
CCCCCC(=O)O[C@]1(C(C)=O)CC[C@H]2[C@@H]3CCC4=CC(=O)CC[C@@H]4[C@H]3CC[C@@]21C,0.097643179,0.82007556,0.839960513,-4.834388422,31.47156205,36.35292288,0.165691543,0.312304248,0.155112737,0.067507658,0.694765121,0.407721764,0.500497022,12.41572243,0.485950907,0.969717115,2.409169594,3.070271699,0.827638021,94.92627705,-4.5842007,5.059045601
C#C[C@]1(O)CC[C@H]2[C@@H]3CCC4=CC(=O)CCC4=C3C=C[C@@]21CC,0.146123646,0.800255815,0.835145212,-4.767327308,24.94951963,28.3362772,0.194374949,0.340067914,0.154569456,0.102372366,0.692141356,0.335580352,0.281866576,12.6157521,0.506067904,0.967377807,2.394732559,2.926782767,0.767457134,95.18689629,-4.209194165,3.550057384
CCc1nc(C(N)=O)c(Nc2ccc(N3CCC(N4CCN(C)CC4)CC3)c(OC)c2)nc1NC1CCOCC1,0.632007605,0.770773591,0.77185708,-5.426481763,23.55154658,29.00577274,0.221338032,0.193667539,0.227008442,0.157519369,0.478448174,0.368092105,0.83225785,13.29321941,0.839862934,0.953688783,2.686583487,2.526947216,0.728814444,90.66508921,-3.187118283,9.154447195
O=c1cc(O)c(Cl)c[nH]1,0.25499129,0.911507449,0.84878012,-4.681000805,18.73801748,11.36663676,0.207443246,0.144293688,0.170847634,0.078107018,0.525724131,0.156709799,0.497933831,10.04285772,0.216816514,0.96633623,2.501651942,2.758702629,0.108934476,95.26543882,-1.032699981,1.669435565
CN1CC[C@@H](NC(=O)Nc2ccc(C#N)cc2)C[C@@H]1c1nc2ccccc2[nH]1,0.695774592,0.90142818,0.843930208,-5.329137304,37.85631878,30.26094354,0.240329096,0.407696705,0.360466302,0.345762107,0.593961521,0.511419153,0.623289527,12.27011953,0.796477891,0.967052445,2.756257044,3.203139656,0.895281569,95.29367,-3.33595546,2.704638538
CC(C)(C)[C@@H]1NC(=O)O[C@@H]2CCC[C@H]2OC/C=C/C(F)(F)c2nc3ccccc3nc2O[C@@H]2C[C@@H](C(=O)N[C@]3(C(=O)NS(=O)(=O)C4(C)CC4)C[C@H]3C(F)F)N(C2)C1=O,0.485366266,0.571617203,0.727042206,-5.30175502,44.32359505,50.7478321,0.210785108,0.342099815,0.167641131,0.104441594,0.632872263,0.836901791,0.804957051,23.98396824,0.541187166,0.96092112,3.01703442,2.802247956,0.830319146,93.42479284,-4.695190665,6.645680753
O=C(O)[C@H](O)[C@@H](O)[C@H](O)[C@H](O)CO,0.114677501,0.848714391,0.811711795,-5.688926533,16.49893274,2.280099348,0.228277847,0.079034457,0.15541429,0.063150256,0.428422017,0.082581139,0.116087744,13.44899412,0.219640032,0.958244628,1.860288196,0.15689,0.06997373,80.99853454,0.078685348,1.029123555
O=C1O[C@H](CO)[C@@H](O)[C@H](O)[C@H]1O,0.243691812,0.906333742,0.831526703,-5.390735738,30.36605874,24.36222037,0.202388847,0.071198747,0.150182141,0.058017666,0.436007636,0.088390919,0.144363644,12.5127927,0.246054516,0.959539378,2.005597174,1.506776809,0.081017496,84.15237827,0.137990755,1.716755805
N[C@@H](CCC(=O)N[C@@H](CS)C(=O)NCC(=O)O)C(=O)O,0.484582221,0.607649642,0.766929895,-5.882643324,16.59999081,5.721706905,0.244745244,0.101907637,0.213331578,0.06560436,0.398432475,0.099255272,0.294251241,10.08807665,0.238611006,0.956652649,2.20262567,0.191106332,0.084284438,79.87997191,-1.067529544,0.400889452
N[C@@H](CCC(=O)N[C@@H](CSSC[C@H](NC(=O)CC[C@H](N)C(=O)O)C(=O)NCC(=O)O)C(=O)NCC(=O)O)C(=O)O,0.46955179,0.284965499,0.711132896,-6.645732338,17.94461989,17.44064074,0.247794303,0.123216963,0.166132282,0.07760674,0.483894147,0.116028543,0.523655985,19.69623699,0.250270892,0.328725763,2.448450985,-0.260394417,0.138539055,71.87325839,-1.377587473,0.630970291
O=C(CCCc1ccccc1)OCC(COC(=O)CCCc1ccccc1)OC(=O)CCCc1ccccc1,0.15093092,0.91714232,0.846856363,-4.905838075,17.51878069,45.60652335,0.178661345,0.769611414,0.159937731,0.111018851,0.507084199,0.637886785,0.207876876,12.13115181,0.636317653,0.966711338,2.105426729,3.528068381,0.898400809,99.27351806,-5.247557885,3.584976252
CC1(C)[C@@H](O[C@H]2O[C@H](C(=O)O)[C@@H](O)[C@H](O)[C@H]2O[C@@H]2O[C@H](C(=O)O)[C@@H](O)[C@H](O)[C@H]2O)CC[C@]2(C)[C@H]3C(=O)C=C4[C@@H]5C[C@@](C)(C(=O)O)CC[C@]5(C)CC[C@@]4(C)[C@]3(C)CC[C@@H]12,0.226038735,0.316443991,0.680251101,-5.814362862,57.94891817,19.27707776,0.193887289,0.09450449,0.141958993,0.065544126,0.62863819,0.116122609,0.729801315,11.10414133,0.402365512,0.910996692,2.792117642,0.740675993,0.31034825,88.49149361,-3.427416586,3.067802342
CC(C)CC(NC(=O)CNC(=O)C(Cc1ccc(O)cc1)NC(=O)C(CO)NC(=O)C(Cc1c[nH]c2ccccc12)NC(=O)C(Cc1cnc[nH]1)NC(=O)C1CCC(=O)N1)C(=O)NC(CCCN=C(N)N)C(=O)N1CCCC1C(=O)NCC(N)=O,0.282018738,0.248407328,0.477352278,-6.477292509,57.50135836,62.46102014,0.24805055,0.220077777,0.205097147,0.109552911,0.605836414,0.700786004,0.828819985,20.97424485,0.715956021,0.69707164,2.850957245,1.930230672,0.400917668,75.00740861,-2.987429945,4.39704042
CC(C)C[C@H](NC(=O)[C@@H](COC(C)(C)C)NC(=O)[C@H](Cc1ccc(O)cc1)NC(=O)[C@H](CO)NC(=O)[C@H](Cc1c[nH]c2ccccc12)NC(=O)[C@H](Cc1cnc[nH]1)NC(=O)[C@@H]1CCC(=O)N1)C(=O)N[C@@H](CCCN=C(N)N)C(=O)N1CCC[C@H]1C(=O)NNC(N)=O,0.291808403,0.239448233,0.464395343,-6.282155418,56.0591123,61.43834375,0.246068771,0.256198767,0.205230606,0.100989812,0.604940435,0.768413592,0.826551274,21.31691822,0.641279355,0.693206817,2.967409559,1.946995528,0.391064844,76.36218693,-2.864176599,4.21055496
CC(C)C[C@@H](NC(=O)CNC(=O)[C@@H](NC=O)C(C)C)C(=O)N[C@@H](C)C(=O)N[C@@H](C(=O)N[C@H](C(=O)N[C@@H](C(=O)N[C@@H](Cc1c[nH]c2ccccc12)C(=O)N[C@H](CC(C)C)C(=O)N[C@@H](Cc1c[nH]c2ccccc12)C(=O)N[C@H](CC(C)C)C(=O)N[C@@H](Cc1c[nH]c2ccccc12)C(=O)N[C@H](CC(C)C)C(=O)N[C@@H](Cc1c[nH]c2ccccc12)C(=O)NCCO)C(C)C)C(C)C)C(C)C,0.141966062,0.256601457,0.505720614,-6.291194078,65.53194916,65.77754198,0.230854173,0.4223478,0.243079347,0.093055882,0.615957269,0.619396111,0.729136799,57.79345976,0.670117203,0.312533597,2.881774985,2.764441429,0.785728799,85.83507775,-5.8530349,4.654508108
C=C[C@@H]1C[C@]1(NC(=O)[C@@H]1C[C@@H]2CN1C(=O)[C@H](C(C)(C)C)NC(=O)O[C@@H]1C[C@H]1CCCCCc1nc3ccc(OC)cc3nc1O2)C(=O)NS(=O)(=O)C1CC1,0.581682505,0.618323562,0.745221238,-5.253140209,45.97036314,56.63081009,0.241237828,0.47578391,0.170168242,0.110426829,0.63859881,0.867213055,0.821736109,15.60485088,0.618054708,0.961448036,3.042091626,2.768063659,0.823269455,93.57693283,-4.254057902,4.416439421
N=C(N)NCC1COc2ccccc2O1,0.55234068,0.915528958,0.856005241,-5.04730399,36.4229784,15.26846978,0.182794212,0.136770223,0.729335685,0.523555948,0.395513927,0.29083255,0.240988307,11.29660396,0.352610161,0.969431086,2.310743727,1.889905102,0.159865866,93.82811507,-1.332362716,2.029990645
CCCCN(CCCC)CCC(O)c1cc2c(Cl)cc(Cl)cc2c2cc(C(F)(F)F)ccc12,0.548294321,0.907871372,0.819075103,-5.072191071,19.39746993,13.74477799,0.173961489,0.497107741,0.362345758,0.751396086,0.673598123,0.346296209,0.610386622,18.32819221,0.88826365,0.968848212,2.557057504,3.103249212,0.918522841,98.48168901,-5.975900626,4.783393139
[He],0.194561214,0.936129987,0.850020999,-4.506166822,21.210321,38.16237403,0.188974536,0.091075995,0.164990602,0.079462408,0.39401368,0.087504582,0.174538102,17.47659777,0.205896723,0.967636327,2.226343953,2.640150304,0.073259925,89.25230789,-2.535306245,2.746452372
C[N+](C)(CCCCCC[N+](C)(C)C1c2ccccc2-c2ccccc21)C1c2ccccc2-c2ccccc21,0.648716092,0.942501661,0.811598883,-4.969724791,23.53521261,47.85491184,0.225258854,0.152752505,0.271396621,0.440881858,0.658696524,0.413239404,0.23764791,12.09322501,0.884732262,0.290818979,2.620106987,3.129009638,0.897504955,94.07342392,-6.205673812,14.0862433
N=C(N)c1ccc(OCCCCCCOc2ccc(C(=N)N)cc2)cc1,0.327476525,0.910120038,0.861138372,-5.812622756,29.08355193,17.97425262,0.193620157,0.302650618,0.161818308,0.419288985,0.403433255,0.318769629,0.249935186,7.754101517,0.698161164,0.942796072,2.3758181,2.546073659,0.783834568,96.32778922,-3.52269989,2.784685204
CCCCCCOC(=O)CCC(=O)CN,0.131385154,0.932536857,0.858495443,-4.586737383,17.36428676,35.64934729,0.166531654,0.160335761,0.214251699,0.135935797,0.419293364,0.175421943,0.131734281,9.257434087,0.410772566,0.967287781,2.007634664,2.039459141,0.096934915,91.66326805,-1.869085467,2.419785935
CCCCC(CC)CN1CN(CC(CC)CCCC)CC(C)(N)C1,0.146461308,0.935107587,0.83236412,-4.809777151,14.54737509,17.26201571,0.184094983,0.156144592,0.251654766,0.689253709,0.491219256,0.226612889,0.144530187,14.84306182,0.729881214,0.968809792,2.277131721,2.891807082,0.675418543,93.13248307,-3.895017852,5.914619572
COc1cc(C(=O)OCCCN(C)CCN(C)CCCOC(=O)c2cc(OC)c(OC)c(OC)c2)cc(OC)c1OC,0.180942392,0.905853175,0.798063538,-4.919016202,27.52880806,42.93793322,0.180522795,0.205728474,0.196534397,0.375958045,0.507971045,0.579073811,0.505705639,11.56947848,0.837099865,0.960055672,2.374697147,2.488228435,0.854875668,87.25148921,-3.925420136,3.942212883
C[N+]1(C)CCN(CC(O)(c2ccccc2)C2CCCCC2)CC1,0.114012823,0.931079858,0.842680722,-4.841896607,25.59432985,19.52660426,0.218895678,0.095698972,0.303871681,0.560785293,0.538674239,0.236777174,0.116233319,13.31722343,0.787642168,0.679478549,2.529174984,2.798388221,0.659881421,88.34171622,-3.039198157,4.531657887
CC(CNC1CCCCC1)OC(=O)c1ccccc1,0.093557383,0.931555019,0.85635911,-4.575319803,30.42269803,43.39464292,0.182991338,0.404707916,0.473611947,0.470510565,0.459473539,0.228608259,0.149779357,9.690476543,0.754797388,0.969429529,2.226903506,2.413779622,0.585778588,94.85004794,-3.315666799,2.424197674
CC(=O)O.CC(=O)O.CCNC(=O)[C@@H]1CCCN1C(=O)[C@H](CCCNC(=N)N)NC(=O)[C@H](CC(C)C)NC(=O)[C@@H](Cc1cn(Cc2ccccc2)cn1)NC(=O)[C@H](Cc1ccc(O)cc1)NC(=O)[C@H](CO)NC(=O)[C@H](Cc1c[nH]c2ccccc12)NC(=O)[C@H](Cc1c[nH]cn1)NC(=O)[C@@H]1CCC(=O)N1,0.214302968,0.279145054,0.472919913,-6.286395429,56.25245506,50.93444877,0.242539788,0.289066191,0.260164014,0.141076939,0.591540355,0.755432976,0.794875646,21.05666263,0.658980043,0.635779918,3.059251875,1.038343248,0.6414167,78.40159233,-3.043188467,3.924060968
C/C=C1\[C@H]2C=C(C)C[C@]1(N)c1ccc(=O)[nH]c1C2,0.395685031,0.909049062,0.81735157,-4.700395987,25.6985342,22.09206517,0.202807879,0.40233685,0.177470256,0.228622033,0.630275137,0.409111788,0.424390372,4.564317053,0.621660856,0.966457492,2.72281782,2.779511777,0.487692201,94.36955628,-2.869604458,2.721955715
CC(=O)N[C@@H]1C(O[C@@H]2O[C@H](C(=O)O)[C@@H](O)[C@H](O)[C@H]2O)[C@H](O)[C@@H](CO)O[C@H]1O[C@H]1[C@H](O)[C@@H](O)[C@H](OC2[C@@H](NC(C)=O)[C@H](O)O[C@H](CO)[C@H]2O)O[C@@H]1C(=O)O,0.180217653,0.181692599,0.463605548,-6.693999546,37.05607027,19.95016849,0.205157613,0.077022853,0.149501225,0.06931889,0.486055186,0.094906642,0.622124428,9.506973363,0.403227234,0.116936161,2.440065769,0.704569306,0.101527619,63.33745665,-1.069842729,1.729821384
C[C@]12CCC(=O)C=C1CC[C@@H]1[C@@H]2[C@@H](O)C[C@@]2(C)[C@H]1CC[C@]2(O)C(=O)COC(=O)CCC1CCCC1,0.095611132,0.902594035,0.796380059,-5.052371068,35.89626551,39.64587482,0.164897169,0.168621572,0.152877624,0.061889739,0.725747504,0.387418814,0.20052917,12.1903084,0.58679322,0.968859584,2.571347252,3.044405822,0.811354667,94.75863473,-3.751339892,4.01528524
C[C@]12CCC(=O)C=C1CC[C@@H]1[C@@H]2[C@@H](O)C[C@@]2(C)[C@H]1CC[C@]2(O)C(=O)COP(=O)(O)O,0.145635913,0.828318289,0.801426754,-5.202830744,26.38028873,31.12296512,0.174656209,0.130273452,0.148808708,0.06823476,0.707279868,0.340688826,0.202744975,14.00129259,0.58744954,0.958504236,3.72519084,2.647729901,0.5671249,92.07316518,-2.82554574,2.978402597
C[C@]12CCC(=O)C=C1CC[C@@H]1[C@@H]2[C@@H](O)C[C@@]2(C)[C@H]1CC[C@]2(O)C(=O)COC(=O)CCC(=O)O,0.117191041,0.816011032,0.79046466,-5.209935849,24.44100652,27.59433042,0.170904746,0.126118395,0.146608197,0.062511017,0.707538034,0.163823987,0.237756708,13.19750434,0.58679322,0.967077844,2.593636925,1.399108319,0.683821558,91.97657469,-3.076978117,2.836704583
CCCCC(=O)O[C@]1(C(=O)CO)CC[C@H]2[C@@H]3CCC4=CC(=O)CC[C@]4(C)[C@H]3[C@@H](O)C[C@@]21C,0.104708397,0.900809425,0.807434087,-4.938955276,38.70857125,31.28344683,0.168802102,0.16935842,0.153216173,0.062063263,0.697792571,0.472681316,0.192460381,13.82683357,0.583161906,0.969431711,2.531702702,2.934208002,0.795388666,93.99564885,-3.500567995,3.919713822
F,0.22656268,0.942594968,0.860399649,-4.498713066,21.15637827,40.26681562,0.187172101,0.087121471,0.159398213,0.071405343,0.408441246,0.08745981,0.183002667,16.52993707,0.224464503,0.967631296,2.302967035,2.737037167,0.065840304,89.74533708,-0.979036113,2.78473285
O.O.O.O.O.O.O.O.O.O.O.O.O=C([O-])[O-].[Al+3].[Al+3].[Mg+2].[Mg+2].[Mg+2].[Mg+2].[Mg+2].[Mg+2].[O-2].[O-2].[O-2].[O-2].[O-2].[O-2].[O-2].[O-2].[O-2],0.378629866,0.841790787,0.785087861,-5.761132451,24.51141466,7.80056819,0.205832035,0.113281025,0.163788083,0.066293492,0.476198983,0.096444169,0.38253976,17.29096806,0.19127477,0.800545066,2.232529468,0.410189968,0.107221056,65.42271582,-3.15595192,0.729260303
CC1=C2[N]3[C@@H]4[C@H](CC(N)=O)[C@@]2(C)CCC(=O)NC[C@@H](C)OP(=O)([O-])O[C@H]2[C@@H](O)[C@H](O[C@@H]2CO)n2c[n+](c5cc(C)c(C)cc52)[Co-3]325([OH])[N+]3=C1[C@@H](CCC(N)=O)C(C)(C)C3=CC1=[N+]2C(=C(C)C2=[N+]5[C@]4(C)[C@@](C)(CC(N)=O)[C@@H]2CCC(N)=O)[C@@](C)(CC(N)=O)[C@@H]1CCC(N)=O,0.493463964,0.33747705,0.574436746,-5.933829089,50.02199911,64.71889097,0.231200296,0.221859874,0.208213817,0.132143743,0.534086123,0.252328206,0.755450406,249.5120131,0.551947874,0.787903272,3.282659161,2.110975156,0.579822916,73.44858509,-2.779440648,7.908498427
CC(N)Cc1ccc(O)cc1,0.108948263,0.92225992,0.8506225,-4.747022674,19.93772575,13.50793037,0.219732815,0.191722161,0.493901537,0.189221521,0.421058244,0.193036996,0.105212871,9.246012867,0.31194255,0.969648155,2.473841605,2.244839723,0.082999304,93.58845844,-1.382824035,1.828561213
CC(O)COCC1OC(OC2C(COCC(C)O)OC(OCC(C)O)C(OCC(C)O)C2OCC(C)O)C(OCC(C)O)C(OCC(C)O)C1OCC(C)O,0.131594065,0.43270751,0.665985205,-5.89557553,23.0074763,23.54783725,0.194095484,0.086967123,0.166577477,0.078248908,0.528592641,0.206517167,0.30126642,8.712305477,0.686571919,0.590278553,2.301777007,1.636508202,0.202716239,73.34514202,-1.682368031,3.751640379
CCCCCC(=O)O[C@]1(C(C)=O)CC[C@H]2[C@@H]3CCC4=CC(=O)CC[C@]4(C)[C@H]3CC[C@@]21C,0.099736649,0.811913249,0.822793071,-4.854150868,27.87956053,33.05487447,0.170970748,0.249539014,0.169812257,0.065159718,0.696294665,0.328748857,0.44976306,12.85216307,0.485950907,0.969716782,2.399426121,3.113090565,0.832442768,95.53412726,-5.069540082,5.023447131
N=C(N)c1ccc(/C=C/c2ccc(C(=N)N)cc2O)cc1,0.481904869,0.808731436,0.834979048,-5.902227257,24.72877543,23.60144646,0.201659702,0.308069085,0.211853065,0.184046542,0.425109122,0.322918298,0.391959281,10.99529032,0.262449741,0.960930618,2.434827035,2.379557123,0.350101045,92.22210794,-2.825013106,2.831358881
CN1[C@@H]2CC[C@H]1C[C@@H](OC(=O)[C@H](CO)c1ccccc1)C2,0.141304329,0.917117113,0.844404243,-4.859297666,16.09304904,37.99391554,0.19957184,0.145445796,0.198761613,0.382248305,0.571050145,0.120887306,0.110908184,5.9269048,0.800838219,0.968281378,2.294729755,2.247188662,0.271449972,91.85011048,-2.237576636,2.129777158
[O-]Cl,0.272097166,0.939419793,0.866070947,-4.537895337,21.18910496,44.71760356,0.19430598,0.109694651,0.16083864,0.073631114,0.409916955,0.092673546,0.155202053,15.0317554,0.212603927,0.967711847,2.250609845,2.378612326,0.066061498,91.96715144,-0.285225876,2.056438323
CC(C)[C@@H](C)[C@@]1(C)CC[C@]2(C)[C@H]3CC[C@@H]4[C@@]5(COC[C@@]4(C)[C@@H](OC[C@](C)(N)C(C)(C)C)[C@H](n4ncnc4-c4ccncc4)C5)C3=CC[C@@]2(C)[C@@H]1C(=O)O,0.318401267,0.550710791,0.682085002,-5.274854206,43.94541756,41.6225177,0.216101023,0.201960648,0.174301222,0.115175717,0.673058595,0.528593955,0.681104949,26.29172775,0.72873644,0.949752265,3.08475265,1.897830269,0.843607031,91.94629442,-5.473375131,5.379549279
N=C(N)NCCC[C@@H](N)C(=O)N[C@@H](CCCNC(=N)N)C(=O)N1CCC[C@H]1C(=O)N1C[C@H](O)C[C@H]1C(=O)NCC(=O)N[C@@H](Cc1cccs1)C(=O)N[C@@H](CO)C(=O)N1Cc2ccccc2C[C@@H]1C(=O)N1[C@H](C(=O)N[C@@H](CCCNC(=N)N)C(=O)O)C[C@@H]2CCCC[C@@H]21,0.420732046,0.275751462,0.448523989,-6.518800608,53.30084852,42.19261437,0.234060493,0.114500721,0.202818342,0.10446505,0.584858034,0.334643945,0.745197915,17.31459891,0.634005274,0.314067105,3.072837131,-0.35854094,0.386003011,71.95509459,-1.804812123,3.601458094
CC/C=C\C/C=C\C/C=C\C/C=C\C/C=C\CCCC(=O)O,0.210027243,0.912634391,0.866234649,-5.041528604,21.6101147,27.0849685,0.204926431,0.469761605,0.155002342,0.086685875,0.488348897,0.14518347,0.148173189,10.81069126,0.306649015,0.967638559,2.109811784,1.79980886,0.538930919,95.87585158,-5.039826721,2.441133184
CC/C=C\C/C=C\C/C=C\C/C=C\C/C=C\CCCC(=O)OCC,0.248027153,0.930460287,0.862369475,-4.814089558,24.13982848,54.39101551,0.186468778,0.636590982,0.168471934,0.10541635,0.479566311,0.212900981,0.171004637,11.18835554,0.499963145,0.967033322,2.073253468,2.874185701,0.688639975,95.20349147,-5.574903679,3.063403792
O=c1[nH]c(=O)n([C@H]2C[C@H](O)[C@@H](CO)O2)cc1I,0.327375078,0.872240741,0.85106131,-5.119649202,25.41854732,15.89370675,0.215973032,0.141315126,0.173321694,0.072644082,0.453272568,0.156585511,0.873975749,10.89708984,0.320275995,0.952363205,2.350996461,2.05060155,0.141746052,92.22230997,-1.201575911,4.466168095
CCc1cc2c(cc1CC)CC(NC[C@H](O)c1ccc(O)c3[nH]c(=O)ccc13)C2,0.669531878,0.783700927,0.836781191,-5.217169952,25.02398461,23.22397087,0.201395024,0.563509492,0.178929244,0.657028237,0.497571364,0.621519021,0.653402301,3.605604255,0.785475657,0.968572754,2.701510344,2.753877477,0.899324377,96.97323215,-3.62628951,4.342452772
CC(C)NCCCC1(C(N)=O)c2ccccc2-c2ccccc21,0.426929294,0.921238754,0.851048533,-4.815915045,24.7829929,23.66608246,0.222742272,0.345288181,0.398819842,0.635949796,0.502762673,0.593450581,0.319745916,11.29235154,0.844955779,0.968551266,2.566798632,2.304011029,0.759482764,96.12385644,-3.331765846,3.096625458
O=C1/C(=C2\Nc3ccc(S(=O)(=O)O)cc3C2=O)Nc2ccc(S(=O)(=O)O)cc21,0.630668458,0.557523608,0.831320806,-5.255286506,24.84934316,9.542637275,0.226237336,0.343374553,0.157512643,0.123294068,0.409350395,0.118634938,0.89069264,34.58562781,0.321854196,0.960254673,2.434971684,1.883781738,0.779619853,93.56501114,-2.389971792,6.376086813
[Cl][111In]([Cl])[Cl],0.28926269,0.943615036,0.843152158,-4.534813772,20.39179349,34.05504265,0.196392516,0.111636375,0.216771898,0.074799525,0.415811832,0.097339152,0.537925624,17.82735681,0.212552802,0.956030428,2.264530147,2.764183544,0.082591168,86.07223426,-2.658243629,3.404818554
[111In+3].[O-]c1cccc2cccnc12.[O-]c1cccc2cccnc12.[O-]c1cccc2cccnc12,0.316343075,0.872849008,0.834343404,-5.283876007,18.80655254,53.19981359,0.192266535,0.380679091,0.269928253,0.084710819,0.5448507,0.137978292,0.777369339,14.28272177,0.278166035,0.966259712,2.509921319,3.172988359,0.91312836,92.92536281,-3.701847116,1.910493246
O=C([O-])CN(CCN(CC(=O)[O-])CC(=O)[O-])CCN(CC(=O)O)CC(=O)O.[111In+3],0.364405258,0.593334526,0.773530375,-5.55386938,23.99901816,17.92966671,0.197930868,0.106702437,0.167525027,0.085870631,0.399690702,0.091556007,0.487535624,22.97467019,0.339141428,0.663292323,2.285943571,0.135718669,0.113410917,70.99047602,-1.157857524,0.277879587
CC(O)C(CO)N=C(O)C1CSSCC(N=C(O)C(Cc2ccccc2)N=C([O-])CN(CCN(CCC(C(=O)O)C(=O)O)CC(=O)[O-])CC(=O)[O-])C(O)=NC(Cc2ccccc2)C(O)=NC(Cc2c[nH]c3ccccc23)C(O)=NC(CCCCN)C([O-])=NC(C(C)O)C(O)=N1.[111In+3],0.234354746,0.390232938,0.499783317,-6.48179068,53.24776507,73.6206526,0.264870866,0.188988478,0.232241695,0.115555618,0.555038419,0.257821827,0.737025425,35.37759737,0.781158806,0.264677014,3.03192929,0.072706939,0.575273254,78.5681509,-2.448949166,0.796093303
CC1(C)C(/C=C/C=C/C=C/C=C2/N(CCCCS(=O)(=O)[O-])c3ccc4ccccc4c3C2(C)C)=[N+](CCCCS(=O)(=O)[O-])c2ccc3ccccc3c21.[Na+],0.509330324,0.808831326,0.772451612,-5.232386068,31.71105733,71.449466,0.268689756,0.533387109,0.224278502,0.276611581,0.66982973,0.346804033,0.71402579,30.43362424,0.729041198,0.963672976,2.712159833,3.143020335,0.900523053,92.39824451,-4.212263796,3.017620314
CC1(C)C(/C=C/C=C/C=C/C=C2\N(CCCCS(=O)(=O)O)c3ccc4ccccc4c3C2(C)C)=[N+](CCCCS(=O)(=O)O)c2ccc3ccccc3c21,0.601840477,0.78098464,0.774869544,-5.280185274,34.48828227,53.30476733,0.28825698,0.464486814,0.216726639,0.279849789,0.669889983,0.28182897,0.674534737,28.46281848,0.675367043,0.962887262,2.856890547,3.035660769,0.922785815,97.38178718,-5.578674435,5.735526207
C/C=C(/C)C(=O)O[C@H]1C(C)=C[C@]23C(=O)[C@H](C=C(CO)[C@@H](O)[C@]12O)[C@H]1[C@@H](C[C@H]3C)C1(C)C,0.396072652,0.877104257,0.776699941,-5.036905607,26.8154379,57.43902114,0.17687651,0.315217509,0.164335916,0.067019554,0.656985465,0.35171936,0.391121155,7.907759134,0.322794599,0.961834321,2.894149658,2.933040787,0.755548729,91.44856918,-3.255331539,2.757756083
CC(=O)Nc1ccc(C(=O)O)cc1.CC(=O)Nc1ccc(C(=O)O)cc1.CC(=O)Nc1ccc(C(=O)O)cc1.C[C@@H](O)CN(C)C.C[C@@H](O)CN(C)C.C[C@@H](O)CN(C)C.O=c1[nH]cnc2c1ncn2[C@@H]1O[C@H](CO)[C@@H](O)[C@H]1O,0.423836604,0.463951223,0.746769054,-6.109439096,40.49099385,28.80610098,0.2403572,0.310453683,0.150741434,0.111728028,0.489972745,0.182370936,0.876358556,33.29213351,0.610477524,0.395117248,2.714015673,0.755733261,0.835408193,78.81558104,-2.706942041,7.199195472
O[C@H]1[C@H](O)[C@@H](O)[C@H](O)[C@@H](O)[C@H]1O,0.152503423,0.886885153,0.834911718,-5.437312575,15.25722598,4.720724617,0.180356659,0.072679671,0.198929305,0.05992783,0.423220851,0.085723907,0.111644386,12.6681565,0.221865639,0.945744283,1.943407409,1.243280241,0.069399747,78.39226686,0.209707586,1.976357738
O=C(O[C@H]1[C@H](OC(=O)c2cccnc2)[C@@H](OC(=O)c2cccnc2)[C@H](OC(=O)c2cccnc2)[C@@H](OC(=O)c2cccnc2)[C@H]1OC(=O)c1cccnc1)c1cccnc1,0.134490655,0.838555675,0.802631123,-5.050666668,38.42976174,65.57195775,0.195299707,0.555488802,0.149413039,0.09481255,0.534403092,0.602579381,0.835941259,27.49893581,0.257526692,0.950701482,2.341324466,3.230800541,0.872546061,88.96095357,-4.269263718,5.727743413
N=C(N)NCc1cccc([123I])c1.N=C(N)NCc1cccc([123I])c1.O=S(=O)(O)O,0.360885892,0.855703687,0.841248761,-5.932896691,23.80881465,14.9311972,0.188001556,0.217481354,0.175083898,0.536225619,0.416885388,0.220279857,0.686149891,27.13589437,0.391019607,0.952180512,2.61627183,2.335810472,0.441199072,96.03187678,-2.916866908,4.522872822
CN(CC(O)CO)C(=O)c1c(I)c(NC(=O)C(CO)CO)c(I)c(C(=O)N(C)CC(O)CO)c1I,0.412273203,0.716189231,0.766514418,-5.56947729,24.24265339,31.00578554,0.190767367,0.181365496,0.181531695,0.086532435,0.57215897,0.297197841,0.401776363,11.27968127,0.551677574,0.912644623,2.475376926,2.065381723,0.337066189,91.15967237,-1.946941627,6.17942053
[I-],0.154883695,0.940470095,0.85512871,-4.540505021,21.48558806,39.60007442,0.186460289,0.082486525,0.161602182,0.079604784,0.409206668,0.087315285,0.162031279,15.43935278,0.223070535,0.964518252,2.166790417,1.506703001,0.069671459,82.04594576,-0.319292836,5.132688973
[123I-],0.15596279,0.941630134,0.853499995,-4.540505021,21.41194893,39.60089771,0.186460289,0.082486525,0.160672734,0.078525952,0.411814759,0.086947071,0.156186716,15.47466835,0.223070535,0.965179419,2.194184739,1.506182063,0.070994436,81.76109386,-0.390752951,5.129608008
[131I-],0.154883695,0.943648339,0.85512648,-4.540505021,21.42166998,39.89796418,0.186731976,0.084286768,0.160672734,0.078525952,0.412531456,0.086999843,0.160011226,15.47836146,0.223070535,0.963187034,2.141510813,1.507614033,0.073695356,81.36062979,-0.487900133,5.128151884
O=C([O-])CNC(=O)c1ccccc1[123I].[Na+],0.144389171,0.894284918,0.86326821,-4.796335721,20.88264635,14.97573435,0.190217511,0.142246331,0.197708923,0.069487721,0.444856852,0.097241663,0.643781214,14.99369098,0.256990322,0.965155364,2.442207994,1.001275357,0.086043455,84.04179741,-1.903094377,1.004681816
O=C([O-])CNC(=O)c1ccccc1[131I].[Na+],0.152558212,0.896130335,0.865069389,-4.79852491,22.04736182,15.05414099,0.192217468,0.192730058,0.19520867,0.071612748,0.452273294,0.102940028,0.650609675,14.98860528,0.256990322,0.966417885,2.403016023,1.010572372,0.086160117,83.43018515,-1.560663838,1.00552824
CC(C)NC(C)Cc1ccc([123I])cc1,0.140897141,0.935999168,0.867728246,-4.624036567,20.36800868,12.7998187,0.19315766,0.295678648,0.3506553,0.667994042,0.451921889,0.198357252,0.191580906,11.75273089,0.480139507,0.964501088,2.696526475,2.380670331,0.137656171,97.1484483,-3.171948624,8.652001181
COC(=O)[C@H]1[C@@H](c2ccc([123I])cc2)C[C@@H]2CC[C@H]1N2CCCF,0.285502958,0.923644926,0.837477983,-4.997092994,22.77372976,37.76253156,0.193101127,0.15161231,0.423683213,0.622439901,0.676020397,0.759782269,0.19553927,13.12114408,0.851158169,0.959991001,2.934699842,2.855523032,0.788344226,94.14982656,-3.851206596,6.71539513
CCOC(=O)CCCCCCCCC(C)c1ccccc1I,0.149377139,0.918267107,0.858641039,-4.86986126,21.31839453,41.75556521,0.190216618,0.62946086,0.226581899,0.184236691,0.494988903,0.235794487,0.372807223,8.508075546,0.72269909,0.959204426,2.398659366,3.135670101,0.70818219,96.59867309,-5.470288265,6.535966952
CN(C(=O)CC(=O)N(C)c1c(I)c(C(=O)NC(CO)C(O)CO)c(I)c(C(=O)NC(CO)C(O)CO)c1I)c1c(I)c(C(=O)NC(CO)C(O)CO)c(I)c(C(=O)NC(CO)C(O)CO)c1I,0.28315547,0.424322542,0.573921712,-6.493471197,33.59030942,24.12431833,0.207661082,0.132321034,0.158616779,0.07908695,0.49973602,0.257946608,0.574119413,16.43338084,0.680030873,0.157475205,2.580050381,1.167216361,0.255943741,73.34814632,-2.11908049,7.681019148
O=C(NCC(O)CO)c1c(I)c(C(=O)NCC(O)CO)c(I)c(N(CCO)C(=O)CO)c1I,0.361956076,0.689352151,0.801677847,-5.803455936,21.53948974,17.26670429,0.180386553,0.215290224,0.178885286,0.072476891,0.494569244,0.254734692,0.34757238,10.4250542,0.484015133,0.85473562,2.472442669,1.654210894,0.295977585,85.2359639,-1.924436513,6.053041702
CC(=O)Nc1c(I)c(C(=O)O)c(I)c(C(=O)NCCO)c1I,0.321744285,0.720428088,0.860932012,-5.2488889,26.12938557,11.83413212,0.202669338,0.411705307,0.154936075,0.095426223,0.4951934,0.153337052,0.432697502,8.320469766,0.32384792,0.920546054,2.286273034,1.344476785,0.172394663,95.17212806,-2.345369197,4.996259567
O.O.O.OC[C@H]1O[C@@](CO)(O[C@H]2O[C@H](CO)[C@@H](O)[C@H](O)[C@H]2O)[C@@H](O)[C@@H]1O.[Fe+3].[Fe+3].[Fe+3].[Fe+3].[Fe+3].[Na+].[Na+].[O-2].[O-2].[O-2].[O-2].[O-2].[O-2].[O-2].[O-2].[OH-],0.215952516,0.533410397,0.714487441,-6.450043118,22.80809974,7.264736334,0.198404693,0.089160805,0.156351284,0.065533335,0.52147548,0.100121081,0.290071354,14.63950048,0.319640831,0.806810898,2.309482927,0.008539987,0.135499403,71.02474039,-1.795929302,0.986932164
C[C@@H](c1nc(-c2ccc(C#N)cc2)cs1)[C@](O)(Cn1cncn1)c1cc(F)ccc1F,0.513590878,0.824354968,0.824088006,-5.063734555,30.10379417,57.45389436,0.270723502,0.818015456,0.160444784,0.096281454,0.653479187,0.730381321,0.65880219,24.38964188,0.569630569,0.967683584,2.8197872,3.15366252,0.8927561,97.23980762,-3.904287266,4.314802968
CNCC(=O)OCc1cccnc1N(C)C(=O)OC(C)[n+]1cnn(C[C@](O)(c2cc(F)ccc2F)[C@@H](C)c2nc(-c3ccc(C#N)cc3)cs2)c1,0.631305797,0.757371575,0.760384435,-5.240369224,42.95976223,101.4537549,0.230923618,0.777558194,0.184365315,0.142825015,0.66873991,0.694890974,0.831015384,43.84266878,0.667602018,0.960976084,2.921297178,2.798548893,0.917432296,91.36383115,-4.368256652,5.004747856
CC(C)[C@](C#N)(C[C@H](C)N(C)C)c1ccccc1,0.111759031,0.94263172,0.851434741,-4.732537544,22.61770105,18.51023352,0.21047986,0.186164312,0.250636909,0.379857538,0.527378309,0.259743423,0.140735245,12.57981492,0.467784044,0.968523797,2.466532588,2.809828532,0.41253589,95.36211438,-3.423330968,2.476369756
Clc1ccc(C(Cn2ccnc2)OCc2c(Cl)cccc2Cl)c(Cl)c1,0.176118113,0.822056271,0.860467529,-5.002713978,24.59114903,21.28878382,0.169824907,0.872075463,0.137634954,0.900173079,0.466946179,0.861305527,0.784498267,8.751300789,0.875007658,0.968857539,2.591336528,3.295554457,0.931691471,97.04438504,-5.185264843,4.41796495
CCC(NC(C)C)C(O)c1ccc(O)c(O)c1,0.152723189,0.804363054,0.835840902,-5.076268709,21.70003259,14.91519853,0.194936243,0.21310826,0.197174212,0.246678586,0.479024628,0.158818806,0.115273804,13.24218316,0.403796627,0.96884905,2.373554159,2.180570658,0.103628138,94.98616744,-2.164696304,2.599800454
CNC(C)CCC=C(C)C,0.130316895,0.928978254,0.831874138,-4.532740281,22.32127224,27.93108711,0.193867323,0.164028292,0.20083808,0.122858138,0.428868094,0.139126733,0.125394823,10.61029286,0.454949673,0.969373022,2.277450063,2.330227457,0.070566389,92.62618662,-2.070654603,4.548616888
CCN(CC)c1ccc(C(=C2C=CC(=[N+](CC)CC)C=C2)c2cc(S(=O)(=O)O)ccc2S(=O)(=O)O)cc1,0.463476772,0.636313736,0.82198402,-4.921573312,26.67963374,31.93965787,0.243908196,0.310619958,0.276988533,0.149635665,0.4857238,0.126880971,0.786614013,10.31149343,0.721628163,0.963724565,2.372941132,1.889918296,0.825940044,94.61581878,-3.220030558,3.699099244
C[C@H](COc1ccccc1)N[C@H](C)[C@@H](O)c1ccc(O)cc1,0.152087809,0.766076301,0.866436718,-4.920323692,21.29384502,21.65929026,0.20384304,0.302177652,0.256961511,0.412668976,0.492393357,0.239129661,0.110841843,11.665249,0.796711638,0.968558101,2.521234629,2.814054331,0.300989251,96.08198775,-2.78784957,2.186691734
CCn1c(=O)c2c(nc(/C=C/c3ccc(OC)c(OC)c3)n2C)n(CC)c1=O,0.574123207,0.906083481,0.844936244,-4.824062625,29.49377359,24.44016573,0.212371034,0.599901682,0.189855685,0.081646658,0.590370154,0.5088826,0.689357278,8.906005304,0.709771336,0.968272872,2.578527016,2.711917225,0.909188991,95.45803677,-3.21073675,3.516421481
COc1cc2c(cc1OC)CC(=O)N(CCCN(C)C[C@H]1Cc3cc(OC)c(OC)cc31)CC2,0.360369143,0.934930958,0.835479304,-4.854222201,26.2889888,35.22618012,0.212941835,0.210728866,0.521873599,0.330279597,0.700501624,0.603995644,0.238353823,9.230033762,0.852612606,0.965487927,2.718576525,2.488991298,0.906177405,93.24855487,-3.47716502,4.050955156
CC(C)(C)c1cc(C(C)(C)C)c(NC(=O)c2c[nH]c3ccccc3c2=O)cc1O,0.513465239,0.874959413,0.838311608,-5.136462524,29.15458555,27.12515543,0.204837368,0.664426716,0.15863389,0.161237336,0.618922742,0.678176231,0.691263143,10.00143894,0.483105075,0.968270725,2.564198034,3.434886191,0.886111843,99.39882318,-4.778243968,2.800346406
CC[C@H](C)[C@H]1O[C@]2(CC[C@@H]1C)C[C@@H]1C[C@@H](C/C=C(\C)[C@@H](O[C@H]3C[C@H](OC)[C@@H](O[C@H]4C[C@H](OC)[C@@H](O)[C@H](C)O4)[C@H](C)O3)[C@@H](C)/C=C/C=C3\CO[C@@H]4[C@H](O)C(C)=C[C@@H](C(=O)O1)[C@]34O)O2.CO[C@H]1C[C@H](O[C@H]2[C@H](C)O[C@@H](O[C@@H]3/C(C)=C/C[C@@H]4C[C@@H](C[C@]5(CC[C@H](C)[C@@H](C(C)C)O5)O4)OC(=O)[C@@H]4C=C(C)[C@@H](O)[C@H]5OC/C(=C\C=C\[C@@H]3C)[C@]54O)C[C@@H]2OC)O[C@@H](C)[C@@H]1O,0.207261612,0.390659506,0.725836665,-5.453931578,58.50425287,68.30080323,0.189360689,0.147035243,0.167785481,0.077402727,0.627531519,0.392369945,0.419843719,15.30212244,0.716612817,0.886504984,3.018202163,2.877889285,0.87714269,80.91331245,-5.206654899,7.870216474
N#Cc1ccnc(N2C(=O)CC[C@H]2C(=O)N(c2cncc(F)c2)[C@H](C(=O)NC2CC(F)(F)C2)c2ccccc2Cl)c1,0.227480363,0.905865117,0.803096468,-5.144343686,44.0564676,45.37616537,0.212094256,0.777060837,0.182008909,0.109327552,0.636700093,0.87013319,0.842387692,21.42744195,0.648380408,0.96613183,3.764753923,3.010879898,0.907391313,96.15641403,-4.481036522,5.32950999
CC(C)C[C@H](NC(=O)CNC(=O)c1cc(Cl)ccc1Cl)B(O)O,0.210943646,0.879473285,0.853643108,-5.189672607,36.17168382,11.71686273,0.188713122,0.26045423,0.213651436,0.17739804,0.555589202,0.319611068,0.499501971,10.66885962,0.272268714,0.967648513,2.485583704,2.860922702,0.195291017,94.5479373,-2.275815506,2.855833248
O.O.[Al+3].[Al+3].[O-][Si]([O-])([O-])O[Si]([O-])([O-])[O-],0.530639341,0.924013227,0.845630146,-4.980989124,22.59747609,10.40269035,0.205602729,0.097465892,0.153240605,0.06911187,0.48659382,0.086054481,0.579356145,19.59973157,0.208170739,0.959648863,2.107161975,0.983339368,0.087249273,70.62787468,-2.362333408,1.315539918
Cc1cc(OP(=O)([O-])[O-])c2ccccc2c1OP(=O)([O-])[O-].[Na+].[Na+].[Na+].[Na+],0.320867966,0.911865752,0.826440377,-4.972332096,23.43004116,19.0351455,0.200305194,0.136102011,0.205911427,0.075600468,0.60826152,0.12830566,0.711801386,11.12497488,0.401880991,0.953693342,2.589596787,0.768294221,0.293014205,77.11499845,-2.248292758,1.741374388
COC1=CC(=O)OC(/C=C/C2=CCCC=C2)C1,0.285144996,0.909710545,0.83138581,-4.506288375,28.47210988,46.90101024,0.194860385,0.325940216,0.164372372,0.076285031,0.46719866,0.338570428,0.352627128,14.36523663,0.437963132,0.968848873,2.160958977,2.986142734,0.271423942,95.03811975,-3.043205492,2.656919704
[81Kr],0.155961082,0.927973095,0.855194083,-4.49100663,21.13908962,38.64750266,0.193301121,0.088530496,0.15735628,0.077002225,0.404692372,0.086167717,0.14936267,17.57283242,0.205896723,0.961201459,2.185107461,2.691337863,0.07192047,89.92952713,-2.982356478,2.803290456
C[C@H](O)C(=O)O,0.154815086,0.903476151,0.865480408,-4.734644835,18.13305132,17.20062635,0.246228493,0.078023396,0.152081549,0.060066941,0.427666295,0.082022744,0.122396235,8.999741619,0.20819736,0.967932574,1.967160574,0.930978276,0.062191902,92.27399735,0.021353859,0.726107303
COC[C@@H](NC(C)=O)C(=O)NCc1ccccc1,0.1908588,0.939405575,0.860745706,-4.66693248,22.10810881,26.86856955,0.18519697,0.178807116,0.164563129,0.082252623,0.46809499,0.192353554,0.153735261,9.284443905,0.338679704,0.968541486,2.098435588,2.512653841,0.133951692,94.98557267,-1.310639153,2.163538997
OC[C@@H](O)[C@@H](O[C@@H]1O[C@H](CO)[C@H](O)[C@H](O)[C@H]1O)[C@H](O)[C@@H](O)CO,0.310297564,0.775592363,0.76863855,-6.065846189,16.1311477,7.246689451,0.204121915,0.071621922,0.173422394,0.068326998,0.548922291,0.094642523,0.24056274,14.3174383,0.296461845,0.905168655,2.161037888,1.273347677,0.114903214,70.54950236,-0.437646365,1.338572321
OC[C@H]1O[C@@H](O[C@H]2[C@H](O)[C@@H](O)C(O)O[C@@H]2CO)[C@H](O)[C@@H](O)[C@H]1O,0.297598648,0.770118774,0.769986986,-5.814468328,24.82309852,11.20002083,0.210293578,0.071562029,0.162707128,0.062356954,0.504695701,0.093682995,0.241327789,11.14009318,0.442754618,0.889263049,2.25689929,1.282993833,0.115378999,72.64284402,-0.553329986,1.272045488
CC(C)C1NC(=O)C(CCCCN)NC(=O)C(Cc2c[nH]c3ccccc23)NC(=O)C(Cc2ccc(O)cc2)NC(=O)C(NC(=O)C(N)Cc2ccc3ccccc3c2)CSSCC(C(=O)NC(C(N)=O)C(C)O)NC1=O,0.381708436,0.339153045,0.508974645,-6.303884318,41.68669752,62.93189277,0.23106736,0.355181007,0.273765561,0.152930001,0.548088437,0.84816577,0.786712903,18.65433793,0.622570478,0.723072378,2.972620121,1.72178176,0.744288969,85.52583229,-3.12990237,3.174971652
CCCCCCCCCCCC(=O)OCCNC(=O)C[n+]1ccccc1,0.114209341,0.934888624,0.857622615,-4.830299996,32.02584716,42.10543603,0.172486588,0.472032452,0.214444701,0.207131014,0.416046387,0.457658589,0.178326308,16.17711535,0.45245633,0.963009693,2.27491631,2.607704059,0.752751209,95.20072341,-3.965236897,3.614985866
CS(=O)(=O)c1cc(F)cc2c3c(n(Cc4ccc(Cl)cc4)c12)[C@@H](CC(=O)O)CC3,0.510497728,0.740344457,0.832641771,-5.003728104,17.3753966,30.664895,0.242630737,0.69065857,0.185043992,0.084826793,0.650207969,0.414972102,0.846917063,27.29867305,0.614225357,0.967088462,2.769744495,1.277958113,0.865523439,96.95583629,-4.042520617,1.980184907
O=C(Nc1cnn2ccc(N3CCC[C@@H]3c3cc(F)ccc3F)nc12)N1CC[C@H](O)C1,0.478350817,0.842347348,0.824844217,-5.010463917,29.44477031,40.17230552,0.196869068,0.543845587,0.168865787,0.089326426,0.663581095,0.429609409,0.836183941,31.04053616,0.817720757,0.964193969,2.680496806,3.101720589,0.887294452,91.88859726,-2.743870054,4.15374309
CN1CCC(C(=O)c2cccc(NC(=O)c3c(F)cc(F)cc3F)n2)CC1,0.330045152,0.924481102,0.837796358,-4.790656502,19.93206654,21.84549847,0.18015713,0.372782548,0.203020949,0.171842771,0.59075577,0.287513949,0.32372452,8.22910296,0.843794078,0.967096745,2.704590326,2.708166449,0.847392617,93.39254566,-3.127702461,3.231915934
Oc1ccc2c(c1)CC[C@H](c1ccccc1)[C@@H]2c1ccc(OCCN2CCCC2)cc1,0.293599246,0.912433981,0.827076931,-5.205439934,29.24744145,27.44952486,0.234531669,0.274400162,0.22464151,0.72316871,0.623949605,0.506976235,0.18094838,6.09555881,0.832854198,0.968560328,2.586480127,2.917391571,0.921338896,95.86271787,-4.528181383,4.359852648
CC(C)OC(=O)CCC/C=C\C[C@@H]1[C@@H](CC[C@@H](O)CCc2ccccc2)[C@H](O)C[C@@H]1O,0.123047364,0.876684274,0.766422995,-5.108300094,29.94832443,31.15326151,0.192125182,0.417146113,0.169050735,0.109304915,0.613582729,0.435189272,0.138849314,13.41919203,0.50015179,0.967675974,2.426742408,2.759036152,0.878884976,96.74517959,-3.83656165,2.939896793
O=C(CCC/C=C\C[C@@H]1[C@@H](CC[C@@H](O)CCc2ccccc2)[C@H](O)C[C@@H]1O)OCCCCO[N+](=O)[O-],0.399825043,0.859221357,0.806083989,-5.117489335,36.32520996,33.63906971,0.189681396,0.230888089,0.165420505,0.112605245,0.540032345,0.416340261,0.187248453,15.16053075,0.498806823,0.956747492,2.448590892,2.720145748,0.86801168,94.82548804,-3.977675059,2.664456291
CCCCCCCCCCCCN1CCCCCC1=O,0.099827166,0.939502018,0.860858235,-4.699349886,18.66163791,9.943360961,0.19318644,0.307476851,0.203418363,0.148903856,0.51132385,0.215235839,0.147842987,11.11830287,0.603814759,0.969138467,2.046335655,2.971012587,0.435439379,94.40550057,-4.40819409,4.969189602
COC(=O)N[C@H](C(=O)N1CC2(CC2)C[C@H]1c1nc(-c2ccc3c(c2)C(F)(F)c2cc(-c4ccc5[nH]c([C@@H]6[C@H]7CC[C@H](C7)N6C(=O)[C@@H](NC(=O)OC)C(C)C)nc5c4)ccc2-3)c[nH]1)C(C)C,0.566913926,0.628715605,0.664843715,-5.383485091,53.53138716,66.88023974,0.229820837,0.746447835,0.207119546,0.149800512,0.655864034,0.818653489,0.769256662,24.05392036,0.721487252,0.960730917,3.730486195,2.911457588,0.876737844,92.42682131,-5.496986069,9.581391717
C=C[C@]1(C)C[C@@H](OC(=O)CS[C@@H]2CC[C@@H](N)C[C@H]2O)[C@]2(C)C(C)CC[C@]3(CCC(=O)[C@H]32)[C@@H](C)[C@@H]1O,0.134328523,0.819555005,0.772938066,-5.16364365,32.82490659,45.23539404,0.186755564,0.226190221,0.181245334,0.127714324,0.673706507,0.559426618,0.224618385,10.07951045,0.566398979,0.962517574,2.453074713,2.380476558,0.753598662,92.8999412,-3.841095504,2.751334202
Cc1ncc(OC[C@@]2(c3cccc(F)c3)C[C@H]2C(=O)Nc2ccc(F)cn2)c(C)n1,0.345366125,0.913978909,0.856709766,-4.854978212,32.63714197,31.7028832,0.198962934,0.600634592,0.159991354,0.099885032,0.667109823,0.646994444,0.558995065,17.24461889,0.705921875,0.968270528,2.648896964,3.253166411,0.886041683,97.11723756,-3.729265477,3.840356804
Nc1cccc2c1CN(C1CCC(=O)NC1=O)C2=O,0.56863696,0.931406144,0.872171187,-4.906393727,18.70673619,19.67711428,0.180176555,0.190503179,0.29018153,0.097362089,0.468418762,0.302289306,0.668470377,13.42835667,0.492299426,0.963184865,2.306197856,2.525460856,0.212713554,92.39119107,-2.051011504,2.634066018
COc1cc2nccc(Oc3ccc(NC(=O)NC4CC4)c(Cl)c3)c2cc1C(N)=O,0.705487173,0.906217095,0.87093213,-5.100607051,19.21360545,20.86772121,0.216436451,0.640922964,0.206528989,0.102086323,0.610276113,0.716773791,0.874226159,11.14036318,0.462341129,0.96826128,2.550813459,3.303068333,0.891980581,99.07393532,-3.930634414,3.952370341
COC(=O)C1=C(C)NC(C)=C(C(=O)OC(C)(C)CN(C)CCC(c2ccccc2)c2ccccc2)C1c1cccc([N+](=O)[O-])c1,0.479950084,0.752246757,0.719210316,-5.092472009,48.55117499,69.6889007,0.179338041,0.85772045,0.17839535,0.456640424,0.722763991,0.696393929,0.483861871,10.82850557,0.751842585,0.962441024,2.789248967,3.10693771,0.949435562,96.40763329,-5.16304535,4.852948785
O=C(O)CSc1nnc(Br)n1-c1ccc(C2CC2)c2ccccc12,0.671810545,0.807197859,0.828921365,-5.14455188,21.06412307,19.04165751,0.240634879,0.4484879,0.175324992,0.094417157,0.595651173,0.253091208,0.839954525,9.216614656,0.565654917,0.967061302,2.652097134,1.539381295,0.847063436,98.96748023,-4.099913367,3.88524922
COc1cccc(N2CCN(C3=Nc4c(F)cccc4[C@H](CC(=O)O)N3c3cc(C(F)(F)F)ccc3OC)CC2)c1,0.45244141,0.759175956,0.787186384,-5.074039438,31.26524205,37.4119044,0.220636196,0.571987838,0.205445092,0.141608676,0.609744791,0.386954218,0.851191333,21.7921115,0.832935096,0.966123114,2.854410645,1.244154821,0.910494854,94.91430519,-4.348701129,5.89379982
Nc1nc2c(c(=O)[nH]1)N(C=O)C(CNc1ccc(C(=O)N[C@@H](CCC(=O)O)C(=O)O)cc1)CN2,0.458035436,0.485503055,0.77182006,-5.92198078,29.49521865,17.18225135,0.221700878,0.326961826,0.268117237,0.098246196,0.459503292,0.198330856,0.876703368,14.63360844,0.632587553,0.945850363,2.700949593,0.387274762,0.562051976,88.29452721,-2.344232949,4.874562544
CN[C@H](C)Cc1ccccc1,0.09249988,0.938379165,0.848627688,-4.58209717,20.60323858,13.85441574,0.200576011,0.141142006,0.185665558,0.355162985,0.418709411,0.173843511,0.10606786,6.421391155,0.32553409,0.969405136,2.577001414,2.633956973,0.075042895,93.47894186,-1.915363704,3.912390343
C[C@@H]1CN([C@H]2CC[C@](C#N)(c3ccc(F)cc3)CC2)CC[C@]1(C(=O)O)c1ccccc1,0.151267169,0.760487259,0.830023195,-5.140611531,23.29529861,29.94241171,0.192462348,0.269269363,0.225423469,0.199568841,0.619511173,0.165295621,0.298739916,13.98966619,0.843143766,0.967064758,2.809773457,1.764218851,0.841254035,92.27672647,-4.162930286,2.126445191
C[N+](C)(C)C[C@H](O)CC(=O)[O-],0.190886551,0.909500971,0.850989866,-4.784638892,14.23379129,8.534593101,0.182918242,0.075758536,0.291714215,0.067022182,0.477264724,0.090307114,0.110587723,9.362300895,0.363189344,0.375059877,1.852897307,0.685883642,0.070792204,89.03727768,-0.125771711,1.351479906
Nc1nc(=O)c2c([nH]1)NC[C@H](CNc1ccc(C(=O)N[C@@H](CCC(=O)O)C(=O)O)cc1)N2C=O,0.461714757,0.537949429,0.815546923,-5.940342636,29.14826199,19.65428241,0.216730124,0.326506191,0.191937358,0.099407632,0.449002811,0.168579928,0.873976246,13.62681512,0.632587553,0.94288292,2.748663119,0.540381568,0.624311125,88.0556631,-2.202637945,4.887527873
CN1c2c([nH]c(N)nc2=O)NC[C@@H]1CNc1ccc(C(=O)N[C@@H](CCC(=O)O)C(=O)O)cc1,0.453313855,0.507563713,0.794184848,-5.876760381,27.72193147,21.04498358,0.216825475,0.314331885,0.177098641,0.10579088,0.440201314,0.171473643,0.873259392,15.34789593,0.683349346,0.947354427,2.718099981,0.541761791,0.648354786,88.34786222,-2.353399034,5.299960193
CC(C)=CCC[C@](C)(O)[C@@H]1CC=C(C)CC1,0.149530966,0.93708135,0.865347315,-4.639631425,21.50494631,25.11885116,0.206014663,0.241100123,0.198837027,0.113340617,0.539922188,0.194333572,0.126902482,15.44381802,0.58377773,0.968843109,2.165457436,2.926448753,0.180699136,93.50118475,-3.457137816,3.467892137
CCN(CC)C(=O)[C@@]1(c2ccccc2)C[C@H]1CN,0.249994571,0.937315062,0.853221958,-4.675111932,27.22217103,26.69973446,0.184182946,0.240533033,0.162649567,0.3484153,0.429983807,0.297863183,0.127192408,11.44388163,0.550289572,0.966753079,2.49594753,2.425388473,0.121375213,92.01971739,-1.979850533,2.040375372
CC(C)(C)NC[C@H](O)c1ccc(O)c(CO)c1,0.149027781,0.632862145,0.847496085,-5.104259029,17.59672379,13.0609611,0.179815828,0.146604738,0.185644754,0.361642946,0.419835022,0.169670827,0.172999433,4.223173234,0.276552273,0.969410857,2.333224662,2.184704938,0.137218375,89.78705279,-1.786542035,1.841060416
N[C@@H](Cc1cc(I)c(Oc2cc(I)c(O)c(I)c2)c(I)c1)C(=O)O,0.391259883,0.622336005,0.844358775,-5.241224274,25.40893591,7.591408543,0.245540605,0.66970568,0.236594718,0.137131772,0.455995272,0.158228991,0.43815915,6.958996464,0.580658616,0.951416571,2.665814105,1.306283259,0.625125379,95.43061768,-4.186233099,7.153139377
CS(=O)(=O)c1cccc(C[C@H](NC(=O)c2c(Cl)cc3c(c2Cl)CCN(C(=O)c2ccc4ccoc4c2)C3)C(=O)O)c1,0.388626824,0.741486579,0.808870571,-5.242524657,22.47380344,31.02135883,0.265984896,0.712552805,0.16992597,0.148298423,0.577511281,0.485145075,0.867076737,5.590728347,0.790015246,0.96856517,2.60759108,1.085065697,0.919116455,97.03362234,-4.391165286,2.865233676
CCN(Cc1cccc(S(=O)(=O)[O-])c1)c1ccc(C(=C2C=CC(=[N+](CC)Cc3cccc(S(=O)(=O)[O-])c3)C=C2)c2ccc(S(=O)(=O)[O-])cc2)cc1.[Na+].[Na+],0.512032103,0.480533556,0.777510496,-5.104754566,37.96822091,58.65520892,0.245802061,0.336936287,0.175642196,0.16508261,0.544602295,0.214091289,0.829392337,45.48688536,0.716152476,0.945336979,2.338967823,2.005440946,0.891308904,86.63910134,-2.667703183,2.481843392
C[C@@H]1NC(=O)[C@@H]2CCCN2C(=O)[C@H](CC(N)=O)NC(=O)[C@@H]2CSSC[C@H](N)C(=O)N[C@H]3CSSC[C@H](NC1=O)C(=O)N[C@@H]([C@@H](C)O)C(=O)NCC(=O)N[C@H](C(=O)N[C@@H](Cc1ccc(O)cc1)C(=O)O)CSSC[C@H](NC(=O)[C@H](Cc1ccc(O)cc1)NC(=O)[C@H](CCC(=O)O)NC3=O)C(=O)N2,0.19057191,0.202685468,0.520528516,-6.585970048,47.58784135,33.28285117,0.259561004,0.112355253,0.183582306,0.100521821,0.537507967,0.227878415,0.620261133,18.14895335,0.652449978,0.209558675,2.619810835,0.81154467,0.253510115,60.7438348,-2.942551509,2.98884041
CC#CCn1c(N2CCC[C@@H](N)C2)nc2c1c(=O)n(Cc1nc(C)c3ccccc3n1)c(=O)n2C,0.629586388,0.843149771,0.819842205,-5.044616383,45.07825451,37.1358062,0.206994913,0.395516452,0.192880165,0.091529745,0.594819815,0.681293695,0.818147448,4.980840594,0.828403771,0.963867923,2.589399281,2.232762559,0.89090258,92.82057035,-3.366274829,4.852847842
Cl[C@H]1[C@H](Cl)[C@@H](Cl)[C@@H](Cl)[C@H](Cl)[C@H]1Cl,0.36685644,0.938433832,0.876307546,-4.697832669,14.62339517,12.14471305,0.210203251,0.148885438,0.170283095,0.083735262,0.490915926,0.12620366,0.21949128,21.05549026,0.238085664,0.951955994,2.491298523,2.910712488,0.076639716,91.79839055,-3.970253382,5.483666745
CCCCC/C=C\C/C=C\CCCCCCCC(=O)O,0.095762987,0.915548254,0.867322054,-4.866570655,19.78327885,12.38033438,0.210756744,0.392793056,0.151978944,0.08739101,0.478530044,0.152306018,0.151181241,11.96725297,0.327974637,0.968436396,2.064205444,1.89025052,0.229311424,95.66015969,-5.048127723,3.511528717
COc1cc(F)c(-n2c(=O)[nH]c3csc(C(=O)O)c3c2=O)cc1OCc1c(OC)ccc(F)c1F,0.683576883,0.690492783,0.801886297,-5.015140881,37.6208431,22.33690666,0.257251507,0.564752524,0.16823621,0.08729268,0.540910894,0.361102014,0.859371699,23.6911222,0.567283654,0.962504566,2.716451695,1.402051818,0.844963995,97.24602359,-4.02847493,3.324329279
N[C@@H](Cc1cc(I)c(Oc2cc(I)c(O)c(I)c2)c(I)c1)C(=O)[O-].N[C@@H](Cc1cc(I)c(Oc2ccc(O)c(I)c2)c(I)c1)C(=O)[O-].[Na+].[Na+],0.38656205,0.428352206,0.76594235,-5.660383607,32.44245573,27.23465971,0.233262014,0.227901459,0.19455779,0.099239349,0.46172716,0.211039045,0.652490168,12.46537606,0.534328927,0.924871616,2.571780839,1.373701311,0.852767836,84.72403316,-2.98049502,1.109169711
C[C@@H](Cc1ccccc1)NC(=O)[C@@H](N)CCCCN,0.174028075,0.922850352,0.856201457,-4.899678854,20.56162389,18.92391421,0.17934912,0.251961153,0.221783295,0.187605926,0.444133441,0.315466749,0.114421336,13.72336458,0.342620593,0.968562126,2.31170285,2.225265403,0.104607086,93.23990071,-1.389354961,2.248426755
O=C([O-])CC(O)(CC(=O)[O-])C(=O)[O-].[Li+].[Li+].[Li+],0.165540826,0.869841964,0.818624755,-5.052980789,17.51686519,-0.288086526,0.197841044,0.082776676,0.168965662,0.061334205,0.45844754,0.082419156,0.284274207,29.87172321,0.209364024,0.943811429,1.857893489,0.566323869,0.070556132,73.43838213,-0.401810942,0.343495991
N#Cc1cc(NC(=O)C(=O)O)c(Cl)c(NC(=O)C(=O)O)c1,0.232513065,0.513115946,0.845789188,-5.47448156,18.84329921,8.321978232,0.225771984,0.193552317,0.147457305,0.071507868,0.471665771,0.108342602,0.746867452,10.91020762,0.218979839,0.964250297,2.287201371,1.030784265,0.089800569,95.41017027,-1.906523263,2.574317513
O=C(NC1CCN(CCCCC2(C(=O)NCC(F)(F)F)c3ccccc3-c3ccccc32)CC1)c1ccccc1-c1ccc(C(F)(F)F)cc1,0.730548083,0.894067187,0.798112225,-5.069394851,34.2136202,35.15512384,0.216310157,0.532058348,0.281893044,0.489775701,0.612727868,0.765077049,0.306075012,9.657660996,0.871790042,0.962104821,2.681583338,2.961689274,0.914156777,95.51338505,-5.560943484,7.225223741
NC(=O)N1CCC(CC(=O)N2CCC([C@H]3c4ncc(Br)cc4CCc4cc(Cl)cc(Br)c43)CC2)CC1,0.267087709,0.897786849,0.792480818,-5.152840714,19.22851982,24.08392532,0.191927436,0.749033152,0.229106183,0.246032085,0.692539149,0.53725187,0.509366484,16.94531906,0.863410299,0.96737568,2.750727391,3.052862843,0.9002365,91.63859534,-4.949823827,6.2087838
C[C@H]1CNCCc2ccc(Cl)cc21,0.281431052,0.947496739,0.850423215,-4.599395282,16.79269834,15.69730429,0.220276595,0.184366159,0.343956429,0.72825684,0.646018586,0.251398192,0.197405338,11.93843962,0.573647814,0.96766821,2.418747466,2.703139319,0.155085562,94.83736022,-2.787935512,3.350243565
C[C@H]1Oc2cc(cnc2N)-c2c(nn(C)c2C#N)CN(C)C(=O)c2ccc(F)cc21,0.647174558,0.890683072,0.827614355,-4.976057142,31.82341055,27.12858088,0.234891913,0.548641366,0.265033088,0.096218683,0.645062223,0.513558154,0.829634606,8.499489966,0.632103076,0.965185231,2.537998207,2.977222047,0.872827199,91.79301209,-3.593972232,4.585224823
FC(F)(F)c1cccc(N2CCN(CCc3nnc4n3C[C@@H]3CCC[C@H]43)CC2)c1,0.455539757,0.932316144,0.779182266,-5.13212909,30.37659179,48.02145536,0.212870141,0.48575708,0.382822748,0.243156817,0.639924716,0.586250019,0.382417218,15.09406609,0.781958127,0.959660421,2.935270538,3.05938356,0.844198839,94.24677378,-3.363269596,4.254971243
C[C@]12C=CC(=O)C=C1CC[C@@H]1[C@@H]2[C@@H](O)C[C@@]2(C)[C@H]1CC[C@]2(O)C(=O)OCCl,0.175274087,0.904404459,0.817545585,-4.908670643,29.11961252,30.62042061,0.168811797,0.164728788,0.135731307,0.070025197,0.704678043,0.285443357,0.207360289,12.60981145,0.588442563,0.964859958,2.696557275,2.825956813,0.674528391,93.12170297,-3.21441266,2.459619023
CCOC(=O)O[C@]1(C(=O)OCCl)CC[C@H]2[C@@H]3CCC4=CC(=O)C=C[C@]4(C)[C@H]3[C@@H](O)C[C@@]21C,0.217751347,0.90743457,0.805954968,-4.994695457,41.16635698,32.26783545,0.179054227,0.262917559,0.139709234,0.068260462,0.697429408,0.286590076,0.411496093,13.44014726,0.694076352,0.966163038,2.659386177,3.063822651,0.753316682,94.55917585,-3.824696015,2.880237418
CCCCC(F)(F)[C@@]1(O)CC[C@H]2[C@@H](CC(=O)[C@@H]2CCCCCCC(=O)O)O1,0.168878688,0.884188577,0.788019039,-5.04616612,24.47681304,12.80334797,0.188860783,0.21634012,0.156324133,0.070899711,0.622682086,0.212793272,0.175736811,14.3543622,0.346112267,0.9664302,2.666280222,1.727525705,0.439474903,93.35109186,-3.988597458,3.056118996
N#C/C(=C1/SC[C@@H](c2ccc(Cl)cc2Cl)S1)n1ccnc1,0.325808076,0.86105023,0.824698958,-5.017307683,31.77516165,34.09746034,0.218212423,0.827877471,0.174262536,0.753291555,0.583961064,0.847809691,0.825886511,56.33912387,0.431361649,0.96354529,2.602592237,3.335074633,0.80375115,97.66271046,-4.698790912,2.699809462
Cc1ccc(NC(=O)C2(c3ccc4c(c3)OC(F)(F)O4)CC2)nc1-c1cccc(C(=O)O)c1,0.487534882,0.781180688,0.814630557,-5.042709548,28.70023954,36.94776534,0.231434599,0.570923624,0.160433595,0.101336907,0.626817625,0.392488406,0.773546958,12.81598613,0.4086383,0.967385949,2.603783226,1.785464381,0.8862359,97.35344734,-3.782898367,3.389006274
CN1CCN2c3c(cccc31)[C@@H]1CN(CCCC(=O)c3ccc(F)cc3)CC[C@@H]12,0.507258756,0.932737735,0.841783437,-4.937904434,28.28534461,38.24485846,0.187778121,0.38074477,0.607647291,0.819754926,0.69532278,0.428666148,0.26782927,12.15346995,0.877450211,0.969141814,2.774703297,3.143423552,0.907001513,93.62634467,-3.594460503,4.256193159
CCCCN(CCCC)CC(O)c1cc(Cl)cc2c1-c1ccc(Cl)cc1/C2=C/c1ccc(Cl)cc1,0.610687087,0.893257219,0.832823696,-5.229726548,20.95156291,31.73831445,0.199903186,0.638911918,0.174026523,0.663330165,0.618618718,0.337352826,0.510439153,13.8454709,0.881992344,0.96942994,2.742057901,3.285118152,0.888749038,97.70068535,-6.111154694,4.231383079
CCCCN(CCCC)CC(O)c1cc(Cl)cc2c1-c1ccc(Cl)cc1/C2=C/c1ccc(Cl)cc1.CCCCN(CCCC)CC(O)c1cc(Cl)cc2c1-c1ccc(Cl)cc1/C2=C/c1ccc(Cl)cc1.CCCCN(CCCC)CC(O)c1cc(Cl)cc2c1-c1ccc(Cl)cc1/C2=C/c1ccc(Cl)cc1.CCCCN(CCCC)CC(O)c1cc(Cl)cc2c1-c1ccc(Cl)cc1/C2=C/c1ccc(Cl)cc1.CCCCN(CCCC)CC(O)c1cc(Cl)cc2c1-c1ccc(Cl)cc1/C2=C/c1ccc(Cl)cc1.CCCCN(CCCC)CC(O)c1cc(Cl)cc2c1-c1ccc(Cl)cc1/C2=C/c1ccc(Cl)cc1.CO[C@H]1O[C@@H]2O[C@]3(C)CC[C@H]4[C@H](C)CC[C@@H]([C@H]1C)[C@@]24OO3,0.405616292,0.701533275,0.720055915,-5.431645511,56.44639871,51.12210951,0.210456672,0.288899235,0.218250371,0.182348818,0.578935598,0.318833589,0.642050201,262.8665801,0.806516977,0.848724888,3.680990274,3.142969138,0.854434233,82.17285147,-6.106622656,9.263718513
O=C1[C@@H]2[C@H]3CC[C@H](C3)[C@@H]2C(=O)N1C[C@@H]1CCCC[C@H]1CN1CCN(c2nsc3ccccc23)CC1,0.662357624,0.904510234,0.767060697,-5.023441726,33.29582415,78.36201435,0.181021994,0.536680718,0.656913869,0.267168025,0.673135384,0.559602894,0.516287294,12.86637519,0.80404067,0.963185866,2.911504745,3.314111454,0.851631629,96.36359869,-4.087027165,4.756440243
COc1ccc2[nH]c3c(c2c1)CCN[C@]31CS[C@@H]2c3c(OC(C)=O)c(C)c4c(c3[C@H](COC1=O)N1[C@@H]2[C@H]2c3c(cc(C)c(OC)c3O)C[C@@H]([C@@H]1O)N2C)OCO4,0.615853374,0.615056697,0.70791423,-5.473998138,46.84279901,58.96506197,0.225525252,0.62115401,0.266229223,0.148396128,0.620365855,0.753628039,0.759445736,112.8572376,0.646267363,0.948738951,2.915425852,2.865264718,0.824383913,85.71179353,-4.338732929,7.750401471
CCCCCCO[C@@H](C)c1cccc(-c2csc(NC(=O)c3cc(Cl)c(/C=C(\C)C(=O)O)c(Cl)c3)n2)c1OC,0.47374681,0.733535691,0.807304386,-5.173458921,34.10157286,33.74640046,0.226921462,0.835815727,0.163585643,0.127055854,0.608231846,0.698721335,0.86872315,15.00802271,0.521404105,0.959646371,2.573322012,2.49132265,0.922826242,95.58961535,-6.032069321,3.338914357
CC1=C[C@H](O)CC(C)(C)[C@H]1/C=C/C(C)=C/C=C/C(C)=C/C=C/C=C(C)/C=C/C=C(C)/C=C/C1=C(C)C[C@@H](O)CC1(C)C,0.37220678,0.866370536,0.797508722,-5.222766561,17.66677686,44.6308361,0.202388031,0.494045165,0.157714472,0.136094061,0.609591666,0.421183316,0.249058592,20.67517553,0.526551896,0.965655665,2.435470309,3.058114087,0.87322458,96.5211985,-5.862396669,4.780848424
C[C@@H](O)[C@H](NC(=O)[C@@H]1CSSC[C@H](NC(=O)[C@@H](Cc2ccccc2)NC(=O)CN2CCN(CC(=O)[O-])CCN(CC(=O)[O-])CCN(CC(=O)[O-])CC2)C(=O)N[C@@H](Cc2ccc(O)cc2)C(=O)N[C@H](Cc2c[nH]c3ccccc23)C(=O)N[C@@H](CCCCN)C(=O)N[C@@H]([C@@H](C)O)C(=O)N1)C(=O)O.[177Lu+3],0.206963254,0.360809044,0.494630772,-6.631414368,50.20653784,31.33623098,0.249627836,0.180228732,0.206697325,0.095106648,0.607166062,0.239553593,0.739122664,12.20122314,0.785308209,0.210776359,2.891185452,-0.006675305,0.356639291,58.72070902,-2.273968198,1.037397553
[177Lu],0.140489976,0.929151813,0.853285099,-4.487469015,21.1594183,38.34410932,0.192117005,0.088940106,0.154047203,0.081683249,0.394988491,0.087113764,0.179008807,17.24787593,0.205896723,0.967647393,2.164315131,2.683813224,0.073512079,89.53972855,-2.954280827,2.819473784
O=C([O-])CN1CCN(CC(=O)[O-])CCN(CC(=O)NC[C@H]2CC[C@H](C(=O)N[C@@H](Cc3ccc4ccccc4c3)C(=O)NCCCC[C@H](NC(=O)N[C@@H](CCC(=O)O)C(=O)O)C(=O)O)CC2)CCN(CC(=O)[O-])CC1.[177Lu+3],0.283838148,0.307885376,0.715852113,-5.984203126,29.43979649,30.78819774,0.237589578,0.108883593,0.155870212,0.1107603,0.571551162,0.169882626,0.786467017,22.86134481,0.739537665,0.623466797,2.571122851,0.373118365,0.245306738,71.9911767,-2.097788791,0.699468108
CN(C)[C@@H]1C(O)=C(C(=O)NCNCCCC[C@H](N)C(=O)O)C(=O)[C@@]2(O)C(O)=C3C(=O)c4c(O)cccc4[C@@](C)(O)[C@H]3C[C@@H]12,0.294355659,0.298657412,0.761093314,-6.281731319,23.99257703,28.7413646,0.18944662,0.169573341,0.170837063,0.089080283,0.547719885,0.316386202,0.814682466,26.02076694,0.748967485,0.934622448,3.037024345,0.45911154,0.589177118,84.25252777,-2.411750902,3.482813017
NCCCCC(NC(=O)[C@@H]1CCCN1C(=O)[C@@H]1CSSC[C@H](N)C(=O)N[C@@H](Cc2ccc(O)cc2)C(=O)N[C@@H](Cc2ccccc2)C(=O)N[C@@H](CCC(N)=O)C(=O)N[C@@H](CC(N)=O)C(=O)N1)C(=O)NCC(N)=O,0.234811301,0.261163061,0.556393446,-6.624001124,40.33121201,44.0184943,0.245898958,0.180529602,0.276357554,0.117391698,0.563423524,0.720009,0.5948588,8.036047738,0.741267999,0.293981637,2.79595812,1.176572748,0.369037221,68.68446412,-2.506689238,3.420199502
NCCCC[C@H](N)C(=O)O,0.226697129,0.870154192,0.868996836,-5.070873767,17.45249445,13.81826198,0.22652585,0.101346228,0.177720207,0.071120335,0.37869072,0.096582282,0.107362261,11.01226986,0.296246953,0.96907917,1.912112185,0.644702235,0.072603124,89.44938404,-0.483516656,0.932331922
CCCNS(=O)(=O)Nc1ncnc(OCCOc2ncc(Br)cn2)c1-c1ccc(Br)cc1,0.504825148,0.875049816,0.850991557,-5.091435891,28.55273022,31.01049497,0.210492756,0.602367838,0.164542396,0.316437726,0.452674205,0.733652987,0.874233283,7.687202095,0.714445361,0.965825229,2.558285541,2.387205493,0.882146171,98.83101086,-4.216297555,4.28684606
O.O=S(=O)([O-])[O-].O=S(=O)([O-])[O-].[Al+3].[Al+3].[Al+3].[Al+3].[Al+3].[Mg+2].[Mg+2].[Mg+2].[Mg+2].[Mg+2].[Mg+2].[Mg+2].[Mg+2].[Mg+2].[Mg+2].[OH-].[OH-].[OH-].[OH-].[OH-].[OH-].[OH-].[OH-].[OH-].[OH-].[OH-].[OH-].[OH-].[OH-].[OH-].[OH-].[OH-].[OH-].[OH-].[OH-].[OH-].[OH-].[OH-].[OH-].[OH-].[OH-].[OH-].[OH-].[OH-].[OH-].[OH-],0.357988934,0.799675959,0.755169593,-5.65481789,21.04677448,16.67247592,0.219431,0.140663401,0.152266594,0.068093617,0.492786941,0.106830651,0.577201512,21.99695167,0.198130875,0.764978465,2.345705333,0.422273085,0.110854255,68.18983426,-3.459117727,1.003574558
[MgH2],0.19263777,0.939530023,0.855192577,-4.4863192,21.22023042,39.751946,0.19551592,0.090476705,0.150682024,0.071784679,0.395712101,0.091098271,0.192732298,18.04549359,0.205896723,0.967204685,2.280405458,2.374561346,0.070575722,92.73199394,-1.308850916,2.56050405
CC(=O)[O-].CC(=O)[O-].[Mg+2],0.155208989,0.912680768,0.849960287,-4.720028208,16.31290771,10.39175498,0.208410115,0.089181844,0.159794901,0.061909531,0.40443941,0.086867289,0.372088382,12.678555,0.219338632,0.968270996,2.21428437,1.46077126,0.067745516,83.3883742,-1.383247254,0.456602839
CC(=O)[O-].CC(=O)[O-].O.O.O.O.[Mg+2],0.138666312,0.911213981,0.84311629,-5.280939423,16.33475414,7.742228041,0.205343789,0.086455991,0.15750229,0.060647122,0.415302564,0.084514535,0.399025543,12.37018762,0.212846166,0.966030227,2.074325047,1.233272726,0.06611718,70.41185184,-1.300855047,0.648506938
O=C1O[C@H]([C@@H](O)CO)C([O-])=C1O.O=C1O[C@H]([C@@H](O)CO)C([O-])=C1O.[Mg+2],0.217203627,0.707905477,0.802370337,-5.747012327,21.61967673,44.66243937,0.195847331,0.107943708,0.155643244,0.066525066,0.454000914,0.101504518,0.626033879,21.17582151,0.182598386,0.957016739,2.384502717,1.297132151,0.121392373,78.94634453,-1.137187332,1.026492261
O=C([O-])CC(O)(CC(=O)[O-])C(=O)[O-].O=C([O-])CC(O)(CC(=O)[O-])C(=O)[O-].[Mg+2].[Mg+2].[Mg+2],0.180262694,0.818694303,0.785275281,-5.525703714,15.63224161,1.971032676,0.206373103,0.103089858,0.141771748,0.064386577,0.486849277,0.09664545,0.44684563,36.45545368,0.203346369,0.793471406,2.328533028,0.922686094,0.099719307,68.84285847,-1.307567164,0.515875332
O.O.O=C([O-])[C@H](O)[C@@H](O)[C@H](O)[C@H](O)CO.O=C([O-])[C@H](O)[C@@H](O)[C@H](O)[C@H](O)CO.[Mg+2],0.167875264,0.691678588,0.671230853,-6.465765791,15.52378962,3.410554754,0.209869784,0.08525726,0.143039546,0.06341573,0.525154345,0.092692386,0.273378635,15.44572337,0.198688993,0.469439428,2.078577498,0.568038923,0.09622391,66.21942404,-0.834435171,0.32820757
NCC(=O)[O-].NCC(=O)[O-].[Mg+2],0.193481081,0.881844111,0.851881619,-5.160788257,14.91255209,4.438241185,0.202259725,0.082567556,0.156262567,0.071358465,0.381549799,0.089619137,0.291966,11.69684968,0.19821293,0.967106563,2.188501122,0.827538043,0.069692447,78.13095692,-1.370054432,0.444963396
O=C([O-])CC(O)C(=O)[O-].[Mg+2],0.211297155,0.897654256,0.835113854,-4.912619746,18.94028976,14.07390805,0.211792103,0.076612582,0.166114849,0.061494955,0.402318469,0.086163927,0.355037595,14.90542685,0.201792154,0.964786349,2.091079761,1.094912879,0.064263526,80.77164225,-1.119083796,0.359041755
[Mg+2].[O-2],0.187665301,0.930967742,0.824963564,-4.49555369,21.21566053,45.14032785,0.19911508,0.093651633,0.151957838,0.077294483,0.405572568,0.091345882,0.157790246,16.42738886,0.211450682,0.966047152,2.336153796,2.678026701,0.076357496,89.63445898,-2.198568592,2.678771447
[Mg+2].[O-2].[O-2].[O-2].[Si+4],0.174018012,0.929738013,0.810752508,-4.660075954,22.59270833,41.95756553,0.201356682,0.101404892,0.155459258,0.076445849,0.400213749,0.091638663,0.284939117,17.94438316,0.208433152,0.959854572,2.349769688,2.350288549,0.076339259,88.3855509,-2.985491995,2.83670932
O=S(=O)([O-])[O-].[Mg+2],0.246571604,0.937177105,0.843215499,-4.64248115,19.14252777,34.20338971,0.207733764,0.089220604,0.153543515,0.064536004,0.375959372,0.089624549,0.622332651,17.41333117,0.203820432,0.966625052,2.351981682,2.274816945,0.070576112,88.70359948,-1.328622252,0.855290399
O=[Si]([O-])O[Si]([O-])([O-])O[Si](=O)[O-].[Mg+2].[Mg+2],0.239379226,0.919831469,0.832298745,-4.85030451,29.83085223,10.31218601,0.212400687,0.096151528,0.171762515,0.06741257,0.434764245,0.087733697,0.621913398,27.45680254,0.201522998,0.954718997,2.209323659,1.107172708,0.091870143,72.31895241,-1.796050809,1.016784933
Cc1nc(COP(=O)(O)O)cc(CN(CCN(CC(=O)[O-])Cc2cc(COP(=O)(O)O)nc(C)c2O)CC(=O)[O-])c1O.[Mn+2],0.335688903,0.414035979,0.748177386,-6.041149008,28.70172175,40.2972813,0.216498711,0.165769785,0.221864708,0.099592555,0.498154101,0.122240942,0.817080775,29.11838994,0.809647625,0.665073226,2.771297661,1.125436335,0.245823184,79.25568979,-1.370105443,0.790037329
[Mn+2],0.182340777,0.938417909,0.824509029,-4.45279491,23.30471762,37.97365185,0.200811063,0.092292419,0.159399407,0.077135959,0.410574005,0.089536714,0.171913312,20.13398848,0.209804209,0.966686628,2.296441451,2.679457642,0.075150641,89.74185564,-2.676662258,2.604599373
O=C([O-])CC(O)(CC(=O)[O-])C(=O)[O-].O=C([O-])CC(O)(CC(=O)[O-])C(=O)[O-].[Mn+2].[Mn+2].[Mn+2],0.198730858,0.830504645,0.779166093,-5.496031884,14.99594278,0.628960949,0.203989701,0.090949565,0.151861602,0.062931152,0.493914428,0.094746209,0.470497052,36.45528395,0.203346369,0.811244087,2.199694475,1.15122021,0.097649705,72.37327474,-1.280681569,0.452278491
O=C([O-])[C@H](O)[C@@H](O)[C@H](O)[C@H](O)CO.O=C([O-])[C@H](O)[C@@H](O)[C@H](O)[C@H](O)CO.[Mn+2],0.156593032,0.716631674,0.670590959,-6.321183436,15.89982836,4.434602672,0.209867771,0.086767324,0.149323636,0.065439053,0.492528697,0.091514436,0.213870526,16.49412899,0.198688993,0.611748649,1.98616974,0.792414397,0.095923531,66.07585504,-0.670514486,0.321795203
COC(=O)C1=C(C)NC(C)=C(C(=O)OCCN2CCN(C(c3ccccc3)c3ccccc3)CC2)C1c1cccc([N+](=O)[O-])c1,0.505014029,0.707013645,0.755885637,-5.207124227,41.84216533,73.31665162,0.173094825,0.826429196,0.213353236,0.455622528,0.690024968,0.583209565,0.625370793,21.41174602,0.787417544,0.959213824,2.733216296,2.947669841,0.95029612,94.16311624,-4.279166766,5.098370237
CS(=O)(=O)OC[C@@H](O)[C@@H](O)[C@H](O)[C@H](O)COS(C)(=O)=O,0.64992941,0.855655814,0.837801615,-5.452688055,17.42205986,17.46756994,0.210746663,0.093953439,0.166921199,0.061141564,0.533563503,0.104557522,0.449727039,7.998574126,0.307365903,0.952110858,2.111657738,1.788892236,0.111020462,76.68544473,-0.579242434,1.708405183
CCCCC1(CCCC)CS(=O)(=O)c2ccc(N(C)C)cc2[C@@H](c2ccc(OCc3ccc(C[N+]45CCN(CC4)CC5)cc3)cc2)[C@H]1O,0.385477791,0.812105333,0.720551612,-5.286717324,21.14515739,61.81433353,0.242523846,0.348632394,0.194015975,0.316762459,0.663850493,0.702199604,0.393072539,22.32885644,0.815735041,0.752811309,2.949584639,2.674182192,0.894068022,92.33095098,-5.067709197,7.27575189
Cc1nnc(C(C)C)n1[C@@H]1C[C@H]2CC[C@@H](C1)N2CC[C@H](NC(=O)C1CCC(F)(F)CC1)c1ccccc1,0.40561946,0.868447311,0.784185815,-5.292905408,25.49585661,48.06648385,0.210103115,0.389226285,0.390626782,0.563611854,0.670652697,0.646590472,0.256580594,11.52215419,0.366366345,0.962164661,2.821964177,3.045945063,0.885944053,95.27478567,-4.574333612,3.485221619
CC(C)Nc1nc2cc(Cl)c(Cl)cc2n1[C@H]1O[C@@H](CO)[C@H](O)[C@@H]1O,0.599747573,0.867414027,0.829328321,-5.225033592,26.93332768,16.95306593,0.236749391,0.251294637,0.213252099,0.199203833,0.540159082,0.378928542,0.801864584,16.78680944,0.53638723,0.963526128,2.527693822,2.608610389,0.267298787,93.41285618,-2.476018613,2.935611929
CC(C)n1c(=O)cc(N[C@@H](C)c2ccccc2)[nH]c1=O,0.240289868,0.92625443,0.862704612,-4.732693685,34.35541627,22.32957272,0.198416743,0.417365138,0.186584943,0.091242177,0.492405231,0.528706833,0.717165706,12.021469,0.621882024,0.966134153,2.187023123,3.11614437,0.359398272,97.47612535,-2.765429372,2.231616082
CCN(CCCCOC(=O)c1ccc(OC)c(OC)c1)C(C)Cc1ccc(OC)cc1,0.204950199,0.927607717,0.827893501,-4.780753612,31.91481756,39.9994835,0.182952621,0.360629747,0.308603022,0.706442841,0.468544887,0.652759873,0.179862423,11.81192384,0.861613005,0.968825904,2.607101544,2.583106163,0.819226053,96.39326549,-4.210391763,2.771067298
Cc1cc(C)c(NC(=O)CN(CC(=O)O)CC(=O)O)c(C)c1Br,0.224109681,0.788324343,0.873843056,-5.15117178,26.98737981,22.74375005,0.194115883,0.183818136,0.186252531,0.096228852,0.543375124,0.114661184,0.467097607,13.59144999,0.34113451,0.967632876,2.527020429,1.111584541,0.13692337,93.77019087,-2.08296221,3.176098684
CC1=C2[N]3[C@@H]4[C@H](CC(N)=O)[C@@]2(C)CCC(=O)NC[C@@H](C)OP(=O)([O-])O[C@H]2[C@@H](O)[C@H](O[C@@H]2CO)n2c[n+](c5cc(C)c(C)cc52)[Co-3]325([CH3])[N+]3=C1[C@@H](CCC(N)=O)C(C)(C)C3=CC1=[N+]2C(=C(C)C2=[N+]5[C@]4(C)[C@@](C)(CC(N)=O)[C@@H]2CCC(N)=O)[C@@](C)(CC(N)=O)[C@@H]1CCC(N)=O,0.508413768,0.350994718,0.575266797,-5.912978354,47.96981398,61.53009259,0.228899467,0.435872375,0.214235882,0.125720317,0.555414382,0.330635769,0.746781269,292.7362069,0.562510506,0.821478704,3.187817597,2.288009021,0.705876126,76.21996742,-3.629783133,7.121275562
CC(=O)[C@@]1(C)CC[C@H]2[C@@H]3C=C(C)C4=CC(=O)CC[C@]4(C)[C@H]3CC[C@@]21C,0.127422404,0.803182092,0.824135249,-4.6861061,26.19468957,36.53900342,0.206006707,0.237419543,0.14992358,0.077288918,0.703933188,0.360358648,0.511379242,11.00776002,0.357099139,0.969713575,2.407761597,3.250501633,0.813951559,95.49188457,-4.63635796,5.203402627
O=P(O)(O)CP(=O)(O)O,0.2034472,0.937348603,0.812474907,-5.018383077,18.77988798,14.26019508,0.198426081,0.086683003,0.213696834,0.06270527,0.404856691,0.085992152,0.142728793,12.66053701,0.208161377,0.929242632,2.7392481,2.409626799,0.075145508,90.79935885,-0.056297702,1.336083767
CC(=O)O[C@]1(C(C)=O)CC[C@H]2[C@@H]3C[C@H](C)C4=CC(=O)CC[C@]4(C)[C@H]3CC[C@@]21C,0.107480362,0.818551499,0.841413164,-4.832808964,32.02725962,31.02999522,0.172442173,0.212207572,0.145520412,0.066869125,0.725115903,0.342157503,0.491488984,14.00557055,0.329092646,0.967066469,2.362690482,3.116140413,0.844942196,94.18486757,-4.275832142,4.739585304
CNC[C@H](O)[C@@H](O)[C@H](O)[C@H](O)CO,0.220706695,0.777621645,0.84264473,-5.431887472,14.41083469,4.512075761,0.18428892,0.077484374,0.255365859,0.069031611,0.434636088,0.095479563,0.108560804,16.07756428,0.257735025,0.961571663,1.927478747,1.140074491,0.079754241,80.21129133,6.33e-05,1.279073875
CCOC(=O)[C@H](Cc1ccc(F)cc1)NC(=O)[C@@H](N)Cc1ccc(N(CCCl)CCCl)cc1,0.659916042,0.919861308,0.867661787,-4.993675975,24.79198063,38.3520411,0.188427768,0.579429505,0.26288008,0.36939286,0.449166282,0.713349599,0.545360474,20.95067307,0.823452298,0.969136596,2.874217683,2.831966403,0.815142442,97.25691894,-3.63126334,3.758034745
Cc1cc(OP(=O)(O)O)c2ccccc2c1OP(=O)(O)O,0.453407421,0.919306081,0.848074421,-5.06472982,20.63836091,28.50414157,0.22581031,0.280457064,0.212247678,0.07835974,0.557731304,0.320286152,0.646923348,25.36052462,0.421163192,0.95956612,3.053370424,2.851360045,0.199739802,98.21978814,-2.369936596,2.840233083
CC(C)[C@@H]1CC[C@@H](C)C[C@H]1OC(=O)c1ccccc1O,0.093485361,0.913057865,0.835079862,-4.734550552,25.15687405,46.22007212,0.206109839,0.316680027,0.186276783,0.126882917,0.563816826,0.271243218,0.216715586,10.07397785,0.589050565,0.965500224,2.251707726,3.093653597,0.357429908,94.90618307,-4.21064218,2.629620036
C[N+]1(C)CCCC(OC(=O)C(O)(c2ccccc2)c2ccccc2)C1,0.162170094,0.83989199,0.841407571,-4.907804013,28.32421906,34.75300407,0.19756616,0.141462005,0.186442488,0.229654339,0.501009535,0.141309609,0.132250093,18.72215058,0.78560345,0.503203771,2.417721111,2.340000738,0.585023697,93.27472044,-3.217816967,3.938804614
C=C1c2cccc(O)c2C(=O)C2=C(O)[C@]3(O)C(=O)C(C(N)=O)=C(O)[C@@H](N(C)C)[C@@H]3[C@@H](O)[C@H]12,0.235432798,0.56885467,0.807787843,-5.489306197,34.57743459,25.2000993,0.185628424,0.202128007,0.159273339,0.074599731,0.634602573,0.418132082,0.802693404,22.47620594,0.476591688,0.966149929,2.729414058,1.777405098,0.633921599,87.90212393,-2.346738769,4.343247728
CC(=O)OC(C)C[N+](C)(C)C,0.158794299,0.900732203,0.84794077,-4.572829459,22.03028831,33.11645337,0.181704756,0.081035507,0.236817486,0.071374992,0.477893041,0.184900254,0.165170255,11.28468196,0.467205857,0.416249255,1.996072771,1.953247094,0.073731272,92.37858345,-1.432375422,2.284159916
CC(=O)/N=c1/sc(S(N)(=O)=O)nn1C,0.363606631,0.842298636,0.841626504,-4.738670564,29.59755827,19.66228899,0.236756823,0.189154516,0.173765679,0.070584354,0.521443687,0.133768079,0.834800072,12.16375173,0.221637661,0.960285991,2.43389498,2.234018934,0.113251411,92.83431655,-0.876482124,1.248167776
CSCC[C@H](N)C(=O)O,0.154005469,0.903135527,0.868876666,-4.940714597,27.55750329,19.1645598,0.256668202,0.10747805,0.19731011,0.068611197,0.392292371,0.090456237,0.12852597,7.579142866,0.294166958,0.967621049,2.14355949,1.019759913,0.070313249,92.21616404,-0.743357083,0.765128521
CNC(C)Cc1ccccc1OC,0.16171161,0.932811704,0.846257165,-4.558539948,20.40881325,18.067029,0.201107715,0.130122717,0.48631348,0.305579347,0.451642703,0.280233619,0.12247346,7.685318927,0.60103863,0.969108833,2.496364774,2.438604108,0.106372741,93.98007029,-2.139805783,2.946939778
C[N+]1(C)[C@@H]2C[C@@H](OC(=O)[C@H](CO)c3ccccc3)C[C@H]1[C@@H]1O[C@@H]12,0.392186111,0.822645254,0.715000905,-4.891251718,21.03004386,39.03196479,0.198764481,0.098322915,0.195036105,0.127976024,0.622032295,0.212127657,0.126724316,16.44805531,0.520677803,0.58538493,2.376278421,1.727577897,0.437995548,88.86343679,-2.115595291,4.35181672
C[N+]1(C)[C@@H]2C[C@@H](OC(=O)[C@H](CO)c3ccccc3)C[C@H]1[C@@H]1O[C@@H]12.[Br-],0.408542986,0.761591542,0.692190197,-5.170681489,19.91439466,46.13229109,0.200400552,0.089931582,0.205122243,0.109398906,0.622627602,0.147730723,0.135351091,15.74114865,0.545910318,0.494231606,2.507735802,1.304561404,0.459987231,82.50642107,-1.239595324,8.113957366
COC(=O)CCC(=O)CN,0.165679654,0.933794756,0.870946058,-4.58330182,20.51908866,47.05672604,0.172731209,0.090694528,0.169046676,0.079058657,0.372404227,0.107079183,0.131214056,9.289650904,0.328404649,0.967834545,2.017006621,1.749045261,0.08298779,90.62028859,-0.244679726,2.097275571
CC[C@@H](CO)NC(=O)[C@@H]1C=C2c3cccc4[nH]cc(c34)C[C@H]2N(C)C1,0.766420754,0.865383816,0.638891555,-5.020078645,24.32559645,27.21690884,0.190421564,0.256457181,0.302351667,0.843403839,0.686591312,0.510316154,0.149056157,16.83242061,0.825859691,0.969707468,2.934760782,2.667419941,0.770717692,93.41515664,-2.66594883,2.647345042
C[N@+]1(CC2CC2)CC[C@]23c4c5ccc(O)c4O[C@H]2C(=O)CC[C@@]3(O)[C@H]1C5,0.391243017,0.921019933,0.737940944,-4.971734169,29.87500914,36.09011754,0.186452528,0.146508836,0.308631272,0.281327649,0.608127642,0.310539195,0.202320284,11.37859631,0.371954914,0.802237914,3.073271727,2.077961934,0.24654354,88.25139427,-3.037920889,5.380729668
C[C@H]1C[C@@H]2[C@H](C(=O)C[C@@]3(C)[C@H]2CC[C@]3(O)C(=O)CO)[C@@]2(C)C=CC(=O)C=C12,0.099273258,0.882950392,0.842128174,-4.90796221,36.81179546,30.12379601,0.179003231,0.150296949,0.143203616,0.068705623,0.716071872,0.335301837,0.286741345,14.04273509,0.514233648,0.968283894,2.773058232,2.925912328,0.736305459,93.29329382,-2.789313882,10.65188924
CC(=O)Oc1c(C)cc(OCC(O)CNC(C)C)c(C)c1C,0.182385394,0.882555723,0.855307283,-4.748240036,18.21180226,38.74960559,0.162497724,0.310671581,0.664376217,0.158324664,0.459724071,0.260914314,0.191136255,8.706027394,0.318801176,0.969142243,2.19909094,1.911988269,0.22219753,93.85292892,-2.714253468,1.671532784
CN1CCCC(CC2c3ccccc3Sc3ccccc32)C1,0.489527387,0.937250772,0.858469939,-4.798299595,21.01497901,20.52108572,0.20746777,0.256208382,0.644714147,0.834187799,0.639754791,0.287178297,0.208768054,10.46069695,0.885971993,0.967660212,2.559737079,2.900449239,0.919263104,94.96917406,-4.495881576,9.300832217
COc1ccc2cc1Oc1cc3c(cc1OC)CC[N+](C)(C)[C@H]3Cc1ccc(cc1)Oc1c(OC)c(OC)cc3c1[C@@H](C2)[N+](C)(C)CC3,0.589164913,0.88821202,0.715816735,-4.930774966,23.18803827,51.09275426,0.219194944,0.137641886,0.270152604,0.25419204,0.647401289,0.39611927,0.273734099,22.21733026,0.820293209,0.429988871,2.753234272,2.72960974,0.942844595,92.15057223,-6.001975844,8.081773188
C[C@](N)(Cc1ccc(O)cc1)C(=O)O,0.118258879,0.760360681,0.870910746,-5.03185779,17.44433061,5.240445447,0.213039862,0.142328975,0.162321898,0.086682202,0.446051787,0.142869104,0.128031797,4.938899531,0.231890335,0.969107242,2.371834294,1.04449231,0.085215303,94.19016389,-1.183555819,1.322392655
CNC[C@@H]1CC[C@@H](N)[C@@H](O[C@H]2[C@H](O)[C@@H](O[C@H]3OC[C@](C)(O)[C@H](NC)[C@H]3O)[C@H](N)C[C@@H]2N)O1,0.44957986,0.229214137,0.656647191,-6.160865426,25.40829801,22.30772154,0.183280933,0.091118663,0.183573366,0.084972101,0.547021974,0.14694837,0.179323139,20.44445619,0.801988206,0.846518834,2.424605863,0.691602531,0.166117371,76.80679872,-1.389784736,1.120047382
CO[C@@H]1[C@H](N(C)C(=O)c2ccccc2)C[C@H]2O[C@]1(C)n1c3ccccc3c3c4c(c5c6ccccc6n2c5c31)C(=O)NC4,0.665888153,0.833991579,0.770855532,-5.311277659,48.64993759,50.82744644,0.235187844,0.78550241,0.188437468,0.173785318,0.680401627,0.710747961,0.818511541,171.1233933,0.640971327,0.957328694,2.595693497,3.10941076,0.921280234,89.31191477,-5.09235611,3.640462652
CCCCCCCCCCCCCCCC(=O)OC[C@H](COP(=O)([O-])OCCNC(=O)[C@H](C)NC(=O)CC[C@@H](NC(=O)[C@H](C)NC(=O)[C@@H](C)O[C@@H]([C@H](O)[C@H](O)CO)[C@H](C=O)NC(C)=O)C(N)=O)OC(=O)CCCCCCCCCCCCCCC.O.[Na+],0.175862094,0.35763489,0.674147755,-6.030113393,38.00349084,76.659493,0.233275183,0.173192642,0.173758043,0.093888935,0.565142672,0.531823018,0.766730115,13.23041089,0.448938331,0.641558315,2.314659618,1.916710358,0.447859505,79.53123487,-2.767700823,3.764837959
CCCCN1C[C@H](O)[C@@H](O)[C@H](O)[C@H]1CO,0.285700041,0.923799751,0.853774847,-5.131078987,15.18261015,8.088916908,0.174485359,0.083035416,0.271128503,0.096762686,0.433395886,0.088274266,0.108670825,13.29166781,0.435615777,0.961774538,2.148254995,1.809735256,0.118791185,84.27293819,-0.301467185,1.562225079
Nc1nc(CC(=O)Nc2ccc(CCNC[C@H](O)c3ccccc3)cc2)cs1,0.604177645,0.785471722,0.85097978,-5.213732713,25.45516989,26.86769983,0.206520686,0.709925995,0.16192501,0.626168232,0.459662832,0.698625683,0.839560349,3.507133675,0.722119406,0.963540088,2.648217105,2.669952015,0.855322587,93.69127726,-2.990238844,3.427522621
O=C(c1ccc(NS(=O)(=O)c2cccc3cccnc23)cc1)N1CCN(CC2CC2)CC1,0.403342778,0.894516119,0.84894588,-5.107613528,27.64732389,33.52074582,0.212524499,0.612631587,0.188399455,0.265607042,0.476658099,0.735088172,0.843272555,15.62079894,0.778762579,0.965824807,2.638195727,2.467602776,0.899217229,96.74582277,-3.599617229,2.038086429
C=CC(=O)Nc1cc(Nc2ncc(C(=O)OC(C)C)c(-c3cn(C)c4ccccc34)n2)c(OC)cc1N(C)CCN(C)C,0.636177466,0.85337018,0.785189312,-5.170166318,40.58395879,68.70631171,0.249058219,0.464825775,0.251924799,0.21267267,0.602476561,0.776736579,0.850994108,5.302490467,0.740715453,0.958503193,2.751812648,3.034479349,0.933771695,90.9187946,-4.622437609,8.277028749
CCOC(=O)[C@H](CCc1ccccc1)N[C@@H](C)C(=O)N1Cc2cc(OC)c(OC)cc2C[C@H]1C(=O)O,0.234440678,0.588683211,0.864931389,-5.117080557,30.25557672,36.70037015,0.189898495,0.340732358,0.203352884,0.193679758,0.531685171,0.410807424,0.656266074,13.1556986,0.855008419,0.968248038,2.540021509,1.393719122,0.91770854,96.41345657,-3.31051002,1.27379357
CO/N=C1\C[C@]2(C[C@@H]3C[C@@H](C/C=C(\C)C[C@@H](C)/C=C/C=C4\CO[C@@H]5[C@H](O)C(C)=C[C@@H](C(=O)O3)[C@]45O)O2)O[C@H](/C(C)=C/C(C)C)[C@H]1C,0.277328875,0.735614977,0.667883507,-5.188657387,41.85765143,57.81564215,0.192892846,0.140804713,0.168438035,0.071088321,0.70518221,0.631532297,0.422826668,19.35102739,0.384221842,0.955378431,3.057179181,2.858690203,0.887283241,91.92845556,-4.749296414,5.038658408
C/C(=C\C(=O)OCCCCCCCCC(=O)O)C[C@@H]1OC[C@H](C[C@@H]2O[C@H]2[C@@H](C)[C@H](C)O)[C@@H](O)[C@H]1O,0.566959769,0.827726725,0.775731071,-5.428966319,14.54816326,22.16294939,0.220330253,0.219976637,0.167027563,0.082666935,0.615095074,0.444354676,0.426380086,12.62992897,0.575407386,0.962011856,2.536026783,1.587630888,0.442856961,94.05806454,-3.031216649,3.056198743
CC(=O)N[C@@H](C=O)[C@@H](O)[C@H](O)[C@H](O)CO,0.344080287,0.892636133,0.842986101,-5.439469501,17.31049432,12.41071937,0.183722293,0.079727955,0.210362514,0.060570992,0.471976553,0.098597938,0.144143864,14.02218589,0.193948216,0.963653546,1.912180753,1.405491397,0.080588036,81.48121276,0.048326025,1.18675837
CC(=O)N[C@@H](Cc1ccc(O)cc1)C(=O)O,0.135496823,0.793139796,0.864319268,-4.961995758,19.30664377,8.499849552,0.251289999,0.14217281,0.18538831,0.065370586,0.474504917,0.107616721,0.177769859,5.219785157,0.221950559,0.969405263,2.164203367,1.036027283,0.086089848,94.95605614,-1.135248895,1.223684734
NC(=O)C1=CN([C@@H]2O[C@H](CO[P@@](=O)(O)O[P@@](=O)(O)OC[C@H]3O[C@@H](n4cnc5c(N)ncnc54)[C@H](O)[C@@H]3O)[C@@H](O)[C@H]2O)C=CC1,0.541853036,0.511018375,0.598916974,-6.277196366,35.10573998,45.83684703,0.245171546,0.181270845,0.164668768,0.069777234,0.522238685,0.187608245,0.871597041,27.29476943,0.513591743,0.908985226,2.864405669,1.965345138,0.407237581,80.5088638,-1.575675592,3.095154429
CC(C)C[C@H](NC(=O)[C@@H](Cc1ccc2ccccc2c1)NC(=O)[C@H](Cc1ccc(O)cc1)NC(=O)[C@H](CO)NC(=O)[C@H](Cc1c[nH]c2ccccc12)NC(=O)[C@H](Cc1c[nH]cn1)NC(=O)[C@@H]1CCC(=O)N1)C(=O)N[C@@H](CCCNC(=N)N)C(=O)N1CCC[C@H]1C(=O)NCC(N)=O,0.245226544,0.241136797,0.463644072,-6.402073688,52.9502242,66.05627773,0.254551902,0.365283694,0.199102562,0.11191894,0.601348162,0.843969611,0.817088868,24.72564965,0.715956021,0.518597341,3.036008248,2.499395391,0.657924893,77.74463117,-3.351458351,5.008248213
NC(=O)N/N=C1\C=Cc2ccccc2C1=O,0.432837754,0.899332692,0.838785131,-4.754276111,17.99335299,16.91326954,0.200774056,0.345486861,0.159182382,0.100556818,0.39072444,0.438088212,0.634074121,18.01378416,0.230953298,0.968249383,2.299129194,2.525971609,0.229585218,94.78131154,-1.860580597,2.803544337
CN(CC=Cc1ccccc1)Cc1cccc2ccccc12,0.595384419,0.936200354,0.856357943,-4.844018166,28.61927586,35.28901643,0.265063959,0.334029098,0.27388469,0.895251869,0.586657207,0.309336784,0.307590194,12.68201158,0.803148783,0.968556049,2.449190675,3.467825163,0.838196431,97.78720866,-4.709874376,6.766341126
CC(C)(NC(=O)C1=C(O)[C@@H]2Oc3c(O)ccc4c3[C@@]23CCN(CC2CC2)[C@H](C4)[C@]3(O)C1)c1nc(-c2ccccc2)no1,0.347086927,0.689927266,0.742725827,-5.371441007,41.60748315,39.79855072,0.200715172,0.635162399,0.230643437,0.136416456,0.596662137,0.438066797,0.545789198,39.72932724,0.805379185,0.960749665,3.16470141,1.932599141,0.827731711,93.15137534,-3.672806656,3.986754833
C=CCN1CC[C@]23c4c5ccc(O)c4O[C@H]2[C@@H](OCCOCCOCCOCCOCCOCCOCCOC)CC[C@@]3(O)[C@H]1C5,0.316663946,0.856177816,0.767207735,-5.280562274,43.33740452,38.06289675,0.174381208,0.345093281,0.299770016,0.140233913,0.615516763,0.531381803,0.231453993,10.61873606,0.531454834,0.963164387,3.025662443,2.138013045,0.719411687,88.26506541,-2.922200882,5.449415909
CCCCCCCCCC(=O)O[C@H]1CC[C@H]2[C@@H]3CCC4=CC(=O)CC[C@@H]4[C@H]3CC[C@]12C,0.091725306,0.700384611,0.795327306,-4.970885412,29.3570042,35.16835936,0.171899266,0.30387579,0.170873181,0.08071151,0.699202995,0.291756408,0.603770375,13.07827333,0.463374086,0.969715416,2.403432519,3.057853354,0.82303987,93.57464586,-5.542523808,5.094885314
C[C@]12CC[C@H]3[C@@H](CCC4=CC(=O)CC[C@@H]43)[C@@H]1CC[C@@H]2OC(=O)CCc1ccccc1,0.112936841,0.765785709,0.831513977,-4.88640031,36.19028217,44.72425626,0.185174506,0.408934909,0.181408295,0.105802521,0.714355938,0.459733433,0.489022273,10.50370217,0.329834999,0.969711297,2.414719334,3.131294072,0.893727916,96.48734907,-4.719339906,4.5454733
C[C@@H]1C/C=C/C=C/C=C/C=C/[C@H](O[C@@H]2O[C@H](C)[C@@H](O)[C@H](N)[C@@H]2O)C[C@@H]2O[C@](O)(C[C@@H](O)C[C@H]3O[C@@H]3/C=C/C(=O)O1)C[C@H](O)[C@H]2C(=O)O,0.359405644,0.680018109,0.75401678,-5.9593793,32.57744865,38.08409502,0.203857665,0.103693269,0.165291825,0.069183348,0.542449954,0.378572444,0.33237867,15.71137878,0.35412768,0.945261422,2.512675648,0.812324626,0.295266463,85.03644374,-1.873117376,2.203005797
[Ne],0.203389821,0.943613734,0.847314623,-4.508783638,20.59299224,39.04594362,0.19187318,0.089340816,0.15735628,0.074748208,0.401803698,0.086352358,0.170436828,17.45982504,0.205896723,0.967026105,2.241475916,2.647046756,0.071672384,89.4757604,-2.487788652,2.746452372
NC(=O)Cc1cccc(C(=O)c2ccccc2)c1N,0.511607242,0.940407104,0.867407813,-4.798999855,20.387669,15.87430951,0.188867692,0.481936147,0.19140341,0.195865743,0.456226375,0.306814905,0.606327896,5.668060686,0.400843738,0.968825246,2.474480883,2.736457783,0.388499394,97.24337601,-2.61194644,3.666697433
CCOc1cc2ncc(C#N)c(Nc3ccc(OCc4ccccn4)c(Cl)c3)c2cc1NC(=O)/C=C/CN(C)C,0.666714123,0.864804634,0.813712947,-5.226992984,39.0838009,32.90309482,0.215508117,0.36117509,0.259925089,0.17899996,0.571767118,0.543171298,0.849187332,18.07415778,0.829184167,0.965166171,2.72491952,2.786523435,0.934891053,96.04805677,-5.281517047,6.856711409
Cc1ccc(C(=O)OCc2ccc([C@@H](CN)C(=O)Nc3ccc4cnccc4c3)cc2)c(C)c1,0.51579119,0.905841761,0.806915434,-5.161031868,32.11817312,49.42866601,0.187104367,0.795193072,0.196197203,0.578676362,0.484445278,0.855188901,0.762555466,7.10223671,0.743531055,0.965514475,2.605140356,2.642435276,0.929978152,96.90085195,-4.294307526,3.272928419
Cc1ccccc1-c1cc(N2CCN(C)CC2)ncc1N(C)C(=O)C(C)(C)c1cc(C(F)(F)F)cc(C(F)(F)F)c1,0.391075403,0.927663831,0.812089505,-4.898967533,44.87407399,46.28395538,0.19628479,0.404621461,0.192328609,0.234279772,0.623793141,0.562660383,0.668110256,13.6925212,0.848205649,0.966105151,2.790966646,3.227877148,0.924380242,92.61420307,-4.38305949,7.073657492
NC(=O)c1cccnc1.O=C1O[C@H](C(O)CO)C(O)=C1O,0.238466308,0.863018703,0.848199061,-5.51235761,23.71591042,38.77067574,0.199352945,0.153231584,0.156076296,0.067896698,0.440716273,0.479045005,0.661542038,20.76544291,0.189854376,0.964873555,2.261653335,1.99758146,0.12224441,89.61869578,-1.225280302,1.581166148
O=S(=O)([O-])[O-].[Ni+2],0.208706643,0.935908024,0.84787413,-4.606237838,18.8102489,34.77555314,0.208045051,0.086704136,0.160240997,0.06766937,0.387145605,0.090744026,0.50544185,17.92932929,0.203820432,0.965996812,2.268026985,2.361278001,0.070610499,88.08024706,-1.064962116,0.932000385
CCCCOCCOC(=O)c1cccnc1,0.111139518,0.942522746,0.852785298,-4.525911015,42.80915125,43.50958854,0.169977794,0.444284319,0.218852978,0.108186223,0.416268195,0.731621712,0.201015784,9.340227321,0.540006783,0.968855056,2.100349531,2.813184634,0.110849434,95.64242019,-2.456814291,1.614958269
CC1CS(=O)(=O)CCN1/N=C/c1ccc([N+](=O)[O-])o1,0.89962795,0.875052116,0.856995904,-4.828573753,19.37745213,20.12244146,0.198993882,0.174541444,0.16161486,0.071027947,0.58712243,0.334568546,0.506067506,2.923215537,0.415109966,0.962426063,2.563472989,2.628315667,0.156130829,94.67241105,-2.043349817,2.287001996
COC(=O)c1ccc2c(c1)NC(=O)/C2=C(\Nc1ccc(N(C)C(=O)CN2CCN(C)CC2)cc1)c1ccccc1,0.780703164,0.892462154,0.805216398,-5.168308416,47.01516991,52.50285761,0.218248442,0.258368296,0.19419674,0.257490607,0.558757541,0.687357284,0.833411413,23.97629186,0.825057867,0.961785251,2.839064388,2.651532814,0.916338098,93.4284064,-4.355860244,7.61065982
NC(=O)c1cccc2cn(-c3ccc([C@@H]4CCCNC4)cc3)nc12,0.56984843,0.899251222,0.853562152,-5.065687886,20.04516204,23.93373652,0.217866753,0.458356825,0.225566164,0.231179888,0.611134697,0.299042336,0.709436322,12.51457358,0.769528202,0.968570468,2.559206096,2.435037816,0.746250654,94.46142947,-3.12950328,2.449716414
CC(C)(C)[C@H](NC(=O)C(F)(F)F)C(=O)N1C[C@H]2[C@@H]([C@H]1C(=O)N[C@H](C#N)C[C@@H]1CCNC1=O)C2(C)C,0.410828954,0.875070106,0.76627499,-5.205565857,20.69889218,36.78248367,0.189350821,0.149649038,0.171279074,0.089468683,0.665430182,0.50824537,0.484986359,24.13626722,0.429614033,0.966755882,3.110560803,2.726100938,0.305404428,90.52557556,-3.216344274,2.50589255
CC(=O)Oc1ccccc1C(=O)Nc1ncc([N+](=O)[O-])s1,0.875413488,0.920974776,0.856908151,-4.691710113,34.66012526,56.89941279,0.220969516,0.69052763,0.176374383,0.07523019,0.414199165,0.325070248,0.898604692,10.60987904,0.208401136,0.965466173,2.595481594,3.080904667,0.421280951,95.6976466,-3.25786461,3.066468751
O=C1CCCC(=O)C1C(=O)c1ccc(C(F)(F)F)cc1[N+](=O)[O-],0.640431313,0.91510732,0.819054857,-4.803650013,22.65261696,21.85871206,0.171246721,0.48038204,0.170052585,0.08292697,0.510481588,0.222531057,0.754376692,11.28574467,0.391259267,0.966355632,2.541300505,3.130038324,0.23784006,97.71814983,-3.232071415,12.68636235
[N]=O,0.570659791,0.949372686,0.867027776,-4.515573138,21.46313222,36.25201493,0.190371226,0.100462683,0.153393805,0.064909512,0.400704527,0.092633139,0.203250734,16.20471371,0.193544722,0.968312298,2.172652002,2.293939159,0.063411996,91.99730206,-1.149486701,1.843657113
O=N[O-],0.689617616,0.947442137,0.85828315,-4.617740567,21.78734079,32.16477099,0.187095954,0.121620863,0.156860405,0.072621077,0.418881985,0.099425621,0.195590774,14.93028864,0.193879967,0.967542603,2.299336458,2.527096676,0.070762128,93.42333908,-0.484457515,1.26764646
N#[C][Fe-2]([C]#N)([C]#N)([C]#N)([C]#N)[N]=O,0.615221671,0.904674192,0.807977509,-4.89097228,19.15065678,24.87533418,0.203821625,0.164733507,0.158680183,0.073387497,0.418478202,0.107867156,0.595169869,18.06863869,0.189417642,0.963478357,2.417192714,2.169048521,0.090736708,87.99575585,-2.466470882,1.495822418
O=NO,0.651090956,0.945598944,0.857675797,-4.625034885,23.8849089,28.6787265,0.196632153,0.082273237,0.154968452,0.065375925,0.413300814,0.094534774,0.244410954,15.94634389,0.19763544,0.964934959,2.307039164,2.525229692,0.067718433,94.50390661,-0.307461321,1.279601625
CC(=O)[C@@]1(O)CC[C@H]2[C@@H]3C=C(C)C4=CC(=O)CC[C@@H]4[C@H]3CC[C@@]21C,0.111084928,0.827471467,0.832594744,-4.750642136,28.50697581,29.53544771,0.182014094,0.21672122,0.142262922,0.069951054,0.723043863,0.303202442,0.53002602,15.45881756,0.322015442,0.969715695,2.503559074,3.017194149,0.753060335,94.09873198,-3.576202443,4.2414217
CC(=O)O[C@]1(C(C)=O)CC[C@H]2[C@@H]3C=C(C)C4=CC(=O)CC[C@@H]4[C@H]3CC[C@@]21C,0.11937238,0.824457353,0.828320262,-4.770348748,25.93894984,37.50121809,0.184203375,0.285557522,0.14257005,0.067370884,0.719202725,0.363405517,0.425390384,16.05233264,0.329092646,0.96914399,2.393506529,3.025721152,0.811218683,94.5982246,-4.007773169,4.68322908
CCCCCCCCCc1ccc(OCCOCCOCCOCCOCCOCCOCCOCCOCCO)cc1,0.090845244,0.903025511,0.852624307,-5.065234532,37.89973205,31.68404006,0.188805887,0.295437009,0.173089251,0.201951121,0.505169181,0.42950343,0.162118681,11.07753096,0.545458382,0.94649979,2.251957654,2.676393885,0.825625598,93.63168631,-3.692001318,5.044880237
C#C[C@]1(O)CC[C@H]2[C@@H]3CCC4=CC(=NO)CC[C@@H]4[C@H]3CC[C@@]21CC,0.139896296,0.737087559,0.821705918,-4.791407111,27.75643165,27.23205462,0.201336897,0.273963728,0.158275956,0.104565527,0.696541458,0.312593688,0.470215255,14.45860639,0.59689557,0.965528586,2.519213859,2.955807969,0.418444778,96.11168123,-3.817301352,3.338720053
C#C[C@]1(O)CC[C@H]2[C@@H]3CCC4=C(CCC(=O)C4)[C@H]3CC[C@@]21C,0.0900282,0.711637611,0.822471561,-4.756595767,27.47699003,25.47593681,0.19459321,0.335676481,0.145416223,0.089915678,0.661129679,0.343156415,0.407160762,26.77329369,0.325445201,0.96971006,2.311625449,2.939487494,0.668631847,94.34543894,-3.984053574,3.694080537
C#C[C@]1(OC(C)=O)CC[C@H]2[C@@H]3CCC4=C/C(=N/O)CC[C@@H]4[C@H]3CC[C@@]21CC,0.145556711,0.732588142,0.795036814,-4.963553539,31.69348117,33.99942486,0.196654916,0.270600449,0.154556306,0.094616462,0.70020118,0.341908695,0.536703234,14.44852912,0.641146018,0.964885176,2.809131887,3.119904159,0.637972646,96.16182675,-4.625175829,3.29533032
CO[C@@H]1[C@@H](OC(N)=O)[C@@H](O)[C@H](Oc2ccc3c(O)c(NC(=O)c4ccc(O)c(CC=C(C)C)c4)c(=O)oc3c2C)OC1(C)C,0.561823626,0.419878497,0.743066423,-5.52554637,27.0068479,47.37091613,0.216301567,0.614787855,0.165973739,0.07761039,0.604538111,0.359386095,0.891174169,13.35510465,0.493177016,0.959640998,2.998879356,2.666640374,0.866328586,94.6058508,-4.21428676,4.432158053
CNC(=S)NCO,0.296071751,0.904805013,0.861975797,-4.860629281,29.95388957,25.53910961,0.191513731,0.117877676,0.290127978,0.078675859,0.437626382,0.102799867,0.204992532,12.58262932,0.225368832,0.965093206,2.612480385,1.824894099,0.070099365,92.44545466,-0.248519761,1.287709403
C[C@@H]1[C@H](O)[C@@H](C)/C=C/C=C/CC/C=C/C=C/C=C/C=C/[C@H](O[C@@H]2O[C@H](C)[C@@H](O)[C@H](N)[C@@H]2O)C[C@@H]2O[C@](O)(C[C@@H](O)[C@H](O)CC[C@@H](O)C[C@@H](O)C[C@@H](O)CC(=O)O[C@H]1C)C[C@H](O)[C@H]2C(=O)O,0.299854701,0.455044135,0.57365848,-6.191995231,35.80626813,49.00474472,0.199906627,0.104955973,0.172393782,0.074004331,0.495578505,0.290681335,0.392364931,17.44676064,0.501871924,0.916609778,2.594621263,0.804783926,0.332105385,84.27183787,-2.795740795,2.749510784
CC[C@H]1[C@@H](O)[C@@H]2[C@H](CC[C@]3(C)[C@@H]([C@H](C)CCC(=O)O)CC[C@@H]23)[C@@]2(C)CC[C@@H](O)C[C@@H]12,0.097662313,0.778730109,0.779664225,-5.080836222,22.15107552,19.83224157,0.178464489,0.109491017,0.149018045,0.088100565,0.619603809,0.156904113,0.143328611,7.787296343,0.541450207,0.969426063,2.471184792,1.821330722,0.801266305,93.19989459,-4.657983939,2.334956469
S1SSSSSSS1,0.2072959,0.938555374,0.816549269,-4.673481905,22.4763528,32.74633833,0.23525767,0.218320295,0.219798552,0.090156403,0.42636018,0.140917715,0.42526282,13.59905725,0.203189971,0.952126509,2.382564009,2.894926751,0.094647522,91.56325966,-4.581182455,5.716664932
CCCCC(CC)COC(=O)/C=C/c1ccc(OC)cc1,0.117200544,0.915364857,0.861621484,-4.64404461,21.5527816,37.82386097,0.202874679,0.635484359,0.232544184,0.122262549,0.445407966,0.284947351,0.181738098,13.05901384,0.598790951,0.969686675,2.16345696,3.065046967,0.645178859,96.05121317,-4.37376868,2.768766537
CCCCC(CC)COC(=O)c1ccccc1O,0.098403649,0.920232995,0.842906623,-4.663207485,25.31673862,42.62474013,0.19737792,0.532828718,0.195643643,0.115212123,0.45092101,0.257923537,0.139978721,10.97532675,0.661554397,0.969420414,2.207333058,3.011630135,0.20710514,96.11215896,-4.063408774,2.44428088
CCCCC1(CCCC)CN(c2ccccc2)c2cc(SC)c(OCC(=O)N[C@@H](C(=O)N[C@@H](CC)C(=O)O)c3ccc(O)cc3)cc2S(=O)(=O)N1,0.366448297,0.652263039,0.775009543,-5.565532472,36.70145286,49.57216237,0.286397291,0.836113046,0.171181682,0.125654272,0.576535039,0.620966736,0.869018472,11.70882186,0.749304819,0.955996008,2.461703097,0.87101966,0.860963377,95.36715532,-4.955180519,4.651048452
O=C(O)CN(CC(=O)O)Cc1cc2c(cc1O)Oc1cc(O)c(CN(CC(=O)O)CC(=O)O)cc1C21OC(=O)c2ccccc21,0.453096435,0.372946697,0.721744498,-5.923793997,34.17728404,20.60108479,0.220494316,0.171274466,0.279421684,0.101564033,0.547357828,0.124458372,0.850851939,89.89863958,0.482047412,0.924468788,2.658886898,0.333074756,0.550146598,90.10490728,-3.089154556,3.16694187
O=C(c1cc(Cc2n[nH]c(=O)c3ccccc23)ccc1F)N1CCN(C(=O)C2CC2)CC1,0.673767595,0.870548852,0.836186571,-5.028605129,30.63165185,46.93277479,0.226914314,0.713789109,0.2643654,0.081913044,0.651478424,0.529348858,0.59741769,9.280215323,0.802276636,0.968860305,2.530695476,2.494560681,0.913906893,93.32874315,-3.440384813,3.051869019
COc1ccsc1CNCC[C@@]1(c2ccccn2)CCOC2(CCCC2)C1,0.216421174,0.915376314,0.814044573,-5.049052382,43.11212849,26.30885742,0.204926126,0.503099402,0.366857363,0.687876331,0.620318887,0.75921386,0.317731819,6.054518716,0.80263028,0.965816038,2.85440201,3.103047958,0.884488836,97.15351317,-4.355294149,5.162070522
CCCc1nc(C(C)(C)O)c(C(=O)O)n1Cc1ccc(-c2ccccc2-c2nnn[nH]2)cc1,0.532509838,0.435924728,0.80330638,-5.314273627,33.25136264,28.66338857,0.292634314,0.570686338,0.158093642,0.113396137,0.521103239,0.29874775,0.802652234,7.882913447,0.500270965,0.964514576,3.131640353,1.182179117,0.877729406,97.0635456,-3.61470447,1.896241742
C[C@H](Nc1ccc(C#N)n(C)c1=O)c1cc2cc(Cl)ccc2[nH]c1=O,0.602972777,0.87099717,0.840939863,-5.083350626,28.27671453,18.21370338,0.210470194,0.693376009,0.178690535,0.131078415,0.553295331,0.583326134,0.851831029,16.41762641,0.789458159,0.96798067,2.724298761,3.024872046,0.798460771,96.46023981,-3.625819723,3.111281032
CN(C)c1cc(CNCC(C)(C)C)c(O)c2c1C[C@H]1C[C@H]3[C@H](N(C)C)C(O)=C(C(N)=O)C(=O)[C@@]3(O)C(O)=C1C2=O,0.356744192,0.622088677,0.704297275,-5.453157241,42.34256291,38.46653154,0.189463314,0.231550908,0.158086962,0.097046039,0.625299652,0.585197298,0.769952004,17.06092347,0.622001865,0.956182511,3.195114979,1.677674762,0.454968978,83.61589028,-2.992285391,4.903845838
COC(=O)N[C@H](C(=O)N1CCC[C@H]1C(=O)Nc1ccc([C@@H]2CC[C@@H](c3ccc(NC(=O)[C@@H]4CCCN4C(=O)[C@@H](NC(=O)OC)C(C)C)cc3)N2c2ccc(C(C)(C)C)cc2)cc1)C(C)C,0.179305147,0.684312359,0.731611506,-5.260624433,43.50955606,46.20829529,0.203097822,0.563661534,0.171062141,0.095108505,0.633242422,0.755596744,0.782156728,18.34249698,0.767411663,0.962191612,2.603741581,3.365833703,0.91632894,96.88036928,-5.294038827,10.34487166
CC(C)OC(=O)CNc1cccc(CN(Cc2ccc(-n3cccn3)cc2)S(=O)(=O)c2cccnc2)n1,0.242648081,0.863947922,0.845995529,-5.19280106,35.84148289,60.78484309,0.253062879,0.703082878,0.167654331,0.22261942,0.57895978,0.886766501,0.869231583,0.0,0.68546634,0.964225223,2.433782172,2.873778585,0.887799676,95.97441755,-3.542365799,2.65342739
Cc1c(Cl)c(C)[n+]([O-])c(Cl)c1-c1noc(-c2cc(O)c(O)c([N+](=O)[O-])c2)n1,0.710477894,0.809697239,0.825833434,-5.020734576,38.18554636,31.81131331,0.223943214,0.573194108,0.257926031,0.10538903,0.59120489,0.630931773,0.881547048,4.654505689,0.457440655,0.961440627,2.697241667,2.69121394,0.815024118,95.2799058,-3.85530064,3.532487697
CN[C@H](CC(C)C)C(=O)N[C@H]1C(=O)N[C@@H](CC(N)=O)C(=O)N[C@H]2C(=O)N[C@H]3C(=O)N[C@H](C(=O)N[C@H](C(=O)O)c4cc(O)cc(O)c4-c4cc3ccc4O)[C@H](O[C@H]3C[C@](C)(N)[C@@H](O)[C@H](C)O3)c3ccc(c(Cl)c3)Oc3cc2cc(c3O[C@@H]2O[C@H](CO)[C@@H](O)[C@H](O)[C@H]2O[C@H]2C[C@](C)(NCc3ccc(-c4ccc(Cl)cc4)cc3)[C@@H](O)[C@H](C)O2)Oc2ccc(cc2Cl)[C@H]1O,0.276796422,0.087511691,0.472819473,-6.209836209,55.1821276,64.35327198,0.228776752,0.160780613,0.187616219,0.120388724,0.579530855,0.338060465,0.784707201,55.72056983,0.718883453,0.26504641,3.366696586,0.882496545,0.542816683,82.2783601,-5.342768432,5.008221718
NCCC[C@H](N)C(=O)O,0.209596389,0.891991251,0.872990447,-5.135102038,17.13736089,15.0327902,0.225718275,0.092822794,0.185306446,0.0702824,0.374598681,0.089026368,0.110307711,10.62227522,0.27007529,0.967865603,1.93623225,0.624304698,0.068993666,89.33955428,0.069524137,0.823294948
CCOC(=O)C1=C[C@@H](OC(CC)CC)[C@H](NC(C)=O)[C@@H](N)C1,0.20151167,0.932329371,0.855024124,-4.823834203,30.9740167,45.70416338,0.183039385,0.182892417,0.180280545,0.092824336,0.509950812,0.222884793,0.195590931,11.91379167,0.258142086,0.969410566,2.11687318,2.158983004,0.136748558,90.20009093,-1.823153335,1.933169843
N#Cc1ccc([C@H]2CCc3cncn32)c(F)c1,0.310202026,0.92503072,0.848950276,-4.686061522,23.67787773,29.262299,0.218461293,0.608128587,0.233382842,0.145604902,0.563695321,0.810206039,0.449597926,25.45063506,0.493167564,0.966134084,2.433104414,2.957512537,0.678036955,94.68109295,-2.816476575,2.508960399
C=CC(=O)Nc1cc(Nc2nccc(-c3cn(C)c4ccccc34)n2)c(OC)cc1N(C)CCN(C)C,0.688550815,0.877705235,0.819773722,-5.161182214,36.71131756,48.91631015,0.228917927,0.286716345,0.330364283,0.560808445,0.578925492,0.816204445,0.850515638,9.67358474,0.81360143,0.960729045,2.806129642,2.770771042,0.927865004,92.91605655,-4.224820941,8.441494689
OCCOc1ccc(/C(=C(/CCCl)c2ccccc2)c2ccccc2)cc1,0.589678399,0.900979067,0.873912647,-5.088976553,14.1812375,10.7547083,0.211839402,0.666902773,0.175752356,0.2045221,0.471263092,0.232004542,0.19373901,27.84585085,0.721109796,0.967898212,2.462685649,3.421138303,0.884051243,98.42046929,-4.597620642,3.142663457
O=C(O)c1nc(=O)[nH]c(=O)[nH]1,0.244828337,0.76686824,0.848745812,-5.019074373,17.74543349,7.978342303,0.202882937,0.112996266,0.143254272,0.058121827,0.417686169,0.093315081,0.647883625,14.44294482,0.169440975,0.966067886,2.101869597,0.479064483,0.082566185,93.46835678,-0.561084836,1.178577097
O[C@@](Cn1cnnn1)(c1ccc(F)cc1F)C(F)(F)c1ccc(-c2ccc(OCC(F)(F)F)cc2)cn1,0.41292122,0.833724319,0.825329081,-5.018558597,35.89837686,34.3567006,0.238008326,0.787246592,0.169178911,0.101899345,0.592779246,0.707158031,0.748169003,15.96108453,0.754353973,0.966126669,2.725056161,3.308245282,0.908297119,96.98126575,-4.048449008,8.159232792
O=P(O)(O)C(O)P(=O)(O)O,0.250937691,0.920527023,0.773012703,-5.242171061,18.65437765,15.22008436,0.186039685,0.099322172,0.202638173,0.063958899,0.4121996,0.08473145,0.143802716,13.10543767,0.195079067,0.912817903,2.657340502,2.028116107,0.077275775,88.5041494,0.342219451,1.452789176
CN[C@@H](C)[C@H](O)c1ccc(O)cc1,0.094731524,0.77440075,0.867692115,-4.868215254,17.68555052,12.92063793,0.211352717,0.16471536,0.209507099,0.166397242,0.483913637,0.143764795,0.117693162,12.81832507,0.311997138,0.969691203,2.354659629,2.452406289,0.080491914,94.1184511,-1.292053729,1.731811198
N[C@@H](Cc1c[nH]c2ccc(O)cc12)C(=O)O,0.297448262,0.79711875,0.856414208,-5.296786443,16.65756293,6.602009929,0.206126771,0.118241003,0.199766434,0.105504655,0.439184056,0.180960406,0.554780162,7.426693166,0.261322614,0.968845416,2.60368393,0.405222871,0.163422977,94.81579028,-1.303056654,1.41133233
C[N+](C)(C)CCO.Cn1c(=O)c2[n-]cnc2n(C)c1=O,0.50517402,0.888389133,0.848970314,-4.888291622,27.55811256,39.03781202,0.243360256,0.096503702,0.258231274,0.071203785,0.554869965,0.136876069,0.57984273,5.856656377,0.639702753,0.786085805,2.288493166,1.960722655,0.178718342,87.62612272,-0.824988208,3.883704057
C[C@]12C/C(=C/O)C(=O)C[C@@H]1CC[C@@H]1[C@@H]2CC[C@@]2(C)[C@H]1CC[C@]2(C)O,0.116756992,0.759053827,0.797914307,-4.794583892,24.03865753,25.14207691,0.194848876,0.171062998,0.151809267,0.073101599,0.66443813,0.247920295,0.727477978,15.38153581,0.373773412,0.969130483,2.468111228,2.795621778,0.610293108,94.71902534,-3.805904089,3.420034035
CN1CCCN=C1COC(=O)C(O)(c1ccccc1)C1CCCCC1,0.179996961,0.898220774,0.837906755,-4.821958991,22.09710784,38.53622774,0.205569885,0.367591574,0.157291889,0.329766047,0.570405765,0.339171779,0.149760068,13.52600166,0.808647342,0.964870107,2.371520513,2.615340111,0.803707007,92.2531718,-3.237671635,1.669042298
CC(C)Oc1ccc(-c2nc(-c3cccc4c3CC[C@@H]4NCCO)no2)cc1C#N,0.581129894,0.846663795,0.839285882,-5.135361253,30.81091384,22.28291971,0.207176987,0.429845354,0.203700385,0.126751711,0.547998435,0.48881062,0.707450236,7.928628327,0.798604851,0.966784538,2.690544719,2.725060061,0.921621561,96.92079135,-4.09549825,2.751008236
CNc1ncc(-c2ccc3c(=O)c(C(=O)O)cn(C4CC4)c3c2C)cc1C,0.639596942,0.632086842,0.852365228,-5.054056545,18.37957778,20.36372341,0.203687074,0.328171924,0.163230197,0.127354759,0.506393458,0.410718251,0.820743558,2.556110581,0.572111194,0.969435448,2.629341265,0.883262073,0.847699556,93.87553905,-3.766446533,2.517570215
CCNCc1nc2c(O)c(Cl)cc(Cl)c2c(=O)n1C,0.395339869,0.90706996,0.822895973,-4.744211972,23.06280746,15.84302775,0.215301625,0.45268917,0.234830057,0.166074414,0.627187728,0.49968073,0.831661319,0.935267649,0.833744782,0.966453221,2.615018595,2.882598977,0.348086787,93.37967637,-3.157325102,2.516055274
C1=C/COCc2cc(ccc2OCCN2CCCC2)Nc2nccc(n2)-c2cccc(c2)COC/1,0.635220106,0.908966564,0.841361556,-5.035617134,29.83318001,20.87982521,0.217599198,0.221557373,0.250348012,0.488743327,0.534938076,0.618688728,0.371446096,8.027680837,0.809291328,0.965180419,2.649364161,3.018797185,0.941617395,96.75328861,-4.159646016,5.661724707
CC[C@H]1c2cc3[n-]c(c(CC(=O)OC)c4nc(cc5[n-]c(cc(n2)[C@@H]1C)c(C(C)=O)c5C)[C@@H](C)[C@@H]4CCC(=O)O)c(C(=O)NCCS(=O)(=O)O)c3C.[Pd+2],0.333177435,0.473781256,0.800569834,-5.32599974,22.74533822,55.26370371,0.232559728,0.388486684,0.158640959,0.103816165,0.602137463,0.285368026,0.837719216,31.37446538,0.610668893,0.958419651,2.659321169,1.431823011,0.80184391,87.37077718,-3.586796919,2.91856664
CCCCC(CC)COC(=O)c1ccc(N(C)C)cc1,0.191931042,0.932602896,0.855990146,-4.675712969,21.56636904,44.81948816,0.180132848,0.381018803,0.18752048,0.196130349,0.467441914,0.321524777,0.172149054,12.2876577,0.733326225,0.968807921,2.154801226,3.314946472,0.249141023,95.62951781,-4.287980307,2.448807557
CC1(C)C(/C=C/C2=C(Oc3ccc(C[C@H](NC(=O)c4ccc(NCc5cnc6nc(N)[nH]c(=O)c6n5)cc4)C(=O)O)cc3)C(=C/C=C3/N(CCCCS(=O)(=O)O)c4ccc(S(=O)(=O)O)cc4C3(C)C)/CCC2)=[N+](CCCCS(=O)(=O)O)c2ccc(S(=O)(=O)[O-])cc21,0.36801877,0.539481734,0.613425158,-5.805284513,58.7848228,63.0771124,0.249619506,0.237510013,0.178786138,0.109960362,0.561263001,0.245367168,0.837431926,117.8268204,0.714548739,0.857285888,3.431689381,1.019065568,0.846478353,83.66305432,-4.767541449,9.022754967
CC1(C)CCC(C)(C)c2cc(Cn3cccn3)c(/C=C/c3ccc(C(=O)O)cc3)cc21,0.503255473,0.709937927,0.811160582,-5.176543977,27.73892448,33.44899347,0.206119227,0.739571636,0.147063223,0.186415496,0.641532166,0.368913872,0.667516462,11.20067838,0.615063293,0.964873811,2.460325985,1.808789286,0.877622805,100.0,-4.826368708,3.38810637
CC(C)(CO)[C@@H](O)C(=O)NCCC(=O)NCCSSCCNC(=O)CCNC(=O)[C@H](O)C(C)(C)CO,0.210046213,0.749364699,0.812963614,-5.775167146,12.14209292,29.48667791,0.184693439,0.135864307,0.17021584,0.067338469,0.539094609,0.20804779,0.30825708,9.839106535,0.334038454,0.949315816,2.460550011,2.023456875,0.206375853,85.15127703,-2.068101681,1.389952964
CC(C)(CO)[C@@H](O)C(=O)NCCC(=O)O,0.140715419,0.879345273,0.86060145,-5.229621501,13.94990141,4.827709805,0.189704134,0.092898858,0.155293657,0.069700437,0.489296758,0.102574255,0.106261867,8.496467795,0.257589475,0.966978734,1.92448432,0.84349384,0.072201828,88.59431684,-0.284244099,0.783767068
Cc1cnc(C(=O)N[C@H]2CCCCC/C=C\[C@@H]3C[C@@]3(C(=O)NS(=O)(=O)C3CC3)NC(=O)[C@@H]3C[C@@H](Oc4nc5ccccc5c5ccccc45)CN3C2=O)cn1,0.525402106,0.717020147,0.752512342,-5.286618283,40.71773775,68.92592515,0.222741192,0.687332911,0.219403201,0.102836449,0.643636234,0.871016762,0.847747728,14.09140093,0.641214621,0.964522278,2.806107915,2.741136995,0.907972585,91.28419225,-4.245826267,4.137551748
C=C1C(=O)O[C@H]2[C@H]1CC/C(C)=C/CC[C@@]1(C)O[C@@H]21,0.367162738,0.919660918,0.814449001,-4.627530286,28.56694004,41.89818551,0.202724322,0.149275908,0.156646507,0.072457767,0.623506702,0.276806396,0.200945375,16.72030073,0.246801472,0.965193793,2.373069529,2.959905571,0.139455912,92.23694036,-3.049319397,2.516084726
NCCCC[C@@H]1NC(=O)[C@@H](Cc2c[nH]c3ccccc23)NC(=O)[C@H](c2ccccc2)NC(=O)[C@@H]2C[C@@H](OC(=O)NCCN)CN2C(=O)[C@H](Cc2ccccc2)NC(=O)[C@H](Cc2ccc(OCc3ccccc3)cc2)NC1=O,0.303342547,0.420373231,0.574749571,-6.12181656,42.81764648,58.40309637,0.259032775,0.716414661,0.233309771,0.126746636,0.607561685,0.836508827,0.836054221,25.81329579,0.746807432,0.900464692,2.847159358,1.989614245,0.884257171,91.29439878,-4.076227428,3.790377429
CCN(CC)c1ccc(C(=C2C=CC(=[N+](CC)CC)C=C2)c2cc(O)c(S(=O)(=O)O)cc2S(=O)(=O)O)cc1,0.383885608,0.495910729,0.806978991,-5.047546697,26.53467358,19.42156397,0.242170003,0.312940228,0.177497923,0.150585798,0.441232718,0.129404788,0.793096762,9.898946345,0.725924785,0.962005211,2.36500893,1.954168093,0.777547396,94.14755524,-3.037761376,3.821559218
Nc1nc(=O)c2c(CCc3ccc(C(=O)N[C@@H](CCC(=O)O)C(=O)O)cc3)c[nH]c2[nH]1,0.492155131,0.640406397,0.811901976,-5.699103901,23.62882706,15.84576203,0.216586897,0.336288915,0.16551922,0.131668574,0.426198026,0.200718321,0.866319191,13.87742595,0.313098028,0.956118537,2.846028513,0.680792387,0.777983585,93.4479582,-2.230563992,1.625082595
CCN1C(=O)N(c2c(F)c(OC)cc(OC)c2F)Cc2cnc3[nH]c(CN4CCOCC4)cc3c21,0.626676312,0.912536311,0.823421462,-4.88005989,33.39634694,41.6500867,0.205401078,0.68036634,0.222971161,0.134927847,0.595633929,0.659228715,0.850475424,11.5031072,0.831861649,0.964198209,2.774323684,3.051302105,0.895200521,96.21642909,-3.419274822,5.042492414
Cc1cccn2c(=O)c(-c3nn[nH]n3)cnc12,0.557678389,0.90409173,0.833078308,-4.882371864,31.99843905,20.88696346,0.241627436,0.256402945,0.158598314,0.091666007,0.582612444,0.679946157,0.868572676,5.890240668,0.282590609,0.965193645,2.340047433,2.310230033,0.625426603,93.18715396,-1.916015573,2.907960809
FC(F)CC(F)(F)F,0.155493106,0.948461799,0.856989915,-4.548783557,18.83348363,23.92444624,0.172748981,0.12793106,0.19545043,0.075262588,0.454726074,0.093609688,0.169472565,11.67105675,0.257358257,0.966091055,2.191428559,2.72144686,0.068879241,90.51818611,-2.193088147,3.327048931
CSCC[C@H](NC(=O)[C@H](Cc1c[nH]c2ccccc12)NC(=O)CCNC(=O)OC(C)(C)C)C(=O)N[C@@H](CC(=O)O)C(=O)N[C@@H](Cc1ccccc1)C(N)=O,0.439865879,0.514330565,0.739191358,-5.923105015,31.83511076,35.26094319,0.247641695,0.568314361,0.202531951,0.121131035,0.507797462,0.51548595,0.840428267,19.88644308,0.786153924,0.950832515,2.608954355,0.913037608,0.471740666,93.20285419,-3.499419841,2.723181185
C[C@@H](O)[C@@H]1NC(=O)[C@H](CCCCN)NC(=O)[C@@H](Cc2c[nH]c3ccccc23)NC(=O)[C@H](Cc2ccccc2)NC(=O)[C@@H](NC(=O)[C@@H](Cc2ccccc2)NC(=O)CN(CCN(CCN(CC(=O)O)CC(=O)O)CC(=O)O)CC(=O)O)CSSC[C@@H](C(=O)N[C@H](CO)[C@@H](C)O)NC1=O,0.276706525,0.351315558,0.419566285,-6.576592535,52.14722066,52.98911644,0.24860322,0.179588213,0.207928183,0.085166711,0.488470417,0.335686779,0.788475938,28.2049198,0.78826097,0.168181822,3.059610673,-0.457343053,0.297628947,73.44005712,-2.293242054,2.498066752
O=S(=O)(O)O[C@@H]1[C@@H](OS(=O)(=O)O)[C@H](O[C@@H]2CO[C@@H](O)[C@H](OS(=O)(=O)O)[C@H]2OS(=O)(=O)O)OC[C@H]1O,0.347536545,0.437183407,0.596071019,-5.780128275,36.72597776,6.580235467,0.22952649,0.092557633,0.145522717,0.071411866,0.515538087,0.094477998,0.839941257,52.22123461,0.443114863,0.37499018,2.275064747,1.080976265,0.122082639,69.09748597,-1.20754281,1.747107711
OC[C@H]1O[C@@H](n2cnc3c2N=CNC[C@H]3O)C[C@@H]1O,0.452085934,0.766246961,0.809203075,-5.17434124,31.38829051,23.96491096,0.213768833,0.117291892,0.244807026,0.110571701,0.497084417,0.180108477,0.472989602,13.29558876,0.39143199,0.961449761,2.59011,2.057236571,0.206373713,86.97037697,-0.762106081,1.998630339
CCC(CC)[C@H](NC(C)=O)[C@@H]1[C@H](O)[C@@H](C(=O)O)C[C@H]1NC(=N)N,0.179164389,0.536834833,0.80993406,-5.621545161,30.30152457,8.00106007,0.199032563,0.08523167,0.179877854,0.087589521,0.573320755,0.144448666,0.173293129,11.29923138,0.203873746,0.964143146,2.299206562,0.868035762,0.128261508,86.53330256,-1.336604024,0.90602342
N#Cc1ccccc1-c1cc(-c2ccccn2)cn(-c2ccccc2)c1=O,0.508945725,0.918365059,0.843461799,-5.009271848,23.90562611,29.03632429,0.230232507,0.725374568,0.148943599,0.08726352,0.530244854,0.281089952,0.789786667,5.600278449,0.542072591,0.967064295,2.485749611,3.066636507,0.874214301,99.24690137,-4.474050955,3.24658913
O=BOO,0.313999078,0.928365275,0.838974914,-4.586034955,22.41955251,42.19775406,0.19203812,0.104322926,0.209112446,0.065693785,0.392660167,0.087133829,0.213252482,16.26307731,0.220971454,0.967487049,2.17679083,2.775318393,0.064829333,88.88483631,-1.686325018,1.029462008
FC(F)(F)C(F)(F)C(F)(F)C(F)(F)C(F)(F)C(F)(F)F,0.128323528,0.939670307,0.835980508,-4.754790995,10.61216982,13.2103077,0.191515224,0.299493142,0.181176629,0.081828153,0.545925795,0.121811666,0.173958509,0.0,0.251094548,0.914324904,2.145508797,2.792407424,0.115869225,91.71404103,-4.086070223,6.239453781
FC(F)(F)C(F)(F)C(F)(F)C(F)(F)F,0.101240573,0.944688069,0.838615333,-4.637206023,13.82541222,13.29989037,0.184964145,0.198059229,0.187337911,0.076388902,0.49218666,0.114236618,0.219054063,0.0,0.251094548,0.958006387,2.019840989,2.496169864,0.080602463,91.65384997,-3.248799139,5.180988981
FC(F)(F)c1ccc(CNc2ccc(Cc3c[nH]c4ncc(Cl)cc34)cn2)cn1,0.652983228,0.911486765,0.857014597,-5.073150649,27.88984343,41.83707798,0.204690423,0.563056254,0.31643495,0.602136284,0.562084826,0.735235402,0.854523616,15.76550784,0.330392492,0.968857563,2.824225738,3.274961247,0.904438161,99.13200225,-4.161736294,4.10571603
CN1CCC2=C(C1)C(c1ccccc1)c1ccccc12,0.401283855,0.931498162,0.819441624,-4.722614193,21.8529618,30.45962999,0.248235425,0.528687338,0.288248936,0.722930794,0.61877016,0.671541719,0.319252137,15.7031136,0.869914834,0.96799131,2.569355894,2.754625163,0.829579645,96.1496886,-3.881244066,7.553093498
CC(c1ccccc1)c1ccc(O)cc1O,0.103923515,0.913614219,0.852560047,-4.811519178,27.25687417,19.04269899,0.230007004,0.616511869,0.240093216,0.13208429,0.527976303,0.353688902,0.142600842,11.82756537,0.284135594,0.969667422,2.128455806,2.76617175,0.267242238,97.41498009,-3.118216584,2.015189903
O=C([O-])c1c(Cl)c(Cl)c(Cl)c(Cl)c1-c1c2cc(Br)c(=O)c(Br)c-2oc2c(Br)c([O-])c(Br)cc12.[Na+].[Na+],0.528715056,0.50663624,0.770083816,-5.116254233,23.73413706,29.87733658,0.219160214,0.448499976,0.163392971,0.097638991,0.504310854,0.196933775,0.854893437,12.89777326,0.324949694,0.952298102,2.823077087,1.387432526,0.871882484,88.27730411,-3.78304024,1.690237647
CN1CC[C@]23c4c5ccc(OCCN6CCOCC6)c4O[C@H]2[C@@H](O)C=C[C@H]3[C@H]1C5,0.255886776,0.912790775,0.750118429,-5.055008976,35.32580931,35.40582701,0.174837286,0.158020804,0.706817927,0.64931436,0.710033797,0.248296697,0.15400687,8.621808947,0.657981949,0.969143641,2.869759942,2.255473933,0.738701635,87.98912839,-2.53825234,3.697722662
O=P(O)(O)O,0.139191833,0.946610266,0.859013432,-4.76051561,22.6715138,33.49387174,0.187581287,0.075013865,0.171588686,0.063632702,0.375978958,0.087788588,0.175410482,13.47521579,0.198413317,0.945608776,2.51357463,2.218065877,0.060836812,92.72491559,0.152840285,1.336716493
COC(=O)N[C@H](C(=O)N1CCC[C@H]1c1nc2cc([C@H]3CC[C@H](c4cc5nc([C@@H]6CCCN6C(=O)[C@@H](NC(=O)OC)[C@@H](C)OC)[nH]c5cc4F)N3c3cc(F)c(N4CCC(c5ccc(F)cc5)CC4)c(F)c3)c(F)cc2[nH]1)[C@@H](C)OC,0.350802542,0.593703101,0.726647667,-5.389246618,45.54440396,59.16865801,0.239067391,0.791804391,0.188075311,0.162206946,0.622935483,0.794619562,0.830931536,25.84975416,0.794848706,0.924001654,3.14174659,3.360009102,0.916321844,88.46641605,-5.715436642,9.697667036
O=S(=O)(O)Oc1ccc(C(c2ccc(OS(=O)(=O)O)cc2)c2ccccn2)cc1,0.20957778,0.682486173,0.839036842,-5.089067655,26.27629043,6.34357085,0.221628654,0.230453182,0.148877817,0.072538332,0.544662203,0.136480115,0.821601307,28.47862235,0.44577529,0.961763411,2.370722449,2.434344201,0.320415215,98.8734203,-3.078933997,2.897045332
O=C1CC[C@@H](C(=O)O)N1,0.188038749,0.804356584,0.87200382,-4.799643522,16.04315613,6.175457543,0.184452084,0.08948637,0.152828622,0.057449177,0.412293014,0.091486723,0.176765813,8.939306709,0.228233155,0.96794435,2.095379211,1.112106895,0.072389302,93.6898819,-0.153951606,0.803187355
O=C(O)CC[C@H](NC(=O)N[C@@H](CCCCNC(=O)c1ccc([18F])nc1)C(=O)O)C(=O)O,0.216117356,0.704772946,0.821747523,-5.751831159,17.26566321,5.226448808,0.223800227,0.156333571,0.166385162,0.086508846,0.409987881,0.150449925,0.774006655,11.55259737,0.314491777,0.950789477,2.264642184,0.794128966,0.21947853,91.02786996,-1.626990174,0.748808453
CC(C)COc1ccc(CNC(=O)N(Cc2ccc(F)cc2)C2CCN(C)CC2)cc1,0.207488432,0.932381568,0.86756499,-4.894360892,20.82369328,27.24924657,0.186613207,0.588253879,0.498775406,0.501968827,0.54199736,0.537208851,0.219586423,11.49121025,0.854944103,0.969136491,2.446920678,3.108387823,0.905697011,95.59321649,-3.993132488,1.850428416
CC[C@@H]1/C=C(\C)C[C@H](C)C[C@H](OC)[C@H]2O[C@@](O)(C(=O)C(=O)N3CCCC[C@H]3C(=O)O[C@H](/C(C)=C/[C@@H]3CC[C@H](Cl)[C@H](OC)C3)[C@H](C)[C@@H](O)CC1=O)[C@H](C)C[C@@H]2OC,0.342134886,0.77245598,0.731934743,-5.143514776,34.85190885,60.23479382,0.199492718,0.159231707,0.154009485,0.077241867,0.684677537,0.655247012,0.580449043,174.5210144,0.666976463,0.962080501,2.945793247,2.471984654,0.768312924,91.30768086,-4.849759331,6.628589666
CC(N/C(=N/c1ccncc1)NC#N)C(C)(C)C,0.274760173,0.922123919,0.834005366,-4.806121867,21.19344909,15.93144657,0.193008318,0.35127463,0.259725645,0.49185503,0.505012916,0.770321485,0.338363916,12.13771431,0.215550487,0.968550472,2.601987002,2.861515873,0.161710642,94.72957131,-2.393532948,1.919567913
COc1cc(Br)c(C[N+]2(CCOCCC3CCC4CC3C4(C)C)CCOCC2)cc1OC,0.22453269,0.830329098,0.76842923,-4.932278313,35.82894506,41.52402359,0.205736518,0.139634024,0.210067316,0.549202972,0.578913036,0.336293303,0.215632405,11.8598298,0.844760794,0.574212746,2.779047343,2.871862114,0.795688327,94.42026165,-4.941582657,11.61201028
CC(=O)O[C@H]1C[C@@H]2CC[C@@H]3[C@H](CC[C@@]4(C)[C@H]3C[C@H](N3CC[N+](C)(C)CC3)[C@@H]4OC(C)=O)[C@@]2(C)C[C@@H]1N1CC[N+](C)(C)CC1,0.122566774,0.839105378,0.609091492,-5.028344672,43.96630179,42.63590757,0.176857603,0.093500992,0.187279858,0.14911802,0.672402202,0.372448095,0.21941467,16.78797522,0.541927575,0.511898643,2.673780491,2.239423552,0.623515222,86.81720543,-4.129545382,5.765232325
Clc1ccc2c(N3CCN(CCCN4CCN(c5ccnc6cc(Cl)ccc56)CC4)CC3)ccnc2c1,0.649181375,0.93733734,0.826241134,-5.059558619,22.6237491,19.38500726,0.191942545,0.138539754,0.503219389,0.801481703,0.525075594,0.466090614,0.724549396,18.76446563,0.850822118,0.969098085,2.681679327,3.157919457,0.922047367,97.07784308,-4.620739481,7.596793507
Clc1ccc(CCCOCCCN2CCCCC2)cc1,0.118750672,0.946608564,0.849811881,-4.746377734,36.98669456,12.6842288,0.188725431,0.162842596,0.204891534,0.695385827,0.558014916,0.170865762,0.118924356,10.36065648,0.845089338,0.969700266,2.360054122,3.133169876,0.705378849,93.71417193,-3.698430953,6.04521682
NCCNc1ccc(NCCN)c2c1C(=O)c1ccncc1C2=O,0.800070269,0.827778988,0.838205166,-5.097258272,26.22047815,13.46518341,0.165345293,0.249258929,0.390582126,0.231037091,0.372219564,0.799679214,0.722955299,44.87752796,0.737065781,0.960724221,2.702314297,2.203701846,0.836299262,91.86215159,-2.254996215,9.099663587
CN[C@@H]1[C@@H](O)[C@@H](O[C@@H]2[C@@H](O)[C@H](O[C@H]3OC(CNCCO)=CC[C@H]3N)[C@@H](N)C[C@H]2NC(=O)[C@@H](O)CCN)OC[C@]1(C)O,0.447262325,0.185937807,0.607086013,-6.524054607,32.595155,29.74360617,0.189355395,0.097282032,0.178926087,0.083475139,0.528521835,0.139126492,0.493993894,22.22949078,0.805503733,0.821397506,2.531035124,0.846961283,0.177142493,74.0133031,-1.175731659,1.188709756
CC(C)C[C@H](NC(=O)[C@@H]1CSSC[C@@H]2NC(=O)[C@H](CC(C)C)NC(=O)[C@H](CCC(=O)O)NC(=O)[C@@H](NC(=O)[C@H](CCC(=O)O)NC(=O)[C@H](CC(=O)O)NC(=O)[C@@H](N)CC(N)=O)CSSC[C@H](NC(=O)[C@H](C)NC(=O)[C@H](C(C)C)NC(=O)[C@H](CC(N)=O)NC(=O)[C@H](C(C)C)NC2=O)C(=O)N[C@@H]([C@@H](C)O)C(=O)NCC(=O)N1)C(=O)O,0.181488602,0.145094683,0.504332874,-6.39489341,50.57480029,26.50499418,0.237209675,0.102344807,0.175947922,0.082447074,0.610348734,0.120664075,0.540567616,28.43002664,0.341420918,0.158789431,2.923455664,0.615288922,0.183033487,65.65526487,-2.432236155,3.257089717
c1cc(CN2CCCNCCNCCCNCC2)ccc1CN1CCCNCCNCCCNCC1,0.167350305,0.94154885,0.847844253,-5.438378351,22.97110472,20.06918049,0.19286237,0.136089505,0.240947308,0.484509313,0.555775876,0.275686794,0.147137965,16.94405179,0.582475045,0.961955316,2.553179074,1.920385421,0.504067886,90.82483447,-2.148122328,8.395020172
CO[C@H](C(=O)[C@@H](O)[C@@H](C)O)[C@@H]1Cc2cc3cc(O[C@H]4C[C@@H](O[C@H]5C[C@@H](O)[C@H](O)[C@@H](C)O5)[C@H](O)[C@@H](C)O4)c(C)c(O)c3c(O)c2C(=O)[C@H]1O[C@H]1C[C@@H](O[C@H]2C[C@@H](O[C@H]3C[C@](C)(O)[C@H](O)[C@@H](C)O3)[C@@H](O)[C@@H](C)O2)[C@H](O)[C@@H](C)O1,0.434747325,0.154295928,0.648274669,-6.063971831,41.85062527,42.20088848,0.207247702,0.135730641,0.159023521,0.098670815,0.614424301,0.422766203,0.732274313,14.91489186,0.498824258,0.721845766,3.030558565,1.987326387,0.236369769,81.32233081,-3.048568015,9.926621374
COc1cc([C@@H]2c3cc4c(cc3[C@H](O)[C@H]3COC(=O)[C@H]23)OCO4)cc(OC)c1OC,0.500819054,0.890348016,0.826041601,-4.915924699,27.58297651,40.08434727,0.189689,0.408084714,0.163398863,0.203114142,0.672831081,0.786464894,0.597265317,0.0,0.683406771,0.961823778,2.473972166,2.846627126,0.679456407,93.88432492,-3.35334708,3.470398106
COc1cc(C2c3cc4c(cc3C(O)C(CO)C2C(=O)O)OCO4)cc(OC)c1OC.COc1cc(C2c3cc4c(cc3C(O)C(CO)C2C(=O)O)OCO4)cc(OC)c1OC.COc1cc(C2c3cc4c(cc3C(O)C3COC(=O)C23)OCO4)cc(OC)c1OC.COc1cc(C2c3cc4c(cc3C(O)C3COC(=O)C23)OCO4)cc(OC)c1OC,0.331763102,0.375499292,0.685517801,-5.93983466,58.917498,47.7210089,0.193775115,0.180516333,0.157805646,0.112660061,0.586312565,0.211543969,0.732069072,230.6711513,0.606721087,0.413477471,3.037134146,2.005057157,0.79817701,79.71357381,-5.821526686,3.932991348
CCCCCCCCCCCCOCCOCCOCCOCCOCCOCCOCCOCCOCCO,0.078004227,0.912676176,0.855989195,-5.034708552,37.14884661,24.73031077,0.179047493,0.176554853,0.164449289,0.115000315,0.524033788,0.225435152,0.175042657,10.25632046,0.409122105,0.909470008,2.189802638,2.444055852,0.407065406,90.24000951,-3.761385098,5.802898208
OC[C@H]1O[C@@H](Oc2cc(O)cc(/C=C/c3ccc(O)cc3)c2)[C@H](O)[C@@H](O)[C@@H]1O,0.452081395,0.651022084,0.802259754,-5.514640701,27.76804862,9.552631106,0.221396607,0.141998029,0.170625812,0.129994951,0.468641177,0.202756518,0.397319991,18.87475049,0.468939578,0.959241829,2.409683449,2.46275665,0.74946196,92.28134755,-2.524552469,3.499733749
CCC(C)CCCCC(=O)N[C@@H](CCN)C(=O)N[C@H](C(=O)N[C@@H](CCN)C(=O)N[C@H]1CCNC(=O)[C@H]([C@@H](C)O)NC(=O)[C@H](CCN)NC(=O)[C@H](CCN)NC(=O)[C@H](CC(C)C)NC(=O)[C@@H](Cc2ccccc2)NC(=O)[C@@H](CCN)NC1=O)[C@@H](C)O,0.126394409,0.21014422,0.480874941,-6.337563354,34.53898132,46.06273717,0.230568525,0.118102142,0.18973433,0.075181863,0.544806508,0.266643204,0.280602276,13.19108401,0.434248991,0.245126501,2.730915912,0.608794998,0.246292399,69.34551287,-2.285602473,3.154888364
Nc1cccc2c1C(=O)N(C1CCC(=O)NC1=O)C2=O,0.567017346,0.928879185,0.874335186,-4.852650667,16.95580467,16.55759356,0.176363278,0.158420976,0.256556547,0.078772966,0.503851093,0.243750696,0.799726699,14.26339797,0.402740479,0.964518755,2.344236975,2.456896392,0.2308587,93.67699479,-2.199894736,2.664928674
CCC/N=C1\S/C(=C\c2ccc(OC[C@H](O)CO)c(Cl)c2)C(=O)N1c1ccccc1C,0.345004342,0.885184033,0.84577874,-5.04356102,38.81475809,37.29064349,0.239625761,0.822729289,0.171899341,0.153443409,0.628796002,0.638211458,0.771145123,11.86476782,0.69302315,0.965157887,2.464904372,3.09908483,0.901364187,98.95388837,-3.852153016,2.532186517
CC[C@@H]([C@H](C)O)n1ncn(-c2ccc(N3CCN(c4ccc(OC[C@@H]5CO[C@@](Cn6cncn6)(c6ccc(F)cc6F)C5)cc4)CC3)cc2)c1=O,0.414615889,0.756738992,0.796838261,-5.226680677,42.858675,46.67304464,0.199457548,0.801808006,0.161343821,0.103039274,0.672074826,0.846208745,0.783045286,26.06194575,0.798062167,0.966146422,2.961607529,3.274495306,0.917097493,94.16556247,-4.356683496,5.695640841
[KH],0.203383501,0.940531051,0.841585814,-4.508722009,21.31801187,38.09247773,0.203358355,0.090913964,0.170478672,0.077241505,0.395758505,0.087149511,0.296729424,17.84513491,0.205896723,0.967042804,2.321967835,2.614110797,0.071949421,87.94082302,-2.723150921,2.625164415
CC(=O)[O-].[K+],0.161956966,0.934772121,0.853673614,-4.686130132,21.235598,30.27759089,0.197028246,0.078051798,0.208320098,0.05969894,0.399725316,0.084676635,0.198699813,14.59082632,0.200514137,0.96364319,2.062936122,1.240296351,0.069050349,77.74815003,-0.020212029,0.765276257
O=S(=O)([O-])[O-].O=S(=O)([O-])[O-].[Al+3].[K+],0.250813181,0.925714594,0.850836815,-4.894768451,21.49197041,16.35140889,0.221038642,0.095159248,0.162316515,0.065812502,0.442795731,0.085670504,0.641184144,21.2192379,0.203820432,0.956824544,2.170652188,1.530322243,0.071812424,73.64903895,-1.514964051,0.981855701
N[C@@H](CC(=O)[O-])C(=O)[O-].N[C@@H](CC(=O)[O-])C(=O)[O-].O.[H+].[H+].[K+].[K+],0.2132322,0.818884053,0.825669993,-5.346487586,18.50437171,-1.504012838,0.213462272,0.088514597,0.206534256,0.064223254,0.404022582,0.088785429,0.212776887,16.67089374,0.205134692,0.941052277,2.116739016,0.600526433,0.084022456,69.42610736,-0.851635743,0.385534033
O=C([O-])[O-].[K+].[K+],0.1724198,0.934550895,0.843239649,-4.682331194,20.66866418,5.384347742,0.189186631,0.07703457,0.185207817,0.059319172,0.370471262,0.084294317,0.17356202,17.54982893,0.195616017,0.949148655,1.99359805,1.151238106,0.070378204,70.29290706,-0.538865696,0.568849876
[K+],0.178055414,0.93622786,0.84737416,-4.479713906,21.31801187,32.75735679,0.193053007,0.088448342,0.171749824,0.078418683,0.395758505,0.088190965,0.148915893,19.60390735,0.209804209,0.956203409,2.144523721,1.922395532,0.07355607,82.42841115,-0.991835773,2.487074242
O=C([O-])[C@H](O)[C@@H](O)[C@H](O)[C@H](O)CO.[K+],0.152175709,0.841539424,0.818625865,-5.662289569,16.27569462,5.03031015,0.191759267,0.084745145,0.154198221,0.059637123,0.435935852,0.079792656,0.136715441,18.1248113,0.217261879,0.955715216,1.660342119,0.775313779,0.072472987,66.95348635,-0.117093937,0.44642419
[K+].[OH-],0.152761953,0.927225095,0.84440649,-4.550717994,21.24392725,39.19785474,0.191449585,0.085554151,0.175297942,0.082924053,0.412424749,0.087800459,0.144346903,17.09743149,0.214755995,0.955244676,2.099795216,1.925076852,0.07609196,81.84711161,-0.085359196,2.568518713
CC(O)C(=O)[O-].[K+],0.163077053,0.920126397,0.850358806,-4.73636215,20.61659714,24.09485358,0.19966785,0.075646989,0.181347529,0.060125854,0.414719234,0.081951071,0.196549917,13.65389198,0.212572891,0.965202028,1.796470782,0.997924945,0.069303485,77.03735746,-0.196026527,0.694835636
O=[N+]([O-])[O-].[K+],0.496970294,0.935035134,0.84830654,-4.702892832,25.4324847,28.3629,0.190440707,0.089340428,0.187929037,0.065602523,0.382961979,0.086328467,0.197558717,17.28256186,0.197706325,0.964453992,2.142427319,2.025768048,0.074034377,83.31333216,-0.155369856,0.818158619
[K+].[O-][Cl+3]([O-])([O-])[O-],0.181809706,0.928758481,0.850837455,-4.753494401,18.26818225,7.968270046,0.193753672,0.082714018,0.209217749,0.070747839,0.433831867,0.084217533,0.265866861,16.32595479,0.210848211,0.960551509,2.066926141,1.276213808,0.073748083,70.17623682,-0.559933583,0.958473078
O=S(=O)([O-])[O-].[K+].[K+],0.229268175,0.937016539,0.856599373,-4.659553391,21.01456613,18.71815114,0.200407726,0.084786458,0.183898179,0.063317744,0.384878771,0.083080078,0.360120278,18.6949896,0.203820432,0.95580679,2.083796738,1.179667475,0.071716729,69.10780056,-0.699410861,0.793522591
C#CCC(Cc1cnc2nc(N)nc(N)c2n1)c1ccc(C(=O)N[C@@H](CCC(=O)O)C(=O)O)cc1,0.558046491,0.601123727,0.815743727,-5.580641677,30.14136867,9.704503969,0.241884162,0.292188759,0.162983865,0.127720729,0.511852184,0.212027437,0.885625506,8.191120645,0.299764852,0.956169498,2.65319713,1.014225555,0.687286631,91.00868032,-2.544111295,2.862064677
CO[C@]1(C(=O)N[C@@H](C)c2ccc(-n3cc(F)cn3)nc2)CC[C@H](c2nc(C)cc(Nc3cc(C)[nH]n3)n2)CC1,0.415793386,0.747029441,0.788015911,-5.314715861,28.19003258,52.75239894,0.227894896,0.728572819,0.203837825,0.116033973,0.600664413,0.854647046,0.832589875,15.18565241,0.699703416,0.963887575,3.332891623,2.827988404,0.89551196,93.20260639,-3.55132601,5.090656106
CC[C@H](C)[C@H](NC(=O)[C@@H]1CCCN1C(=O)CNC(=O)[C@H](Cc1ccccc1)NC(=O)[C@H](CC(N)=O)NC(=O)[C@H](CC(N)=O)NC(=O)[C@H](CO)NC(=O)[C@H](CO)NC(=O)[C@H](Cc1cnc[nH]1)NC(=O)[C@@H](NC(=O)[C@H](CC(C)C)NC(=O)[C@H](Cc1ccccc1)NC(=O)[C@H](CC(N)=O)NC(=O)[C@H](C)NC(=O)[C@H](CC(C)C)NC(=O)[C@H](CCCNC(=N)N)NC(=O)[C@H](CCC(N)=O)NC(=O)[C@@H](NC(=O)[C@H](C)NC(=O)[C@@H]1CSSC[C@H](NC(=O)[C@@H](N)CCCCN)C(=O)N[C@@H](CC(N)=O)C(=O)N[C@@H]([C@@H](C)O)C(=O)N[C@@H](C)C(=O)N[C@@H]([C@@H](C)O)C(=O)N1)[C@@H](C)O)C(C)C)C(=O)N[C@@H](CC(C)C)C(=O)N1CCC[C@H]1C(=O)N1CCC[C@H]1C(=O)N[C@H](C(=O)N[C@@H](CC(N)=O)C(=O)N[C@H](C(=O)NCC(=O)N[C@@H](CO)C(=O)N[C@@H](CC(N)=O)C(=O)N[C@H](C(=O)N[C@@H](Cc1ccc(O)cc1)C(N)=O)[C@@H](C)O)C(C)C)[C@@H](C)O,0.177620113,0.215507035,0.384512292,-6.396561748,67.32149651,55.81259795,0.251506624,0.152464849,0.261406938,0.104615854,0.576187215,0.22487131,0.697251401,68.21286588,0.643953556,0.141856571,3.207081769,-0.014279195,0.331065978,63.75428553,-2.65360177,6.398498662
CCCCCCC(=O)O[C@H]1CC[C@@]2(C)C(=CC[C@@H]3[C@@H]2CC[C@]2(C)C(=O)CC[C@@H]32)C1,0.091117389,0.869015009,0.760880073,-4.874791577,24.09513095,32.8917639,0.17870982,0.173122228,0.169894296,0.082304603,0.666456994,0.360777478,0.555077841,13.05930481,0.466468765,0.969433632,2.432058219,3.107133509,0.723690515,95.4642956,-5.163043283,3.623344652
C[C@]12C=CC(=O)C=C1CC[C@@H]1[C@@H]2[C@@H](O)C[C@@]2(C)[C@H]1CC[C@]2(O)C(=O)COP(=O)(O)O,0.134935068,0.865220141,0.80803676,-5.148993092,30.0969804,32.47016955,0.177914175,0.129936036,0.141412307,0.066495624,0.69887651,0.392176244,0.224901132,13.57081944,0.58744954,0.956548898,3.446978971,2.519457672,0.648934529,92.54714557,-2.77113644,2.85983381
CC(=O)OCC(=O)[C@@]1(O)CC[C@H]2[C@@H]3CCC4=CC(=O)C=C[C@]4(C)[C@H]3C(=O)C[C@@]21C,0.112223142,0.89417194,0.825231622,-4.908639919,37.77180122,38.99545933,0.171461266,0.169216934,0.138028738,0.061005939,0.719107239,0.247213857,0.401276376,14.91327648,0.586675392,0.969155086,2.732918707,2.852709576,0.744761054,92.33312915,-3.118987982,10.32659392
O=[N+]([O-])c1cn2c(n1)OC[C@@H](OCc1ccc(OC(F)(F)F)cc1)C2,0.797513367,0.861455944,0.832431881,-4.878946259,39.52720454,43.11865227,0.210980232,0.61236944,0.153084738,0.115046163,0.509376876,0.344097773,0.678879981,20.93748882,0.699352274,0.966429185,2.514859589,3.157604583,0.813973807,94.97297345,-3.199949158,2.76515415
CC1(C)S[C@@H]2[C@H](NC(=O)Cc3ccccc3)C(=O)N2[C@H]1C(=O)O.CCN(CC)CCOC(=O)c1ccc(N)cc1,0.193719599,0.281492806,0.805820301,-5.49243331,34.2962996,54.24690689,0.191756313,0.301510647,0.174768572,0.158170967,0.543282982,0.46894528,0.614673121,12.31421116,0.756242415,0.92900819,2.51398676,1.46932973,0.784277407,92.9141586,-3.888140479,1.968696677
CCN(CC)CCOC(=O)c1ccc(N)cc1.O.[CH2]C(CN=C(O)c1ccccc1OCC(=O)[O-])OCCOC.[Hg+],0.34880704,0.637912206,0.811278828,-5.376146284,44.01028412,49.36835202,0.205512984,0.212488535,0.303812777,0.17135632,0.460411577,0.202489021,0.436698864,15.37833632,0.835273637,0.962575232,2.245257146,1.409406983,0.835041105,87.3697784,-2.596161975,1.337694035
CC[C@@H](NC(C)C)[C@@H](O)c1ccc(O)c2[nH]c(=O)ccc12,0.461338582,0.800240883,0.825455216,-5.168198755,25.95871587,12.96043747,0.194155889,0.323897001,0.184546977,0.248094289,0.488377868,0.362581916,0.373635138,13.09184415,0.598881315,0.967963303,2.45986292,2.19153734,0.597058518,96.66219002,-2.825657906,2.824591291
NC(=O)[C@@H]1CCCN1C(=O)[C@H](Cc1cnc[nH]1)NC(=O)[C@@H]1CCC(=O)N1,0.232716895,0.796400854,0.84969765,-5.599956435,26.9200434,36.67219849,0.193997218,0.197490327,0.177877822,0.079237047,0.486385468,0.641520366,0.782037825,14.00795747,0.319145601,0.967074636,2.467541443,2.099978803,0.221789787,88.71584766,-1.773205459,1.947120976
CC(Cc1ccc2c(c1)OCO2)NCC(O)c1ccc(O)c(O)c1,0.347067484,0.808069643,0.831889299,-5.103849473,28.07512486,25.3721499,0.198577582,0.325760789,0.349260949,0.828976602,0.489142577,0.792268862,0.252876246,5.280509629,0.6257219,0.967390524,2.61845626,2.691877176,0.732945396,96.81539967,-2.935363904,2.223818336
COCCCN1CCC(NC(=O)c2cc(Cl)c(N)c3c2OCC3)CC1,0.40022244,0.918395303,0.857857891,-5.008833996,26.36158325,24.77317214,0.189077979,0.198984947,0.361619058,0.48499521,0.62920767,0.489132366,0.528664243,10.36769908,0.848446876,0.966459592,2.583303616,2.606478881,0.310740076,94.65299989,-3.207411843,2.778024909
N#[C][Fe-4]([C]#N)([C]#N)([C]#N)([C]#N)[C]#N.N#[C][Fe-4]([C]#N)([C]#N)([C]#N)([C]#N)[C]#N.N#[C][Fe-4]([C]#N)([C]#N)([C]#N)([C]#N)[C]#N.[Fe+3].[Fe+3].[Fe+3].[Fe+3],0.156303362,0.83518845,0.750278228,-5.417591282,20.93468845,28.07122665,0.203269335,0.147521225,0.167596652,0.073075054,0.474755931,0.125741188,0.620400427,49.8821934,0.217550154,0.88423333,2.543990528,2.268858522,0.192013552,84.88807181,-4.418438935,1.374496037
CN1CCCN=C1/C=C/c1cccs1,0.324983249,0.907746893,0.829329975,-4.594506168,27.35349396,18.5020988,0.211323044,0.184138341,0.269597216,0.783777821,0.533047113,0.256021202,0.310891393,10.09459899,0.524932318,0.965811432,2.486974509,2.520956625,0.175104082,93.76938577,-2.616134234,3.435582613
[O-][n+]1ccccc1S,0.171295349,0.935100723,0.840906925,-4.633153273,35.20200912,33.76852166,0.201920864,0.163454815,0.195943516,0.090917896,0.409754458,0.135434801,0.210926706,8.598271559,0.245353068,0.963302915,2.358330713,2.671897842,0.087040343,94.32616935,-1.092503959,1.67909084
ClC=CC[N+]12CN3CN(CN(C3)C1)C2.[Cl-],0.769383131,0.89781993,0.806843522,-4.86137567,28.99632527,28.48174669,0.230950484,0.095753438,0.21371732,0.123478205,0.479108571,0.106942235,0.220630833,9.233497659,0.740804334,0.574367776,2.436709299,1.042045232,0.111570695,78.91738606,-0.537984485,4.572554077
CCCN1C[C@@H](NS(=O)(=O)N(CC)CC)C[C@@H]2Cc3c(O)cccc3C[C@H]21,0.336798666,0.934433741,0.816762559,-5.097506728,25.01644791,34.96329073,0.232620417,0.343279363,0.226324754,0.504251896,0.605431632,0.466815708,0.230519528,13.34246422,0.790116896,0.968275236,2.698426511,2.555076387,0.759992025,92.98589872,-2.843340133,1.931756141
C#C[C@]1(O)CC[C@H]2[C@@H]3CCc4cc(OC5CCCC5)ccc4[C@H]3CC[C@@]21C,0.119473598,0.63404148,0.795004727,-4.829317317,35.93914981,32.58166863,0.263816135,0.318712649,0.157782545,0.205143191,0.721852016,0.345134733,0.28111431,17.96548649,0.490848949,0.969137373,2.550057284,3.189761295,0.844067881,94.9848857,-4.953467695,5.257141165
C=CC1CN2CCC1CC2C(O)c1ccnc2ccc(OC)cc12.CCC1(c2ccccc2)C(=O)NC(=O)NC1=O,0.288471866,0.90542547,0.834399386,-5.423243707,19.63383604,38.31029457,0.194071817,0.284479897,0.165701301,0.421116802,0.519030761,0.317380579,0.63106519,38.56174271,0.849586653,0.968562357,2.923050602,2.825293187,0.938958587,92.47435708,-3.679819995,3.568240776
C=C[C@H]1C[N@@]2CC[C@H]1C[C@H]2[C@H](O)c1ccnc2ccc(OC)cc12,0.405647137,0.92610688,0.86560695,-4.875009069,21.34851517,31.83831184,0.185179367,0.124256661,0.19687802,0.832765204,0.501969645,0.207360118,0.191685613,15.05611052,0.878387632,0.969712981,2.476073779,2.552355667,0.917007512,91.22734225,-3.133101611,3.146141147
[223Ra+2].[Cl-].[Cl-],0.234363551,0.927967367,0.831980959,-4.554341311,22.49173728,38.59322082,0.196018165,0.086370749,0.153628567,0.081932039,0.409220971,0.086928236,0.165168402,18.50175167,0.226241315,0.952681557,2.12699503,1.47689446,0.076342944,69.36683119,-2.08155804,3.206226489
Cc1nnc(C(=O)NC(C)(C)c2nc(C(=O)NCc3ccc(F)cc3)c(O)c(=O)n2C)o1,0.460111385,0.769469196,0.81975687,-5.217311012,32.61197311,45.4419136,0.211456628,0.639450922,0.158103123,0.097049208,0.535014873,0.367895215,0.8448834,11.67129214,0.473281128,0.963903822,2.69255532,2.399372193,0.83861019,92.18980711,-2.861510677,3.107691602
Cc1nc(=O)c2cc(CN(C)c3ccc(C(=O)N[C@@H](CCC(=O)O)C(=O)O)s3)ccc2[nH]1,0.552333897,0.709143379,0.817929772,-5.603157936,26.4975801,33.57391377,0.233049238,0.608094996,0.152255698,0.150045139,0.511533337,0.202157651,0.867874806,5.764962284,0.695956953,0.961779472,2.683526742,1.023537815,0.790168361,93.05595545,-2.785663831,1.964522661
C=CC[N+]1([C@H]2C[C@H]3[C@@H]4CC[C@H]5C[C@H](OC(C)=O)[C@@H](N6CCCCC6)C[C@]5(C)[C@H]4CC[C@]3(C)[C@H]2OC(=O)CC)CCCCC1,0.134070949,0.859480262,0.46977928,-5.075739999,51.11503117,47.72880078,0.192327475,0.102299758,0.177087381,0.172273376,0.670359179,0.354333393,0.221960111,13.80358778,0.676358883,0.658449187,2.743619629,2.228604564,0.8146053,88.38289663,-5.475981133,3.993035241
O=C(NC(Cc1cc(=O)[nH]c2ccccc12)C(=O)O)c1ccc(Cl)cc1,0.36782525,0.746266987,0.848972057,-5.238262508,22.08270711,8.784032029,0.241046068,0.552173113,0.161838357,0.102501707,0.610990132,0.217893277,0.871450601,10.4555126,0.460258334,0.967368094,2.482409448,1.124971233,0.778289119,97.5243014,-3.1055372,1.984066219
CNC(=O)c1cnn(-c2nc(N)c3ncn([C@@H]4O[C@H](CO)[C@@H](O)[C@H]4O)c3n2)c1,0.742312239,0.719934178,0.765221643,-5.468952918,33.02962788,25.20234195,0.225342589,0.165078669,0.168223762,0.060923134,0.616690069,0.193424318,0.875801729,47.00230842,0.268525338,0.954105842,2.795926292,2.179200205,0.250717349,87.16715849,-1.816876951,3.641641605
CNC(=O)c1cc(Oc2ccc(NC(=O)Nc3ccc(Cl)c(C(F)(F)F)c3)c(F)c2)ccn1,0.284889982,0.896297194,0.843996894,-5.056233784,31.97020487,21.15923007,0.197314264,0.788688892,0.172349183,0.119693894,0.613533359,0.492832741,0.87592584,9.980862463,0.314390479,0.96737155,2.677662606,3.3888865,0.874730941,98.76570179,-4.420586964,5.948309801
O=C(NC1CCNCC1)[C@@H]1CC[C@@H]2CN1C(=O)N2OS(=O)(=O)O,0.337491906,0.684690896,0.825159267,-5.189043094,30.39033868,12.61758811,0.22699956,0.104238257,0.260663026,0.092019675,0.541493454,0.133998119,0.601725299,18.20936707,0.549890376,0.95848397,2.581338845,1.511663602,0.140662207,82.79413197,-1.273637116,1.674838321
CONC(=O)Nc1ccc(-c2sc3c(c2CN(C)C)c(=O)n(-c2ccc(OC)nn2)c(=O)n3Cc2c(F)cccc2F)cc1,0.695081787,0.753357348,0.759900098,-5.115547533,37.75230903,33.31074587,0.231780284,0.663026886,0.202773307,0.105382674,0.643471282,0.554137001,0.855781703,163.31805,0.697838038,0.954110058,2.920404026,2.933038775,0.901065605,93.79698783,-4.370064056,4.093854854
CCC(CC)COC(=O)[C@H](C)N[P@](=O)(OC[C@H]1O[C@@](C#N)(c2ccc3c(N)ncnn23)[C@H](O)[C@@H]1O)Oc1ccccc1,0.456296708,0.68612667,0.748389303,-5.454890512,47.83250764,43.78457833,0.220488045,0.551675799,0.179184373,0.08174789,0.625378479,0.712750954,0.850174692,13.02024102,0.508306216,0.949225585,3.340866758,2.346708567,0.804158029,93.47092834,-3.20405004,3.065981837
COC(=O)CC[C@@H]1N=C(c2ccccn2)c2cc(Br)ccc2-n2c(C)cnc21,0.34491962,0.915404512,0.836608911,-4.950212299,42.89533555,37.7833109,0.234358481,0.715727669,0.150256441,0.133939203,0.674619021,0.632347354,0.761849035,13.7575568,0.715744301,0.967978304,2.767696692,3.020588626,0.908857359,95.51537156,-4.063664627,4.51324869
COC(=O)[C@H]1[C@H]2C[C@@H]3c4[nH]c5cc(OC)ccc5c4CCN3C[C@H]2C[C@@H](OC(=O)C=Cc2cc(OC)c(OC)c(OC)c2)[C@@H]1OC,0.496136095,0.831842211,0.788432261,-5.126448237,31.94033842,71.19449443,0.187007896,0.328328375,0.37454627,0.169107009,0.621210481,0.528276646,0.741753338,12.03865585,0.783157187,0.957725859,2.931392935,2.808097865,0.877338555,90.50080965,-4.378619546,4.454272255
CC(=O)Oc1cccc(O)c1,0.133116577,0.931546045,0.844447054,-4.608540126,21.80077903,35.39942891,0.227925276,0.195791217,0.249890966,0.084630598,0.459239114,0.138201389,0.193796286,8.365058848,0.238585503,0.969364119,2.242696501,2.792188809,0.07376164,95.51361967,-1.523963311,1.867264318
C=C[C@]1(C)C[C@@H](OC(=O)CS[C@@H]2C[C@H]3CC[C@@H](C2)N3C)[C@]2(C)[C@H](C)CC[C@]3(CCC(=O)[C@H]32)[C@@H](C)[C@@H]1O,0.127486784,0.88299083,0.717396017,-5.176475885,36.19771383,60.42481696,0.181542047,0.149917845,0.191094135,0.252267367,0.681661537,0.432672721,0.256449373,4.47242677,0.590899888,0.964882399,2.596490564,2.648793116,0.747173823,93.85425144,-4.532296611,3.396991595
CN(CCN1CCC(OC(=O)Nc2ccccc2-c2ccccc2)CC1)C(=O)c1ccc(CN2CCC(C(N)=O)CC2)cc1,0.41795246,0.918380761,0.820930551,-5.247762573,25.42565611,38.01078274,0.198856524,0.35329177,0.32941146,0.52740838,0.568985846,0.459763463,0.327872534,19.31255378,0.82496815,0.963550242,2.746658438,2.837485482,0.939764855,93.09198108,-4.193894878,3.622218943
CN(C)C(=O)c1cc2cnc(Nc3ccc(N4CCNCC4)cn3)nc2n1C1CCCC1,0.672586947,0.886155699,0.829262232,-5.20941083,42.73630802,32.12259022,0.198093486,0.230407824,0.205627401,0.152343259,0.569865195,0.744197867,0.85228394,12.51862946,0.857657821,0.966459018,2.841424228,2.551606142,0.857797004,91.85981024,-3.472577647,5.593738978
Cc1cc2nc3c(=O)[nH]c(=O)nc-3n(C[C@H](O)[C@H](O)[C@H](O)CO)c2cc1C,0.805447752,0.73229942,0.82369489,-5.474986883,28.59105079,15.42689933,0.193426457,0.128197758,0.203106723,0.075493569,0.523212832,0.258286201,0.860336764,30.34803695,0.600302824,0.966453909,2.551741026,2.159115987,0.512812829,92.25491855,-2.097076946,3.085621783
CO[C@H]1/C=C/O[C@@]2(C)Oc3c(C)c(O)c4c(O)c(c(/C=N/N5CCN(C6CCCC6)CC5)c(O)c4c3C2=O)NC(=O)/C(C)=C\C=C\[C@H](C)[C@H](O)[C@@H](C)[C@@H](O)[C@@H](C)[C@H](OC(C)=O)[C@@H]1C,0.606385986,0.320053371,0.637719332,-5.380942952,40.72303712,52.41498296,0.189421195,0.328670498,0.154127316,0.088763994,0.592042169,0.69308904,0.82239964,34.05067185,0.746854001,0.949624426,2.686064892,2.144258063,0.805475813,89.63082393,-4.843213477,7.772734709
Cc1cc(/C=C/C#N)cc(C)c1Nc1ccnc(Nc2ccc(C#N)cc2)n1,0.457128849,0.901482076,0.851527653,-5.24951144,44.13602791,32.90441561,0.214033942,0.358704933,0.208583841,0.247721476,0.511928236,0.596204453,0.844521418,21.28499289,0.333775239,0.96737342,2.54925839,3.355249369,0.877386481,98.40657994,-4.461325192,5.103903279
CC(N)C12CC3CC(CC(C3)C1)C2,0.128924602,0.940531025,0.839758089,-4.652892239,20.52646433,23.47175112,0.210291265,0.117716132,0.213970039,0.181428534,0.49907046,0.163484302,0.12749376,11.81998483,0.24629353,0.967612555,2.223890019,1.933508005,0.09649067,91.20016725,-2.771618342,5.845887736
N[C@@H]1c2cccnc2[C@H](OC(=O)N2CCC(n3c(=O)[nH]c4ncccc43)CC2)CC[C@H]1c1cccc(F)c1F,0.560090202,0.825081448,0.81865577,-5.171667349,33.05632695,31.44210678,0.22378903,0.619454514,0.23499064,0.167784422,0.631930941,0.654355076,0.773074921,12.9393454,0.831397498,0.964882232,3.438147133,2.596353173,0.889493335,89.14732741,-4.432003486,3.91331535
Cc1c(C(=O)NN2CCCCC2)nn(-c2ccc(Cl)cc2Cl)c1-c1ccc(Cl)cc1,0.53223218,0.897633673,0.856222662,-5.150272278,19.15896212,20.80303849,0.233485255,0.850179585,0.158010852,0.108595182,0.673373983,0.403171142,0.845796734,14.44909219,0.809864866,0.968274285,2.606627388,3.303688417,0.906959581,98.00085331,-4.945552221,3.548512526
CCn1c(=O)c(-c2cc(NC(=O)Nc3ccccc3)c(F)cc2Br)cc2cnc(NC)cc21,0.455861885,0.864442243,0.815173006,-5.159314071,38.32103167,26.55592478,0.221598798,0.490916125,0.163729266,0.161982524,0.563392302,0.715795555,0.873993966,17.0739878,0.81380943,0.964864953,2.952815304,3.359448269,0.918507683,97.52602748,-4.855323329,7.049545805
Cc1cn2nc(-c3cc(=O)n4cc(N5CCNC6(CC6)C5)ccc4n3)cc(C)c2n1,0.607825393,0.867560636,0.834649465,-5.097665435,46.952884,44.74281299,0.233008063,0.631711585,0.176344375,0.120698281,0.610095477,0.512592615,0.682750566,25.642342,0.757574261,0.964893305,2.820738434,2.447830172,0.878439053,90.37047279,-2.577811018,4.49233947
C[C@@H](NCCc1ccc(O)cc1)[C@@H](O)c1ccc(O)cc1,0.112046046,0.680839303,0.852811858,-5.084161574,23.02679215,8.0014725,0.204307541,0.256655727,0.193911398,0.734081052,0.529456566,0.357602904,0.146007546,12.43466592,0.729066256,0.969709007,2.475169073,2.61582394,0.353776377,95.49530833,-2.582495751,2.523931465
O=C(NC[C@H]1CN(c2ccc(N3CCOCC3=O)cc2)C(=O)O1)c1ccc(Cl)s1,0.404948837,0.910929414,0.831790539,-4.934417108,35.04922362,39.98903848,0.217873924,0.682018881,0.157685185,0.104891304,0.512476443,0.540918929,0.871371336,14.09786728,0.803203226,0.968263405,2.634026033,2.954950321,0.893944444,95.97181652,-3.043786441,4.566296615
C[C@@H](OC[C@@]1(c2ccccc2)CC[C@]2(CCC(=O)N2)CN1)c1cc(C(F)(F)F)cc(C(F)(F)F)c1,0.246531698,0.899707549,0.816543678,-5.017932484,48.53533513,31.53605578,0.201090995,0.638823376,0.186763334,0.529198108,0.604318312,0.656777398,0.272949201,17.31223753,0.83158512,0.965495819,2.652594196,3.498871853,0.884932549,96.5527503,-4.336856531,7.146357358
O=C(O)c1c(Cl)c(Cl)c(Cl)c(Cl)c1-c1c2cc(I)c(=O)c(I)c-2oc2c(I)c(O)c(I)cc12,0.495704002,0.537697512,0.770660165,-5.120740617,23.43412187,23.53664758,0.250459787,0.54299401,0.15335704,0.104069877,0.522455149,0.164881502,0.850075299,15.4008958,0.332320397,0.935424508,2.83075772,2.318815656,0.875410414,94.17795455,-6.182989895,5.124209507
O=C(O)c1c(Cl)c(Cl)c(Cl)c(Cl)c1-c1c2cc([131I])c(=O)c([131I])c-2oc2c([131I])c(O)c([131I])cc12,0.466026687,0.535049304,0.767286029,-5.120740617,23.42793958,24.10895652,0.249000473,0.563013764,0.147398286,0.119628736,0.524095762,0.189398764,0.847297805,15.70793332,0.332320397,0.940377842,2.875447379,2.375075573,0.884849484,93.41159485,-6.230943142,5.124209507
CCn1cc(C(=O)O)c(=O)c2ccc(-c3ccncc3)cc21,0.3672896,0.627393333,0.864258449,-4.878547875,17.37886269,8.640907055,0.194808569,0.497280071,0.143193457,0.147151629,0.465448518,0.708000987,0.864468264,7.23565562,0.509773339,0.969711167,2.438826422,0.763006067,0.799455722,97.50990164,-3.10068112,1.334827197
CCCN(CCc1cccs1)[C@H]1CCc2c(O)cccc2C1,0.287209114,0.918153352,0.792553378,-4.897438015,36.44361546,45.56173232,0.23564921,0.547338606,0.229474595,0.85542668,0.446937463,0.64350854,0.296725237,11.75404738,0.841758393,0.967959164,2.720757084,2.989326421,0.861205531,96.93235477,-3.816313229,3.628910268
Cc1nc(C(=O)NCC(=O)O)c(O)c2ccc(Oc3ccccc3)cc12,0.571265968,0.827528812,0.868205794,-5.114249851,22.24408441,9.748815613,0.234131877,0.487552765,0.167720687,0.102379586,0.421097916,0.166854149,0.796214274,4.70497247,0.516614648,0.969434646,2.384509816,1.350653419,0.825654558,98.63530336,-3.417912254,1.517564223
[Rb],0.179375216,0.942689334,0.854340003,-4.512421161,21.3258726,38.11701238,0.196679283,0.091366006,0.160281975,0.085528296,0.400704527,0.089383846,0.332680081,17.1304277,0.205896723,0.967043366,2.31324459,2.671931268,0.071917941,87.91086093,-2.830476763,2.654993679
[82Rb+],0.155138332,0.933968366,0.843273836,-4.484955947,21.10420382,32.5499117,0.193491921,0.087847955,0.159747614,0.080749591,0.404007474,0.087529817,0.162391171,18.90000744,0.209804209,0.956212591,2.152366021,1.930009195,0.074928712,82.14164191,-1.094288211,2.535762286
C[C@@H]1O[C@@H](OC[C@H]2O[C@@H](Oc3c(-c4ccc(O)c(O)c4)oc4cc(O)cc(O)c4c3=O)[C@H](O)[C@@H](O)[C@@H]2O)[C@H](O)[C@H](O)[C@H]1O,0.745525015,0.178855488,0.52196602,-6.336728227,39.39018478,32.75664205,0.202862507,0.128831657,0.15315191,0.076024707,0.442261927,0.223568288,0.833133378,17.55316595,0.642922886,0.910933734,2.787863031,2.246819065,0.664678737,87.14443712,-2.073456438,2.820074744
CCOC(=O)[C@H](C)C[C@@H](Cc1ccc(-c2ccccc2)cc1)NC(=O)CCC(=O)O,0.248383362,0.885703269,0.854351128,-5.056681995,19.19205471,31.47836427,0.234659746,0.478584737,0.152153314,0.07230409,0.632670804,0.32565489,0.194766345,13.40004377,0.714042813,0.968553472,2.376191328,1.706028993,0.690682228,97.54100887,-3.82825152,1.521824556
C[C@H](NCc1ccc(OCc2cccc(F)c2)cc1)C(N)=O,0.247000454,0.936088066,0.848139533,-4.774670664,21.65598669,23.02331856,0.18792922,0.470710262,0.231724032,0.234088461,0.43840371,0.501478114,0.234911633,14.62351451,0.697225581,0.969709405,2.423921687,3.034896764,0.507895918,96.19267053,-2.713108954,2.461261564
O=P([O-])(O)CN(CCN(CP(=O)([O-])O)CP(=O)(O)O)CP(=O)([O-])O.[153Sm+3],0.375684363,0.736274168,0.786839446,-5.567517358,21.88459722,29.16175358,0.199307805,0.11505881,0.188622626,0.084617177,0.459354324,0.103796191,0.598034202,45.79116185,0.340545557,0.856506788,2.355858777,1.555164022,0.145759401,73.87759215,-1.570379677,1.040658175
NC(=O)c1ccc2c(c1O)[C@]13CCN(CC4CC4)[C@H](C2)[C@]1(O)CCC(=O)C3,0.238928961,0.888118435,0.777234107,-5.163058597,25.29812923,26.97697276,0.205848961,0.167005095,0.283132316,0.210032155,0.529654194,0.325232078,0.207629709,11.79427085,0.757018966,0.968550945,2.969578853,2.311568838,0.403431322,85.28714466,-2.711745315,3.843043666
C[C@H](O)[C@H](O)[C@H]1CNc2nc(N)[nH]c(=O)c2N1,0.474523051,0.75123345,0.833969976,-5.510700423,25.1629681,17.78807717,0.195838221,0.10886864,0.172744977,0.069937891,0.461669934,0.137724847,0.637452353,13.58019248,0.288311004,0.958506352,2.395009457,2.193676597,0.099727917,90.37417452,-1.647116338,4.871681432
CON(C)Cc1ccc(O)c2c1C[C@H]1C[C@H]3[C@H](N(C)C)C(O)=C(C(N)=O)C(=O)[C@@]3(O)C(O)=C1C2=O,0.245879845,0.617239085,0.795180474,-5.459065004,42.40422389,27.10836099,0.192306283,0.1660857,0.162409044,0.085438064,0.584614935,0.411658218,0.801204432,22.69475628,0.594418162,0.96421659,2.945249453,1.81600198,0.600684271,89.5252457,-2.338593678,3.485457148
N#C[C@@H]1C[C@@H]2C[C@@H]2N1C(=O)[C@@H](N)C12CC3CC(CC(O)(C3)C1)C2,0.218526661,0.921158059,0.747197858,-5.032261748,43.23937561,22.98899175,0.209871131,0.116141689,0.203546142,0.119778522,0.635865479,0.197075425,0.158641503,22.5008285,0.394751991,0.962497455,2.614419111,1.999175862,0.176593319,89.71892036,-2.074239515,2.753658958
C=C1C[C@H]2[C@@H]3CCC4=CC(=O)CC[C@@H]4[C@H]3CC[C@]2(C)[C@@]1(OC(C)=O)C(C)=O,0.100072985,0.811160173,0.826886564,-4.795016168,29.94090481,39.09203958,0.167499254,0.323180432,0.154124273,0.066544736,0.707319543,0.380941758,0.578044767,12.15497038,0.329092646,0.969144394,2.424820277,3.027192451,0.809233629,94.60360019,-3.975764277,4.441225838
O=[Se](=O)(O)O,0.179878575,0.927536805,0.859312064,-4.625464476,21.29853548,26.87897341,0.185363456,0.086853173,0.17938845,0.059166585,0.356962368,0.085747734,0.396520897,14.67237224,0.194558856,0.960876494,2.172846232,2.270513458,0.078455393,87.86931687,-0.704393752,1.325431949
O=[Se](O)O,0.216330697,0.931041035,0.857799328,-4.563935863,24.03776026,31.73394363,0.184223437,0.095539899,0.182177054,0.061247026,0.395811916,0.084839906,0.34981564,16.75690344,0.192747302,0.964330036,2.152496956,2.308741265,0.073955864,88.13634399,-1.127361868,1.360515828
S=[Se]=S,0.218206631,0.937273168,0.840005756,-4.474199165,23.2175008,37.08831505,0.191210762,0.098386439,0.164488953,0.075349121,0.391113632,0.092057102,0.607077138,21.05601113,0.188549357,0.964984178,2.481640414,2.69159847,0.079415073,87.83310931,-1.913409379,2.928425603
C[Se]CC[C@H](N)C(=O)O,0.157797527,0.888748375,0.86104168,-4.798355008,17.72694797,24.05729056,0.238347008,0.107352503,0.215063724,0.067546971,0.386681645,0.09111996,0.157133404,12.03284998,0.294410216,0.967550839,2.060763601,1.141611568,0.082945442,89.52395555,-1.556117294,0.876163409
C[75Se]CC[C@H](N)C(=O)O,0.173564375,0.901051111,0.860706796,-4.797811341,17.90645662,26.24352865,0.238853433,0.102778851,0.208436168,0.076972226,0.389311792,0.086499331,0.15336512,14.6100203,0.294410216,0.966939659,2.080163017,1.090824397,0.082680418,89.36094038,-1.512983706,0.876163409
CC(C)N(CCCCOCC(=O)NS(C)(=O)=O)c1cnc(-c2ccccc2)c(-c2ccccc2)n1,0.409108898,0.900744971,0.820817232,-4.972666077,27.36001345,36.73908049,0.225678261,0.637586544,0.153340114,0.121418773,0.469397589,0.482163353,0.799218687,10.30394104,0.783033029,0.964531159,2.445074071,3.042216098,0.901745151,96.20010407,-3.920815694,2.309568825
O=C(/C=C\n1cnc(-c2cc(C(F)(F)F)cc(C(F)(F)F)c2)n1)NNc1cnccn1,0.358327489,0.915416634,0.819768749,-4.984772103,30.7031169,37.0251839,0.208784936,0.651427406,0.14300795,0.106032497,0.598727655,0.737301012,0.864905009,10.23407248,0.418749544,0.967682289,2.588696672,2.917234048,0.847797536,96.14485748,-3.520563321,5.480806602
COc1ccc(CN2C3CC2CN(c2ccc(-c4cc(OCC(C)(C)O)cn5ncc(C#N)c45)cn2)C3)cn1,0.494445043,0.785286354,0.792513056,-5.220424012,35.6160022,40.66232468,0.222709032,0.434563598,0.243207715,0.137556786,0.658674063,0.457331679,0.75750261,32.29585607,0.747444317,0.948782642,2.969594246,2.481369122,0.890324051,91.44430344,-3.760050353,3.738390061
Cn1cnc2c(F)c(Nc3ccc(Br)cc3Cl)c(C(=O)NOCCO)cc21,0.763237545,0.850330503,0.859260912,-5.041781164,21.0438158,19.99979245,0.207290265,0.753939437,0.17699104,0.245208517,0.605480189,0.611456103,0.88085803,17.90994205,0.759681607,0.967064557,3.710108631,2.932406193,0.882919978,96.53474799,-2.915499489,5.92538895
CC[C@H](C)[C@H](NC(=O)[C@H](Cc1ccccc1)NC(=O)[C@H](CCC(=O)O)NC(=O)[C@H](CCCCNC(=O)COCCOCCNC(=O)COCCOCCNC(=O)CC[C@@H](NC(=O)CCCCCCCCCCCCCCCCC(=O)O)C(=O)O)NC(=O)[C@H](C)NC(=O)[C@H](C)NC(=O)[C@H](CCC(N)=O)NC(=O)CNC(=O)[C@H](CCC(=O)O)NC(=O)[C@H](CC(C)C)NC(=O)[C@H](Cc1ccc(O)cc1)NC(=O)[C@H](CO)NC(=O)[C@H](CO)NC(=O)[C@@H](NC(=O)[C@H](CC(=O)O)NC(=O)[C@H](CO)NC(=O)[C@@H](NC(=O)[C@H](Cc1ccccc1)NC(=O)[C@@H](NC(=O)CNC(=O)[C@H](CCC(=O)O)NC(=O)C(C)(C)NC(=O)[C@@H](N)Cc1cnc[nH]1)[C@@H](C)O)[C@@H](C)O)C(C)C)C(=O)N[C@@H](C)C(=O)N[C@@H](Cc1c[nH]c2ccccc12)C(=O)N[C@@H](CC(C)C)C(=O)N[C@H](C(=O)N[C@@H](CCCNC(=N)N)C(=O)NCC(=O)N[C@@H](CCCNC(=N)N)C(=O)NCC(=O)O)C(C)C,0.186867186,0.213902634,0.392568688,-6.313678829,63.90546214,42.53598279,0.25552997,0.138047745,0.238868166,0.118863715,0.516531249,0.165828625,0.735894131,95.20184572,0.787730207,0.14922814,3.315992481,-0.572764405,0.281688953,59.65935595,-2.678194046,4.531590891
COC(=O)[C@H](c1ccccc1)[C@H]1CCCCN1C(=O)OC[n+]1cccc(C(=O)N[C@@H](CO)C(=O)[O-])c1,0.195283584,0.805732861,0.777906837,-5.29570563,29.41504162,45.23575116,0.207602001,0.26413222,0.180961134,0.10735358,0.49149426,0.253616782,0.550971792,12.23201066,0.781174951,0.952989842,2.499944097,0.971213379,0.855361706,90.46303045,-1.934978859,1.524545984
Clc1ccc(C(Cn2ccnc2)OCc2csc3c(Cl)cccc23)c(Cl)c1,0.455507119,0.833105916,0.827512481,-5.095591171,29.45356334,21.1951744,0.185388933,0.879986187,0.155267435,0.908372115,0.547125828,0.873681831,0.827857991,10.60719328,0.862441512,0.96517645,2.662998246,3.268454614,0.935483355,97.32183295,-5.237118405,4.23562983
CC(=O)N[C@@H](CCCN=C(N)N)C(=O)N[C@H]1CSSC[C@@H](C(N)=O)NC(=O)[C@H](Cc2c[nH]c3ccccc23)NC(=O)[C@H](CCCN=C(N)N)NC(=O)[C@@H](Cc2ccccc2)NC(=O)[C@H](Cc2cnc[nH]2)NC(=O)[C@@H](C)NC1=O,0.515177792,0.409479947,0.553866686,-6.301163875,42.83626366,50.03168143,0.257941254,0.210625055,0.309182995,0.105239263,0.597593066,0.763460462,0.828490445,22.71518895,0.723419472,0.644750177,3.095665163,1.426626505,0.416071988,74.48591142,-2.243725596,4.038322936
C=CCN.ClCC1CO1,0.889546451,0.938304111,0.86560336,-4.724265953,26.38926861,21.68372777,0.190349364,0.091458262,0.207573114,0.120523921,0.492163602,0.146376305,0.144751695,12.59284901,0.299119423,0.965124458,2.555306164,2.230631935,0.08911283,92.50543735,-0.676958042,3.384960712
O[SiH3],0.217473521,0.941475796,0.864700632,-4.567376846,28.38712833,35.61835648,0.202139312,0.101468854,0.161339281,0.065559384,0.424211955,0.091661973,0.199547498,14.60752397,0.200856954,0.967442056,2.219992176,1.9224454,0.085599059,90.82644054,-0.234393097,1.536250005
O.O=[Si]([O-])[O-].O=[Si]([O-])[O-].O=[Si]([O-])[O-].[Al+3].[Al+3].[Mg+2].[Mg+2].[O-2].[O-2],0.550302862,0.913670229,0.837619354,-5.132637469,38.52197978,5.437052439,0.211314626,0.145612442,0.152089532,0.066597107,0.471519127,0.089616693,0.580743398,28.71601702,0.18540812,0.908161691,2.353521427,0.808699113,0.088379309,66.52094709,-3.434869798,1.05931129
[Ag],0.158042609,0.937313903,0.853658498,-4.503808695,21.21917388,37.63374977,0.194803662,0.088383664,0.159105732,0.080978656,0.404548919,0.086249278,0.164131393,17.41446384,0.205896723,0.967347566,2.15398424,2.63903769,0.074885214,90.12072452,-2.839145828,2.745430305
O=[N+]([O-])[O-].[Ag+],0.404266627,0.937952594,0.852850921,-4.634695897,25.2925374,34.3100746,0.191595359,0.087598132,0.17238421,0.071911272,0.393496544,0.086690036,0.220893261,16.22551602,0.197706325,0.967173002,2.131540107,2.799931962,0.076846352,90.82373008,-0.763855125,0.870925266
Nc1ccc(S(=O)(=O)[N-]c2ncccn2)cc1.[Ag+],0.207038667,0.914843104,0.877424667,-4.903948914,32.63183627,22.7739826,0.193161846,0.172554735,0.174240729,0.10093324,0.424327354,0.149018719,0.837174893,11.69122777,0.260035387,0.968274776,2.21198595,2.408739508,0.176566853,91.61275107,-2.42826392,2.054594542
COc1ccc2c(O[C@@H]3C[C@H]4C(=O)N[C@]5(C(=O)NS(=O)(=O)C6CC6)C[C@@H]5/C=C\CCCCN(C)C(=O)[C@@H]4C3)cc(-c3nc(C(C)C)cs3)nc2c1C,0.407890238,0.721885918,0.734564286,-5.120029213,41.93339232,45.72303848,0.227500292,0.672053019,0.175638591,0.09519677,0.664047118,0.858025952,0.81392626,0.0,0.617368419,0.959247537,2.882373987,2.704120617,0.852604513,95.55865745,-4.48455864,4.469702885
CC(C)C[C@H](NC(=O)[C@H](CC(C)C)NC(=O)[C@H](CC(C)C)NC(=O)[C@H](CC(C)C)NC(=O)[C@H](CCCCN)NC(=O)[C@H](CC(C)C)NC(=O)[C@H](CC(C)C)NC(=O)[C@H](CC(C)C)NC(=O)[C@H](CC(C)C)NC(=O)[C@H](CCCCN)NC(=O)[C@H](CC(C)C)NC(=O)[C@H](CC(C)C)NC(=O)[C@H](CC(C)C)NC(=O)[C@H](CC(C)C)NC(=O)[C@H](CCCCN)NC(=O)[C@H](CC(C)C)NC(=O)[C@H](CC(C)C)NC(=O)[C@H](CC(C)C)NC(=O)[C@H](CC(C)C)NC(=O)[C@@H](N)CCCCN)C(=O)N[C@@H](CCCCN)C(=O)O,0.156570694,0.19841346,0.494429558,-6.348101421,53.82918613,45.29657437,0.221298854,0.114641642,0.175658317,0.077953798,0.583658647,0.199897778,0.36259228,11.97875549,0.26080494,0.188039281,2.664794847,0.724363771,0.363456476,76.88043333,-5.325901746,4.231017573
CSCC[C@H](NC(=O)[C@H](Cc1ccc(OS(=O)(=O)O)cc1)NC(=O)[C@@H](N)CC(=O)O)C(=O)NCC(=O)N[C@@H](Cc1c[nH]c2ccccc12)C(=O)N[C@@H](CCSC)C(=O)N[C@@H](CC(=O)O)C(=O)N[C@@H](Cc1ccccc1)C(N)=O,0.310799811,0.260947919,0.56000185,-6.574182192,51.79232087,35.01918335,0.265233489,0.331426803,0.189724002,0.089698344,0.532263033,0.21897793,0.861483286,24.29011349,0.77305839,0.272678423,2.676100773,0.718998872,0.294693145,79.46517236,-2.509892297,2.109660334
CCc1cc(/C(C)=N/OCc2ccc(C3CCCCC3)c(C(F)(F)F)c2)ccc1CN1CC(C(=O)O)C1,0.224147293,0.846053453,0.804310839,-5.171490207,20.56441469,20.26041875,0.21811504,0.523991529,0.203590138,0.414238774,0.635344387,0.244018673,0.396065093,16.60012278,0.811229966,0.952821357,2.915193653,1.965775025,0.898356191,95.08321813,-4.787976777,3.456596307
Cc1cc2c(cc1CC(=O)c1sccc1S(=O)(=O)Nc1onc(C)c1Cl)OCO2,0.560080761,0.785697165,0.79016805,-5.06106176,42.8138138,52.50105553,0.248213271,0.850160963,0.160268019,0.271459789,0.47132556,0.838128199,0.865049115,13.26466236,0.39259115,0.964855195,2.777888646,2.474203488,0.829230458,98.73790362,-4.296709813,3.810817083
CCCCCCCCCCCCCCCC(=O)OC[C@H](COP(=O)([O-])OCC(O)CO)OC(=O)CCCCCCCCCCCCCCC.[Na+],0.118626581,0.834087563,0.790224109,-5.271816858,16.7375364,59.15062259,0.199036014,0.365233109,0.178650169,0.155076913,0.542947109,0.408030934,0.449159634,12.69680767,0.466653404,0.930311254,1.916292303,2.894608539,0.735315994,87.08654091,-4.81268824,3.6117162
CC(=O)[O-].[Na+],0.158537974,0.938191698,0.856605689,-4.682502402,21.18538191,30.17748109,0.195322077,0.07738808,0.174626567,0.059037131,0.409297591,0.086808084,0.18741995,13.87427653,0.200514137,0.966862762,2.070243334,1.191375274,0.07214875,77.38316752,0.051144588,0.75408137
O=C1O[C@H]([C@@H](O)CO)C([O-])=C1O.[Na+],0.232752921,0.830704848,0.825342622,-5.16107224,20.9652021,47.81212252,0.207267476,0.104144809,0.160365534,0.062869763,0.456313435,0.090092607,0.216378155,21.70785885,0.205895772,0.963726731,1.985976811,1.161219868,0.091673313,79.70844252,-0.292865229,1.017692758
O=C([O-])CC([S][Au])C(=O)[O-].[Na+].[Na+],0.223440324,0.887141027,0.838095482,-4.854288009,23.86695615,7.981158689,0.188276895,0.080705789,0.311571063,0.065310914,0.438382128,0.087284013,0.422715845,15.00765931,0.183058384,0.957515185,2.321810948,0.828787048,0.081776039,70.75942491,-1.15048127,0.293588688
O.O.O=S(=O)([O-])[S-].O=S(=O)([O-])[S-].[Au+].[Na+].[Na+].[Na+],0.274262628,0.922615979,0.845395164,-5.121236393,24.40476227,4.798065813,0.198600915,0.114063707,0.177372314,0.063478407,0.460538843,0.084963377,0.641970234,18.82728458,0.192417478,0.953507128,2.345253761,0.582508102,0.087936902,68.78297196,-0.95038889,0.662574354
O=S([O-])O.[Na+],0.146665294,0.935238583,0.851862771,-4.607978396,19.50595942,31.11104319,0.189208022,0.086610587,0.165446202,0.058779196,0.382625665,0.084333685,0.384759312,21.36229158,0.20599285,0.96621381,2.075704896,1.054859398,0.068012469,80.04246006,-0.125270399,1.08454185
[Na+].[Na+].[O-]B1OB2OB([O-])OB(O1)O2,0.277989796,0.906724276,0.847846736,-4.901675675,22.59749187,8.069300228,0.192516796,0.101893507,0.181218098,0.068735585,0.476344319,0.092626994,0.683341183,27.87197815,0.231263453,0.958145811,2.083993139,0.954135582,0.094260367,74.05629482,-0.705683746,0.965202795
CC1(C)[C@H]2CC[C@@]1(CS(=O)(=O)[O-])C(=O)C2.[Na+],0.289780614,0.861359635,0.823866762,-4.640783187,41.12566886,44.18749186,0.215140745,0.122394473,0.172207078,0.068046468,0.629107417,0.097956346,0.386631242,15.24998324,0.421601996,0.967644262,2.096235151,1.966913137,0.175455056,78.93633769,-0.862577526,1.704405735
[Na+].[Na+].[O]=[51Cr](=[O])([O-])[O-],0.202546151,0.932477909,0.85839112,-4.659736999,20.72904526,5.184840685,0.186024192,0.088053884,0.153393215,0.064965406,0.427996967,0.083529721,0.208761459,4.396821552,0.191810547,0.957238388,2.434505492,1.086817433,0.072403842,64.42670457,-1.52568165,1.272101538
O=C([O-])C[N+]12CC[N+]34CC(=O)[O][Fe-2]13([O]C(=O)C2)[O]C(=O)C4.[Na+],0.265344539,0.645503041,0.751170323,-5.277556669,39.8501326,23.59619944,0.241402891,0.114435233,0.180099092,0.079620706,0.527503454,0.102599327,0.682281869,15.95470558,0.397333836,0.834390649,2.419031037,0.920958066,0.159432088,76.60895676,-1.58936063,1.468715188
O=C([O-])[C@H](O)[C@@H](O)[C@H](O)[C@H](O)CO.OC[C@H]1O[C@@](CO)(O[C@H]2O[C@H](CO)[C@@H](O)[C@H](O)[C@H]2O)[C@@H](O)[C@@H]1O.OC[C@H]1O[C@@](CO)(O[C@H]2O[C@H](CO)[C@@H](O)[C@H](O)[C@H]2O)[C@@H](O)[C@@H]1O.OC[C@H]1O[C@@](CO)(O[C@H]2O[C@H](CO)[C@@H](O)[C@H](O)[C@H]2O)[C@@H](O)[C@@H]1O.OC[C@H]1O[C@@](CO)(O[C@H]2O[C@H](CO)[C@@H](O)[C@H](O)[C@H]2O)[C@@H](O)[C@@H]1O.OC[C@H]1O[C@@](CO)(O[C@H]2O[C@H](CO)[C@@H](O)[C@H](O)[C@H]2O)[C@@H](O)[C@@H]1O.[Fe+3].[Fe+3].[Na+].[O-2].[O-2].[O-2],0.121372574,0.355240018,0.433631522,-6.909364523,59.24309707,35.96420131,0.206050444,0.086001333,0.15401271,0.06841814,0.535058645,0.115804516,0.27717386,20.16412528,0.438375742,0.114494753,2.204862922,0.184957307,0.123945881,61.58468013,-2.146341097,0.721817554
O=P([O-])([O-])OCC(O)CO.[Na+].[Na+],0.177960641,0.900447184,0.854608216,-4.946630988,18.305339,24.13670669,0.195732138,0.089517103,0.223698177,0.071597244,0.424558276,0.084584264,0.243140481,17.1930413,0.237186706,0.948116418,2.589417107,0.755151134,0.071136315,67.3781803,-0.231594061,0.891881436
[Na+].[OH-],0.151996765,0.931206524,0.848777902,-4.551211366,21.17461918,38.99974233,0.187789773,0.085344188,0.159608325,0.07802636,0.420724803,0.087440845,0.147079116,16.52512433,0.214755995,0.966151789,2.090881126,1.943034137,0.079478883,82.09315261,-0.432851158,2.607966891
CCCCCCCCCCCCOC(=O)CS(=O)(=O)[O-].[Na+],0.124849062,0.918654949,0.834284116,-4.830984446,16.44668995,43.61147407,0.189363092,0.131678646,0.172114806,0.073218792,0.465230866,0.101550061,0.536556122,12.13244488,0.393527757,0.964968097,2.055328414,2.576398938,0.13952964,88.42586619,-2.140552941,2.390807296
O=C([O-])CCCO.[Na+],0.148257766,0.92596428,0.853053996,-4.749489917,20.63525601,27.46895212,0.197548114,0.078752196,0.181406756,0.065724272,0.40034396,0.082198575,0.194655712,15.40959025,0.245608454,0.965394747,1.76578827,1.088191229,0.069300678,77.02466753,-0.297888194,0.540680547
O=[32P]([O-])([O-])O.[Na+].[Na+],0.144479556,0.93896546,0.844771262,-4.763324437,22.32650919,32.71031906,0.182700176,0.08110624,0.168679524,0.064640936,0.387908876,0.081839955,0.250108876,18.61282944,0.201808875,0.929603061,2.406888488,1.272114447,0.072155159,69.61939375,-0.294250731,0.894582576
O=P([O-])([O-])O.[Na+].[Na+],0.144479556,0.93896546,0.844681884,-4.763324437,22.32650919,32.71031906,0.18557431,0.08110624,0.168679524,0.064640936,0.386823135,0.082307302,0.250108876,18.47388929,0.201808875,0.92960289,2.406888488,1.316345037,0.072155159,70.04013585,-0.330462026,0.894582576
O=P([O-])(O)O.[Na+],0.146450922,0.919658957,0.85590961,-4.783783531,22.47171603,41.60374603,0.190372507,0.082244077,0.177220798,0.064225402,0.389403565,0.082492054,0.301342908,16.80770143,0.200891073,0.941860473,2.606107157,1.645634011,0.073511083,78.04724102,-0.273531722,1.034244081
O.O.O.O.O.O.O.O.O.O=C([O-])[C@@H]1[O][Sb]2([O-])([O][Sb]34([OH])[O][C@H]([C@H](O)CO)[C@H]([O]3)[C@H](C(=O)[O-])[O]4)[O][C@H]([C@H](O)CO)[C@@H]1[O]2.[Na+].[Na+].[Na+],0.34113846,0.282872943,0.608382586,-6.346209274,51.14818198,11.93633885,0.215988438,0.085726483,0.178017063,0.06867676,0.506449463,0.105432331,0.682279302,0.0,0.316037413,0.648697397,2.38097546,0.643253596,0.151301754,68.2626785,-1.558643283,0.130655679
[Na+].[Na+].[S-2],0.163716014,0.930404713,0.843163996,-4.540092222,22.94818891,38.05172598,0.198732463,0.085049375,0.163975737,0.077711523,0.409912731,0.088668012,0.170050899,17.93333585,0.20999846,0.946613789,2.086896043,1.513191112,0.076331177,68.65757,-0.985393299,2.988258401
O=C([O-])[C@H](O)[C@@H](O)C(=O)[O-].[Na+].[Na+],0.135721008,0.878788872,0.843834929,-5.048195922,17.04325534,5.965637307,0.207454245,0.078189619,0.170081412,0.056770441,0.388229282,0.082077342,0.167086621,11.92996949,0.184252092,0.953761889,1.741631143,0.661603819,0.067140024,69.78163753,-0.181703319,0.319186525
CCCCC(CC)CCC(CC(C)C)OS(=O)(=O)[O-].[Na+],0.187672999,0.87814219,0.845454424,-4.784557518,19.20588853,34.68507195,0.204028075,0.131558686,0.172327023,0.076516808,0.516805309,0.104230723,0.4652231,18.33110159,0.522257852,0.969305975,2.000632962,2.786515431,0.14529467,88.92956167,-2.291672309,1.915375573
[Na+].[Na+].[O-][Si]1([O-])O[Si]([O-])([O-])O[Si]([O-])([O-])O1.[Zr],0.304655969,0.92216425,0.846756425,-5.203596409,29.03279265,9.21766574,0.195440255,0.087783331,0.180319889,0.068079544,0.573853385,0.089999585,0.587817744,49.69158396,0.194857185,0.950167098,2.16251218,0.287898933,0.094455268,69.65487525,-1.943473353,1.097379276
CC(C)OC(=O)[C@H](C)N[P@](=O)(OC[C@H]1O[C@@H](n2ccc(=O)[nH]c2=O)[C@](C)(F)[C@@H]1O)Oc1ccccc1,0.38205758,0.789107176,0.797700489,-5.26955883,31.05014508,52.47380161,0.219818634,0.457901986,0.152350337,0.068476646,0.607552374,0.647787513,0.855281798,17.56088464,0.476562778,0.950594446,3.572947616,2.470786575,0.867308781,93.45519107,-3.095616142,2.068346361
NC(=O)OC[C@H](N)Cc1ccccc1,0.186539087,0.942515747,0.862022896,-4.765769715,17.40910853,10.96831797,0.183488217,0.167104724,0.217172875,0.083515133,0.417564764,0.146443069,0.156159305,7.378008763,0.236052343,0.969403963,2.353205167,2.458259212,0.096505995,95.0677958,-1.305820173,1.987132194
C[C@H](N)C(=O)NCC(=O)N[C@H]1CSSC[C@@H](C(=O)O)NC(=O)[C@H](CO)NC(=O)[C@H]([C@@H](C)O)NC(=O)[C@H](Cc2ccccc2)NC(=O)[C@H]([C@@H](C)O)NC(=O)[C@H](CCCCN)NC(=O)[C@H](Cc2c[nH]c3ccccc23)NC(=O)[C@H](Cc2ccccc2)NC(=O)[C@H](Cc2ccccc2)NC(=O)[C@H](CC(N)=O)NC(=O)[C@H](CCCCN)NC1=O,0.184907093,0.297841502,0.499186914,-6.459224322,56.79050502,48.38906385,0.24718614,0.196762855,0.191117872,0.082050098,0.595985534,0.32965433,0.708683748,21.73997502,0.668919925,0.136426758,2.843602708,0.237768176,0.363805839,69.54163119,-2.613425297,3.166901054
Cc1c(C(=O)Nc2ccc(N3C[C@@H](C)O[C@@H](C)C3)nc2)cccc1-c1ccc(OC(F)(F)F)cc1,0.43427566,0.918023528,0.836073098,-4.958400192,44.63949692,44.80451485,0.223284017,0.699743907,0.179374186,0.085510595,0.585718878,0.397205462,0.779352099,9.318974259,0.801121366,0.964870621,2.421935863,3.587414694,0.924373578,98.7881096,-4.364372667,5.646201489
CCOc1ccc(Cc2cc([C@@H]3O[C@H](SC)[C@@H](O)[C@H](O)[C@H]3O)ccc2Cl)cc1,0.236601307,0.85519998,0.827165572,-5.04670879,33.74083421,23.98010692,0.232100213,0.47780324,0.18364154,0.124155443,0.610968513,0.259520143,0.237915019,14.67003521,0.682117516,0.962490132,2.519854081,2.993743242,0.871737164,96.39994398,-3.11410134,3.110737924
C=CC(=O)N1CCN(c2nc(=O)n(-c3c(C)ccnc3C(C)C)c3nc(-c4c(O)cccc4F)c(F)cc23)[C@@H](C)C1,0.520404672,0.870658176,0.771528919,-5.006953928,29.31248705,36.45487875,0.204835597,0.71491098,0.163328404,0.085722193,0.634297567,0.693082973,0.835673537,5.186911187,0.818755339,0.965841676,2.72525128,3.199865241,0.890238587,96.50689185,-4.460249647,4.156950366
CC[C@H]1CCC[C@H](O[C@H]2CC[C@H](N(C)C)[C@@H](C)O2)[C@@H](C)C(=O)C2=C[C@@H]3[C@@H](C=C(C)[C@@H]4C[C@@H](O[C@@H]5O[C@@H](C)[C@H](OC)[C@@H](OC)[C@H]5OC)C[C@@H]34)[C@@H]2CC(=O)O1.CC[C@H]1CCC[C@H](O[C@H]2CC[C@H](N(C)C)[C@@H](C)O2)[C@@H](C)C(=O)C2=C[C@@H]3[C@@H](C=C[C@@H]4C[C@@H](O[C@@H]5O[C@@H](C)[C@H](OC)[C@@H](OC)[C@H]5OC)C[C@@H]34)[C@@H]2CC(=O)O1,0.217740747,0.641596432,0.673649536,-4.99632009,53.58375229,57.87968453,0.194684703,0.209701424,0.16958225,0.091304633,0.600521318,0.625145676,0.656485905,12.42711659,0.671118496,0.924986734,2.901706687,2.451836386,0.843286978,83.40798314,-4.95161711,8.296495704
CO[C@@H]1[C@@H](O[C@@H]2O[C@H](C)[C@@H](O[C@H]3C[C@@](C)(O)[C@@H](O)[C@H](C)O3)[C@H](N(C)C)[C@H]2O)[C@@H](CC=O)C[C@@H](C)[C@@H](O[C@H]2CC[C@H](N(C)C)[C@@H](C)O2)/C=C/C=C/C[C@@H](C)OC(=O)C[C@H]1O,0.202510664,0.389434066,0.768386394,-5.3778263,33.08979521,36.83009955,0.180472272,0.094252919,0.156664225,0.075747008,0.573232119,0.348133725,0.540463856,11.4316225,0.48052379,0.942599358,2.453879365,2.227030248,0.579170631,81.43620284,-3.234925362,5.834432061
CCOC(=O)[C@H](CCc1ccccc1)N[C@@H](C)C(=O)N1CC2(C[C@H]1C(=O)O)SCCS2,0.152753168,0.679174985,0.822390573,-5.235054281,19.92250132,41.07761504,0.231520349,0.205823696,0.186061494,0.201718866,0.554880399,0.296082716,0.663554109,162.3685416,0.308596306,0.965820068,2.737216003,1.157985034,0.765761386,96.0064953,-2.914569203,2.482230856
CC(C)=CCC/C(C)=C/CC/C(C)=C/CC/C=C(\C)CC/C=C(\C)CCC=C(C)C,0.172765334,0.912501454,0.85993407,-4.952843381,15.56649463,19.9301568,0.192042103,0.332869626,0.171638804,0.109736853,0.538287053,0.349886459,0.213585863,18.30341502,0.488011379,0.955959844,2.244570315,2.771762655,0.741540401,95.23658255,-6.322206491,10.08015652
[F][Sn][F],0.249672245,0.937331947,0.850452153,-4.464726115,23.45475396,37.3328755,0.188716924,0.092304293,0.175191615,0.068424334,0.417275989,0.090525715,0.248645763,17.32420953,0.208036474,0.967190021,2.227978083,2.757858325,0.065257019,89.36927216,-1.775807915,1.91068528
C[C@]12Cc3c[nH]nc3C[C@@H]1CC[C@@H]1[C@@H]2CC[C@@]2(C)[C@H]1CC[C@]2(C)O,0.184732879,0.659083869,0.784609351,-4.844382516,29.88437903,31.91934419,0.206023953,0.215288387,0.194077175,0.098716914,0.695950532,0.527092485,0.425191675,20.18394379,0.428305427,0.967992388,2.457689548,3.164333284,0.740244231,95.12406615,-3.625386934,4.192746524
[Cl-].[Cl-].[Sr+2],0.26642057,0.93031264,0.806831142,-4.565121063,20.99206624,32.56445549,0.199113739,0.083229633,0.155227807,0.080692837,0.404026028,0.089187976,0.247994754,16.20351446,0.226241315,0.963564108,2.269239188,1.46421924,0.077786927,69.0394165,-2.068852718,3.036009303
[89Sr+2].[Cl-].[Cl-],0.26642057,0.93031264,0.827057877,-4.565121063,20.88479532,32.5201944,0.199113739,0.083229633,0.154797525,0.080692837,0.412048435,0.089282596,0.247994754,15.89190189,0.226241315,0.963540846,2.269063672,1.433929055,0.077786927,69.57218734,-2.122644486,3.036009303
N#Cc1c(N(CC(=O)[O-])CC(=O)[O-])sc(C(=O)[O-])c1CC(=O)[O-].[Sr+2].[Sr+2],0.319433951,0.49777627,0.716023744,-5.329551104,38.51113666,26.24854858,0.22004843,0.171481589,0.156337096,0.073862014,0.502315585,0.114095297,0.835082151,30.82241322,0.305782454,0.897168686,2.750406653,1.190505666,0.13466697,74.90191953,-2.107689981,0.995581353
O=C(O)[C@@H](S)[C@@H](S)C(=O)O,0.440168041,0.866737064,0.822900716,-5.15251808,17.68476297,2.451609737,0.239083574,0.112219919,0.171703928,0.064606944,0.41427896,0.0878915,0.316335745,9.637236498,0.183450442,0.965027227,2.245763564,1.229154342,0.066487468,95.08049108,-0.674332654,0.865261987
O.O=S(=O)(OC[C@H]1O[C@@](COS(=O)(=O)[O][Al]([OH])[OH])(O[C@H]2O[C@H](COS(=O)(=O)[O][Al]([OH])[OH])[C@@H](OS(=O)(=O)[O][Al]([OH])[OH])[C@H](OS(=O)(=O)[O][Al]([OH])[OH])[C@H]2OS(=O)(=O)[O][Al]([OH])[OH])[C@@H](OS(=O)(=O)[O][Al]([OH])[OH])[C@@H]1OS(=O)(=O)[O][Al]([OH])[OH])[O][Al]([OH])[OH].[OH][Al]([OH])[OH],0.259166775,0.319030766,0.539640053,-6.68682961,59.1873401,34.69666847,0.221035871,0.135513741,0.159611263,0.081330955,0.527072846,0.121226228,0.796194494,122.1938477,0.278598167,0.158990197,2.461415318,1.052805939,0.15501602,65.27439026,-2.895467556,2.599687641
Clc1ccc(CSC(Cn2ccnc2)c2ccc(Cl)cc2Cl)cc1,0.231017698,0.835441932,0.850643027,-5.042344339,24.35977544,40.2945223,0.178741216,0.863081442,0.145839872,0.917272098,0.399307562,0.873186654,0.789168709,7.631001513,0.849112145,0.96146412,2.426988929,3.305785425,0.907129548,97.00926589,-5.236750465,4.120816679
O=S(O)CNc1ccc(S(=O)(=O)c2ccc(NCS(=O)O)cc2)cc1,0.252398843,0.539368714,0.838200461,-5.249663715,21.55866838,5.893012169,0.24552574,0.247269807,0.245831556,0.13403953,0.422023742,0.142721094,0.808727472,13.50094687,0.399646979,0.965017703,2.430641129,1.932175731,0.524044143,93.69277931,-2.533616691,2.964384637
CC1(C)S[C@@H]2[C@H](NC(=O)[C@H](N)c3ccccc3)C(=O)N2[C@H]1C(=O)OCOC(=O)[C@@H]1N2C(=O)C[C@H]2S(=O)(=O)C1(C)C,0.135565046,0.265647491,0.741410786,-5.413811524,38.75908728,76.71849844,0.215100194,0.172552824,0.1647673,0.096056263,0.56357283,0.679511269,0.79253998,14.5267362,0.305540605,0.916053052,2.680451035,2.262507882,0.736539151,86.99264975,-3.160188542,2.486775697
Cc1ccc(-n2nccn2)c(C(=O)N2CCN(c3nc4cc(Cl)ccc4o3)CC[C@H]2C)c1,0.418773905,0.886918639,0.839340965,-5.121550577,36.42603788,58.6873276,0.2230352,0.824431937,0.25011613,0.10692608,0.656607178,0.514079821,0.863810553,13.04523561,0.819601784,0.966145268,2.545988221,3.037708137,0.89114395,96.84230681,-4.075818025,3.290075659
O=C(O)c1ccc2nc(-c3cc(Cl)cc(Cl)c3)oc2c1,0.294740097,0.80628064,0.863054719,-4.785372456,16.99973147,13.12449516,0.201329139,0.511258775,0.171697185,0.109340164,0.514979553,0.149806633,0.892514565,6.33024116,0.384049643,0.968857627,2.469454866,1.697030273,0.779383306,99.20030254,-3.751165658,2.494707483
COc1cc(C)c2c(Oc3cccc(C(F)(F)F)c3)c(OC)cc(NC(C)CCCN)c2n1,0.76208102,0.898255274,0.830833672,-4.938697693,26.14173849,20.11417134,0.170375923,0.330087991,0.648608207,0.167185762,0.495345184,0.739715628,0.445072969,20.10885392,0.783263764,0.965514629,2.643435824,2.705460295,0.909572586,96.13789619,-4.650731621,4.191495568
CC(C)OC(=O)CCC/C=C\C[C@@H]1[C@@H](/C=C/C(F)(F)COc2ccccc2)[C@H](O)C[C@@H]1O,0.231124009,0.91188202,0.797846574,-4.991405527,30.12676084,36.18562463,0.203831653,0.442809472,0.189887298,0.080120523,0.610465218,0.336864389,0.175938624,17.79806274,0.62890309,0.963188143,2.536945882,2.803135554,0.854983691,96.02363747,-4.271680662,2.480443537
Cn1ncnc1[C@H]1c2n[nH]c(=O)c3cc(F)cc(c23)N[C@@H]1c1ccc(F)cc1,0.75482261,0.850506808,0.815911414,-5.068232911,41.12763347,34.01374783,0.202588662,0.671672,0.181910197,0.122894968,0.640815882,0.53258763,0.819965497,33.09233423,0.509558484,0.963546467,2.680476383,2.703588197,0.844592645,91.73246511,-3.344836976,4.136669017
[Mg+2].[Mg+2].[Mg+2].[O-2].[O-2].[O-2].[O-2].[O-2].[O-2].[O-2].[O-2].[O-2].[O-2].[OH-].[OH-].[Si+4].[Si+4].[Si+4].[Si+4],0.197069176,0.858707272,0.805413221,-5.172674335,20.92698802,17.79346051,0.203537902,0.114161093,0.174712302,0.07954685,0.42887586,0.098077391,0.348026707,18.09685319,0.205805313,0.856996734,2.380801688,1.678884807,0.084465902,73.30203485,-3.478228081,3.185041727
O=C(OC[C@H]1OC(OC(=O)c2cc(O)c(O)c(OC(=O)c3cc(O)c(O)c(O)c3)c2)[C@H](OC(=O)c2cc(O)c(O)c(OC(=O)c3cc(O)c(O)c(O)c3)c2)[C@@H](OC(=O)c2cc(O)c(O)c(OC(=O)c3cc(O)c(O)c(O)c3)c2)[C@@H]1OC(=O)c1cc(O)c(O)c(OC(=O)c2cc(O)c(O)c(O)c2)c1)c1cc(O)c(O)c(OC(=O)c2cc(O)c(O)c(O)c2)c1,0.148827831,0.296506382,0.443961592,-6.551521426,69.68971129,75.89534602,0.223766103,0.251470871,0.151127659,0.177073219,0.474696112,0.241044363,0.819400373,109.6402998,0.354633999,0.357528081,2.691698845,2.818160349,0.746429156,82.04881133,-5.348872957,6.24687225
CC(C)c1c(O)cc(/C=C/c2ccccc2)cc1O,0.181591661,0.926638673,0.857642153,-4.868418128,21.41898201,38.90151953,0.237486728,0.604295855,0.197368541,0.109272614,0.53971574,0.311442455,0.176161925,24.92253672,0.629965147,0.969684089,2.239165819,3.210329357,0.579917818,97.19726929,-3.662401579,2.642131728
CCC(=O)NC[C@@H]1C[C@H]1c1cccc2c1CCO2,0.609868843,0.930360809,0.83749394,-4.618429345,22.68799141,30.60809255,0.203645127,0.288060248,0.226738018,0.278895473,0.660640204,0.360725766,0.230070917,10.83153992,0.658817323,0.967087654,2.355784366,2.945779812,0.267934125,95.54749484,-2.526250033,2.157956141
C[C@H](CCC(=O)NCCS(=O)(=O)O)[C@H]1CC[C@H]2[C@@H]3[C@H](O)C[C@@H]4C[C@H](O)CC[C@]4(C)[C@H]3C[C@H](O)[C@]12C,0.150290355,0.728246393,0.73989159,-5.292055418,35.53468202,23.9413476,0.200058435,0.114708378,0.222457459,0.084735533,0.659386693,0.196747607,0.262533497,9.827034205,0.718310902,0.969428352,2.540808236,2.096578918,0.600820158,90.93436987,-3.036743005,2.274659008
O=S1(=O)CCN(CN2CCS(=O)(=O)NC2)CN1,0.47171476,0.88476971,0.850123798,-5.082301795,19.46126649,12.17426626,0.234296896,0.074833661,0.212728904,0.097087779,0.498013305,0.112705709,0.64111833,10.43660182,0.716236861,0.963296736,2.260417458,1.248203539,0.087807743,81.84196776,-0.538697916,1.842583625
C[C@H](CCC(=O)NCCS(=O)(=O)O)[C@H]1CC[C@H]2[C@@H]3[C@@H](O)C[C@@H]4C[C@H](O)CC[C@]4(C)[C@H]3CC[C@]12C,0.156420042,0.752863708,0.778919786,-5.129834673,32.43489152,23.27396162,0.204498914,0.1337631,0.1950503,0.090832578,0.652170782,0.21491617,0.251123897,8.879893691,0.718310902,0.969431082,2.506560525,2.270844062,0.851311244,93.85870946,-3.241119236,2.919351301
OB1OCc2cc(F)ccc21,0.570494485,0.916927135,0.848950945,-4.605417934,19.35526394,30.98056444,0.225197596,0.125764316,0.210413385,0.091733818,0.499232375,0.107941942,0.332322269,9.369973695,0.282824519,0.965478606,3.289567015,2.487023946,0.114424581,95.43904301,-0.968418375,1.777584466
CCN(c1cc(-c2ccc(CN3CCOCC3)cc2)cc(C(=O)NCc2c(C)cc(C)[nH]c2=O)c1C)C1CCOCC1,0.47501289,0.894413358,0.818274548,-5.163607972,27.20471105,46.75045173,0.192865928,0.662026304,0.170554675,0.172513217,0.50268015,0.742489131,0.546426435,16.50461486,0.806978717,0.963912175,2.852349304,3.075235566,0.931941299,97.67926775,-3.951907205,3.409759769
CC(C)c1cccc(C(C)C)c1NC(=O)CN(CC(=O)O)CC(=O)O.[99Tc],0.168278741,0.792852984,0.850924361,-5.192453815,22.32001594,31.16068844,0.204107597,0.201703361,0.192104238,0.135070629,0.53410828,0.112514725,0.360920787,14.67577488,0.288752502,0.965647327,2.278704153,1.511863121,0.202067435,86.91401911,-2.387077276,0.864384846
CC(O)(P(=O)(O)O)P(=O)(O)O.[99Tc],0.237264627,0.903168695,0.7718021,-5.270379565,23.2421701,24.72465195,0.195632574,0.108763871,0.178806528,0.06231156,0.479418781,0.081308953,0.279217812,16.86389864,0.197223097,0.901821743,2.710467745,2.400686043,0.084297137,87.03704568,-0.470897715,1.278729557
Cc1cc(C)c(NC(=O)CN(CC(=O)O)CC(=O)O)c(C)c1Br.[Tc],0.240969566,0.798031281,0.871848759,-5.253847956,29.4549765,26.79736193,0.200684524,0.181121665,0.187014264,0.110930702,0.548033606,0.108913989,0.598596509,17.73504811,0.338573553,0.966714895,2.462177074,1.323753988,0.150729978,88.04553703,-2.301143488,0.848116842
O.O.O=P([O-])([O-])CP(=O)([O-])[O-].[98Tc+4],0.170355313,0.93695413,0.811406524,-4.951434632,18.55380976,30.89896045,0.184594203,0.094384599,0.153148713,0.068444099,0.403390678,0.083015013,0.37858661,16.01387579,0.197828635,0.940092259,2.367596773,1.75844476,0.081964499,77.04480128,-1.356133079,1.333516693
O=P(O)(O)C(O)P(=O)(O)O.[99Tc],0.217141014,0.918883951,0.769564034,-5.28817757,18.65147885,20.49905633,0.191710895,0.107575312,0.216135411,0.067017852,0.419392078,0.082665604,0.250273435,15.31817271,0.195079067,0.904773929,2.590688964,2.254222001,0.090812413,84.81933935,-0.569045206,1.264461453
O.O.O.O.[98Tc-],0.157422183,0.923716384,0.841007552,-5.007372826,20.91287495,34.21121635,0.192101164,0.08576915,0.160399562,0.0699528,0.419615072,0.088534727,0.151543815,16.85784042,0.205805313,0.955952064,2.104600274,1.842809955,0.079203397,79.36881823,-1.049216005,2.777074138
O=P([O-])([O-])OP(=O)([O-])[O-].[99Tc+4],0.157039272,0.940973452,0.83897068,-4.84364317,19.18248082,31.13439521,0.190946295,0.103278519,0.17192607,0.06488537,0.434048908,0.08731912,0.460303646,19.64504576,0.199692469,0.947254852,2.671669855,1.941808388,0.076760838,81.75882792,-1.487291003,1.368681995
[C-]#[N+]CC(C)(C)OC.[C-]#[N+]CC(C)(C)OC.[C-]#[N+]CC(C)(C)OC.[C-]#[N+]CC(C)(C)OC.[C-]#[N+]CC(C)(C)OC.[C-]#[N+]CC(C)(C)OC.[Tc+],0.25036364,0.87132985,0.819172904,-4.890835918,21.44552822,48.73001303,0.177220095,0.107356316,0.180488247,0.16222137,0.563745223,0.169571964,0.302664405,190.1128578,0.329385999,0.891848249,2.494226376,2.810934688,0.328728035,79.9244272,-5.61993706,3.670732769
O=C(O)[C@@H](S)[C@@H](S)C(=O)O.[99Tc],0.403178866,0.856654737,0.805492221,-5.241463837,17.71180286,7.616845936,0.245964924,0.099965739,0.178516287,0.069299477,0.41664264,0.085717611,0.516066784,10.88822652,0.183450442,0.964819585,2.218966659,1.374317997,0.073777763,90.51119435,-1.266081492,0.556333489
S1SSSSSSS1.[99Tc],0.213274417,0.934722523,0.811350662,-4.819777106,22.57833207,35.32066631,0.23537025,0.191478188,0.228188678,0.081672375,0.430341253,0.116021113,0.514491338,18.25047827,0.203189971,0.952027252,2.413365219,3.051293424,0.11647409,89.0514644,-4.978387333,5.490825067
CCOCCP(CCOCC)CCP(CCOCC)CCOCC.CCOCCP(CCOCC)CCP(CCOCC)CCOCC.O.O.[98Tc],0.127582207,0.88605434,0.769706523,-5.133267966,18.97053571,39.97221931,0.204748751,0.132041264,0.200983506,0.106493992,0.569578748,0.150391756,0.506445244,9.678337751,0.57772208,0.692412328,2.466469309,2.923962633,0.313167345,85.7693319,-4.896718309,6.614896636
O=C(NN1C(=O)[C@@H]2[C@@H]3C=C[C@@H]([C@H]4C[C@@H]34)[C@@H]2C1=O)c1ccc(C(F)(F)F)cc1,0.51224454,0.910672806,0.803476423,-4.891518037,22.00156566,31.68522828,0.180178359,0.309141242,0.210749173,0.083618683,0.682107268,0.500929116,0.650784878,14.25910777,0.297749225,0.968842575,2.503110097,3.14136243,0.546189257,94.26427777,-3.317673601,3.386149217
Cn1nnc(-c2ccc(-c3ccc(N4C[C@H](COP(=O)(O)O)OC4=O)cc3F)cn2)n1,0.672010482,0.83853489,0.835413847,-5.1220991,41.14989179,34.13884331,0.254030297,0.655453628,0.160172369,0.073060451,0.578005159,0.653841339,0.886783304,7.16030667,0.595209257,0.957739339,3.444188737,2.306190467,0.884618619,92.82484861,-2.205415669,3.880227073
O=c1[nH]c(=O)n(C2CCCO2)cc1F.O=c1cc[nH]c(=O)[nH]1,0.469261428,0.9139178,0.861939538,-5.069176575,28.30818157,15.64195225,0.200878015,0.144136585,0.148037893,0.065958973,0.437505556,0.214223286,0.866833234,13.06261234,0.651319542,0.966157524,2.420840087,2.297725364,0.335991739,94.68637895,-1.624800041,2.550222814
CCCCCCCCCC(=O)N[C@H]1[C@H](Oc2c3cc4cc2Oc2ccc(cc2Cl)[C@@H](O[C@@H]2O[C@H](CO)[C@@H](O)[C@H](O)[C@H]2NC(C)=O)[C@@H]2NC(=O)[C@H](NC(=O)[C@@H]4NC(=O)[C@H]4NC(=O)[C@@H](Cc5ccc(c(Cl)c5)O3)NC(=O)[C@H](N)c3ccc(O)c(c3)Oc3cc(O)cc4c3)c3ccc(O)c(c3)-c3c(OC4O[C@H](CO)[C@@H](O)[C@H](O)[C@@H]4O)cc(O)cc3[C@@H](C(=O)O)NC2=O)O[C@H](CO)[C@@H](O)[C@@H]1O,0.198704333,0.111334927,0.40194064,-6.397518394,50.88327483,50.15971207,0.259183842,0.122962385,0.174435749,0.116046815,0.506726671,0.216778044,0.777661952,93.24078237,0.791591872,0.141417232,3.251624288,0.629841221,0.426229392,77.72265058,-4.105782873,4.627657376
Cc1cn([C@@H]2C[C@@H](O)[C@H](CO)O2)c(=O)[nH]c1=O,0.361722865,0.895740817,0.855415535,-5.041183854,24.6441741,10.56276226,0.203854032,0.103069888,0.15552043,0.063544197,0.47519837,0.149450977,0.766051997,10.99452605,0.275537944,0.956528936,2.198161761,1.935361098,0.135194866,92.55156672,-0.627314211,1.93195371
CCOC(=O)[C@@H](N)Cc1ccc(-c2cc(O[C@H](c3ccc(Cl)cc3-n3ccc(C)n3)C(F)(F)F)nc(N)n2)cc1,0.571575555,0.84556543,0.796132162,-5.061643122,28.69122005,50.24889124,0.203902701,0.72431752,0.172556184,0.090141415,0.627055794,0.80698762,0.843387655,9.91235827,0.622981112,0.959267292,2.655196932,2.891120402,0.91948594,95.03100357,-4.580020818,4.899484313
CN1Cc2c(Cl)cc(Cl)cc2[C@H](c2cccc(S(=O)(=O)NCCOCCOCCNC(=O)NCCCCNC(=O)NCCOCCOCCNS(=O)(=O)c3cccc([C@@H]4CN(C)Cc5c(Cl)cc(Cl)cc54)c3)c2)C1,0.330873374,0.717586916,0.78309841,-5.447246397,51.53584978,33.77739262,0.262181116,0.64952143,0.220712483,0.591289499,0.604954526,0.816573234,0.86143865,9.144689706,0.784205919,0.858678469,2.93605405,2.541898543,0.913341939,90.5362634,-5.339437747,4.625031165
CC(C)OC(=O)[C@H](C)N[P@](=O)(CO[C@H](C)Cn1cnc2c(N)ncnc21)Oc1ccccc1,0.611448796,0.875225259,0.816362662,-5.043864101,31.25283607,64.88005799,0.20380192,0.530423202,0.16888944,0.10276699,0.530934289,0.631487276,0.887626766,15.32916718,0.70486467,0.960738133,3.274622944,2.8876076,0.867994372,96.94008389,-3.136929939,3.16132507
CC(C)OC(=O)OCOP(=O)(CO[C@H](C)Cn1cnc2c(N)ncnc21)OCOC(=O)OC(C)C,0.730638688,0.82704364,0.803542446,-5.075930755,31.78105777,40.65721108,0.184545685,0.4534116,0.153624583,0.099917445,0.547123861,0.444716651,0.884707728,9.56398635,0.534846052,0.956586631,3.261538397,3.018954672,0.722248571,94.19013317,-2.677510544,3.166685874
CN1CCC(COc2cnc(-c3cccc(Cn4nc(-c5cccc(C#N)c5)ccc4=O)c3)nc2)CC1,0.488861633,0.909191718,0.832106966,-5.268711913,25.35421542,31.81555145,0.214671186,0.764008372,0.21545275,0.132609925,0.640645516,0.52874283,0.802859382,6.417092287,0.797085903,0.963860299,2.575614528,2.601951979,0.94082922,94.14795694,-4.236368707,3.093847288
C/C(O)=C(\C#N)C(=O)Nc1ccc(C(F)(F)F)cc1,0.268633959,0.90778465,0.834249487,-4.728608012,20.62742924,20.46605293,0.220289898,0.356242998,0.163814924,0.117904908,0.517560273,0.248114708,0.670431486,12.90378384,0.224732363,0.969373621,2.36952707,3.082128042,0.282546647,95.95728055,-3.265207833,2.285582841
O=C1NOCC1/N=C/c1ccc(/C=N/C2CONC2=O)cc1,0.582882465,0.916367201,0.856814208,-4.977654125,22.99708974,18.67121743,0.190044351,0.172477071,0.18080065,0.066723582,0.462859418,0.213481802,0.691306428,23.52064623,0.219089015,0.967290435,2.266604211,2.226793492,0.386769887,95.13524123,-1.943875625,2.213069851
CC(C)(O)[C@H]1CC[C@@](C)(O)CC1.O,0.142570907,0.941522966,0.853777046,-4.874199241,24.87612645,9.936426095,0.189175519,0.100551935,0.183052313,0.086434992,0.494362138,0.098149191,0.127716558,12.41287712,0.333235165,0.968498907,2.235392913,2.358224113,0.097969982,89.12799521,-1.288584427,1.884861421
C[C@]12CC[C@H]3[C@@H](CCC4=CC(=O)CC[C@@]43C)[C@@H]1CC[C@@H]2OC(=O)CCC1CCCC1,0.114137933,0.722829708,0.765496202,-4.974249286,37.63677531,38.01747396,0.194292348,0.19789708,0.341206314,0.068074723,0.696444398,0.364477798,0.553909737,10.72856283,0.444627036,0.969715388,2.381722797,3.299582058,0.826103722,94.47820738,-5.195581297,4.811366895
CCCCCCC(=O)O[C@H]1CC[C@H]2[C@@H]3CCC4=CC(=NNC(=O)C(O)(c5ccccc5)c5ccccc5)CC[C@]4(C)[C@H]3CC[C@]12C,0.166407816,0.824930361,0.711328558,-5.250659243,26.23350344,57.613469,0.206549468,0.526857035,0.177076423,0.091489515,0.678421264,0.735257297,0.348401964,15.46822918,0.571136951,0.964186506,2.599260107,3.154687042,0.913846454,97.23569577,-5.641136747,3.951851957
CCCCCCC(=O)O[C@H]1CC[C@H]2[C@@H]3CCC4=CC(=O)CC[C@]4(C)[C@H]3CC[C@]12C,0.106581094,0.709116852,0.766950416,-4.863092841,27.68982817,36.76131087,0.187872519,0.228908199,0.199470055,0.06884846,0.695676901,0.348392448,0.547267892,12.67407085,0.466468765,0.969714474,2.408323182,3.246065492,0.82897711,94.4233067,-5.319986033,4.827245601
CCCCCCCCCCC(=O)O[C@H]1CC[C@H]2[C@@H]3CCC4=CC(=O)CC[C@]4(C)[C@H]3CC[C@]12C,0.104520561,0.646502926,0.726731696,-4.996938962,27.79287452,34.39504812,0.187884414,0.247728261,0.202948464,0.070498861,0.694043121,0.35569015,0.51079913,14.92579235,0.466468765,0.969714958,2.399471439,3.23233468,0.85891481,94.81673389,-5.889290596,4.852406005
O.O=O.[O-][Cl+][O-].[O-][Cl+][O-].[O-][Cl+][O-].[O-][Cl+][O-],0.235069342,0.933724573,0.86738546,-4.985383188,21.68419525,3.104755776,0.189947743,0.10365878,0.15308582,0.063971616,0.475067925,0.08645929,0.283750234,12.81611223,0.207288355,0.537111102,2.192612262,1.04889142,0.074179004,68.04271351,-1.742890195,2.112961442
CSCC[C@H](NC(=O)[C@H](CO)NC(=O)[C@H](Cc1ccc(O)cc1)NC(=O)[C@@H](N)CO)C(=O)N[C@@H](CCC(=O)O)C(=O)N[C@@H](Cc1cnc[nH]1)C(=O)N[C@@H](Cc1ccccc1)C(=O)N[C@@H](CCCNC(=N)N)C(=O)N[C@@H](Cc1c[nH]c2ccccc12)C(=O)NCC(=O)N[C@@H](CCCCN)C(=O)N1CCC[C@H]1C(=O)N[C@H](C(=O)NCC(=O)N[C@@H](CCCCN)C(=O)N[C@@H](CCCCN)C(=O)N[C@@H](CCCNC(=N)N)C(=O)N[C@@H](CCCNC(=N)N)C(=O)N1CCC[C@H]1C(=O)N[C@H](C(=O)N[C@@H](CCCCN)C(=O)N[C@H](C(=O)N[C@@H](Cc1ccc(O)cc1)C(=O)N1CCC[C@H]1C(=O)O)C(C)C)C(C)C)C(C)C,0.21618469,0.237216121,0.363324067,-6.402676906,70.0389737,46.38336084,0.251065208,0.128754423,0.306007875,0.115464631,0.60025376,0.183089431,0.757635261,35.48796149,0.69559005,0.153032313,3.081009333,-0.169605683,0.268835643,62.51333371,-2.038082422,4.838118679
CN(C)[C@@H]1C(O)=C(C(N)=O)C(=O)[C@@]2(O)C(O)=C3C(=O)c4c(O)cccc4[C@@](C)(O)[C@H]3C[C@@H]12.CN(C)[C@@H]1C(O)=C(C(N)=O)C(=O)[C@@]2(O)C(O)=C3C(=O)c4c(O)cccc4[C@@](C)(O)[C@H]3C[C@@H]12.CN(C)[C@@H]1C(O)=C(C(N)=O)C(=O)[C@@]2(O)C(O)=C3C(=O)c4c(O)cccc4[C@@](C)(O)[C@H]3C[C@@H]12.CN(C)[C@@H]1C(O)=C(C(N)=O)C(=O)[C@@]2(O)C(O)=C3C(=O)c4c(O)cccc4[C@@](C)(O)[C@H]3C[C@@H]12.CN(C)[C@@H]1C(O)=C(C(N)=O)C(=O)[C@@]2(O)C(O)=C3C(=O)c4c(O)cccc4[C@@](C)(O)[C@H]3C[C@@H]12.O=P(=O)O.O=P(=O)O.O=P(=O)O.O=P(=O)O.O=P(=O)O.O=P(=O)[O-].[Na+],0.327970231,0.314410681,0.681922643,-6.383744396,58.55136494,58.65793643,0.212342785,0.172362077,0.181892271,0.090470663,0.530215027,0.140343781,0.79792541,270.7806519,0.569443293,0.307709723,3.736184701,1.615819988,0.301959059,68.59893217,-3.17550538,18.57578926
CCCCC(CC)CCC(CC(C)C)OS(=O)(=O)O,0.136333294,0.894362203,0.860556866,-4.701325364,17.21342162,17.21317334,0.21415087,0.322342149,0.149902004,0.073871353,0.520007721,0.132880369,0.35498011,14.93261694,0.474210154,0.969678038,2.296764094,2.93828621,0.160027496,93.91469793,-3.709262199,3.134783187
O.O.O.O.O.O.O.O.O.O.O=C([O-])CC([O-])(CC(=O)[O-])C(=O)[O-].O=C([O-])CC([O-])(CC(=O)[O-])C(=O)[O-].O=C([O-])CC([O-])(CC(=O)[O-])C(=O)[O-].[Fe+3].[Fe+3].[Fe+3].[Fe+3],0.250001136,0.72488478,0.725466138,-5.923253981,26.33163546,24.07580227,0.203605678,0.094591335,0.148563214,0.071856807,0.480309568,0.094800861,0.530635435,65.08876253,0.200987145,0.678342673,2.374692268,0.524639316,0.150463825,63.69004338,-1.438626485,0.381861367
F[B-](F)(F)F.[C-]#[N+]CC(C)(C)OC.[C-]#[N+]CC(C)(C)OC.[C-]#[N+]CC(C)(C)OC.[C-]#[N+]CC(C)(C)OC.[Cu+],0.299319333,0.897171383,0.85434069,-4.809052896,22.91911207,33.51441321,0.176505845,0.173820548,0.190643476,0.139693941,0.502474513,0.19421248,0.315228375,189.4278658,0.350895861,0.943814122,2.459066092,2.933364221,0.341391944,86.10957813,-4.634274322,2.165545329
CCOCCP(CCOCC)CCP(CCOCC)CCOCC,0.116595628,0.938210598,0.83580655,-4.898463957,19.59310665,27.53162858,0.184546292,0.176412569,0.242203528,0.143158195,0.48359853,0.181214177,0.155480135,7.425969757,0.633806811,0.952244778,2.331931257,2.67670533,0.323137551,88.82597943,-3.437265138,5.418285099
c1ccc2c(c1)CCCC2C1=NCCN1,0.324069534,0.925948437,0.866328156,-4.63553898,18.1566358,31.76303488,0.219449287,0.231238247,0.216418976,0.760261836,0.551889577,0.310769302,0.245274197,8.49965654,0.742471106,0.967372401,2.622094496,2.468634199,0.348417331,95.50675168,-2.389019633,4.630058673
CC(C)(CO)c1cc2cc(NC(=O)C3(c4ccc5c(c4)OC(F)(F)O5)CC3)c(F)cc2n1C[C@@H](O)CO,0.587597647,0.800482307,0.799365489,-5.151868907,28.87322693,35.51382699,0.223987501,0.623425699,0.197575192,0.125124172,0.661618647,0.795462372,0.739936751,33.7950625,0.741596384,0.962861559,3.78699795,3.000588241,0.874771777,96.51662874,-3.416338674,4.3727277
[Cl-].[Tl+],0.275711698,0.937339666,0.844526916,-4.518623594,21.06732851,39.19287623,0.190254081,0.088266912,0.171383906,0.083171868,0.420257623,0.090558044,0.400450519,16.86927808,0.226241315,0.966743456,2.19728329,1.850584795,0.080956241,81.35666071,-0.880905389,3.001143952
[Cl][201Tl],0.395092291,0.938510819,0.849917066,-4.536987243,21.15266569,35.56398024,0.18879047,0.098031388,0.172906307,0.078810529,0.418481247,0.090649126,0.53987192,17.03229527,0.210872073,0.967614801,2.388033788,2.739080197,0.079421901,88.92759118,-2.339414096,2.179391372
C[CH2][Hg][S]c1ccccc1C(=O)[O-].[Na+],0.181305386,0.794003308,0.844209831,-4.917300468,30.99072675,23.65450488,0.184842948,0.135563142,0.207816937,0.079236615,0.459901905,0.10656089,0.291177592,17.00354832,0.214871188,0.965511141,2.289816973,1.429634695,0.156041788,88.32824321,-1.670541075,1.168584528
O=S(O)(O)=S,0.270119179,0.931613123,0.864430474,-4.614797896,20.81575702,21.0912169,0.197051232,0.083759346,0.169035222,0.061267354,0.397614461,0.088504677,0.395145531,17.53179426,0.200682847,0.966198118,2.211228981,2.176489748,0.059501712,93.71204167,-0.305248682,1.411247482
C[C@@H](O)[C@H](N)C(=O)O,0.170246679,0.866506455,0.861006843,-5.087081923,15.68311925,8.695794238,0.238871332,0.086296661,0.167611,0.066434109,0.399528075,0.085069131,0.104604327,11.55091198,0.189646456,0.967441038,1.939434542,0.732521481,0.065009411,91.61455389,0.169574929,0.743230814
CCCSc1nc(N[C@@H]2C[C@H]2c2ccc(F)c(F)c2)c2nnn([C@@H]3C[C@H](OCCO)[C@@H](O)[C@H]3O)c2n1,0.624945407,0.712908378,0.806398048,-5.261358903,38.10736122,32.89353176,0.231709184,0.508619662,0.173933562,0.103893206,0.636701435,0.765695334,0.83023912,26.00893761,0.689327786,0.965210157,2.833733323,3.098952019,0.782950962,95.58948681,-3.073128489,2.880717743
CNC(=N)NCCC[C@H](N)C(=O)O,0.306484356,0.802637365,0.86714288,-5.535497228,16.62568658,3.076426235,0.229884994,0.084398095,0.199446733,0.089300465,0.438057547,0.103252589,0.138411437,9.918337191,0.272834211,0.964424802,2.067392218,0.669485768,0.078572872,88.97600287,-0.058107462,0.519377051
O=P(O)(O)C(Sc1ccc(Cl)cc1)P(=O)(O)O,0.256450468,0.924545125,0.825168847,-5.091919513,23.1434546,15.07398981,0.209971656,0.388801194,0.235040165,0.081680789,0.455333993,0.234509297,0.671255053,19.87615881,0.194797961,0.947852522,2.868382719,2.817048551,0.12597424,96.27533334,-2.116644829,2.469662074
N=C1CCCN1Cc1[nH]c(=O)[nH]c(=O)c1Cl,0.550152387,0.907280319,0.841675612,-5.097330116,39.21107115,15.55120722,0.209632738,0.173127278,0.156044719,0.083376699,0.557971128,0.19958753,0.597966302,9.383453377,0.706803561,0.966098936,2.574029757,2.544830272,0.212447111,95.11018504,-1.581579422,1.93996272
CCC[C@@]1(CCc2ccccc2)CC(O)=C([C@H](CC)c2cccc(NS(=O)(=O)c3ccc(C(F)(F)F)cn3)c2)C(=O)O1,0.262294696,0.84728924,0.764929638,-5.109274665,34.91867444,39.67718394,0.194651568,0.814032128,0.146051764,0.121063525,0.685932223,0.702628383,0.802562353,18.72346661,0.531831171,0.966759191,2.848552852,2.906623694,0.908869626,97.61771567,-5.327585486,4.901358527
O=C(Cc1ccc(-c2ccc(OCCN3CCOCC3)cc2)cn1)NCc1ccccc1,0.469769185,0.916767156,0.866154197,-5.0305093,34.00936715,48.01591178,0.213147293,0.38968973,0.294118669,0.309722318,0.503033924,0.555985685,0.330188183,5.393247414,0.816023667,0.96549654,2.660719582,3.104743392,0.905808229,96.81247939,-2.892835074,2.322171802
COc1cc2nccc(Oc3ccc(NC(=O)Nc4cc(C)on4)c(Cl)c3)c2cc1OC,0.742555322,0.901315776,0.856815211,-5.054746838,34.7244204,28.31213216,0.233519662,0.676946084,0.168165299,0.095567814,0.647074941,0.663209208,0.885236692,12.50580965,0.412476396,0.967078712,2.674978865,3.581583271,0.90085425,98.75904203,-4.652875203,4.432644653
C[C@@H]1CCN(C(=O)CC#N)C[C@@H]1N(C)c1ncnc2[nH]ccc12,0.537084573,0.92234257,0.842829078,-4.93022124,21.03551095,30.72254326,0.217998312,0.142115522,0.227040596,0.123947729,0.578660436,0.448867255,0.64614973,17.94068063,0.859599621,0.964853378,2.541716392,2.967591951,0.310249187,90.77597361,-2.941960852,3.084540455
Cc1ccccc1C(=O)Nc1ccc(C(=O)N2CCC[C@@H](O)c3cc(Cl)ccc32)c(C)c1,0.342363883,0.929055105,0.84640922,-5.051006279,35.63633796,37.15839773,0.236755756,0.770003387,0.180897485,0.175916255,0.684145599,0.524285587,0.789622411,17.19943034,0.822343371,0.969428772,2.467703458,3.325566242,0.921695186,97.70815721,-4.560851994,3.891117391
CC(C)OC(=O)CCC/C=C\C[C@@H]1[C@@H](/C=C/[C@@H](O)COc2cccc(C(F)(F)F)c2)[C@H](O)C[C@@H]1O,0.23019728,0.867983581,0.771888168,-5.019185396,28.69671303,33.48565463,0.199593237,0.473771125,0.251112514,0.081682522,0.612597994,0.52884651,0.180462984,14.02844857,0.653516324,0.963843628,2.555163853,2.695246875,0.867360651,96.47157075,-4.070568509,2.954366505
CCCCC[C@H](O)CC[C@@H]1[C@H]2Cc3cccc(OCC(=O)O)c3C[C@H]2C[C@H]1O,0.191468246,0.753741993,0.800389602,-5.162732472,28.11239447,25.48873358,0.212270179,0.23695455,0.17820417,0.082291438,0.6354203,0.233590054,0.174235914,13.86403347,0.7543826,0.968571379,2.619074132,1.197319962,0.82781415,95.17924874,-3.353955775,1.542369806
CC1=C(/C=C/C(C)=C/C=C/C(C)=C/C(=O)O)C(C)(C)CCC1,0.161381171,0.907940032,0.843988355,-4.957033119,19.8136997,18.72600577,0.202597512,0.473391212,0.154841365,0.08693871,0.630282649,0.235410507,0.30274375,13.00266227,0.358617042,0.969360643,2.371472382,1.905636253,0.609215112,95.54308141,-4.488104834,2.433419399
CSc1nc2cc(Oc3cccc(Cl)c3Cl)c(Cl)cc2[nH]1,0.458931622,0.908145055,0.860491954,-4.949604686,39.425685,24.37132322,0.220948288,0.775254692,0.176113016,0.442563655,0.552832787,0.53564295,0.852416689,7.654372197,0.389227934,0.967071635,2.489072218,3.583054537,0.80497488,98.9647426,-5.334445844,4.113067693
CC(C)(C)c1cc(-c2cc(-c3ccc(C(=O)O)cc3)ccc2OCCO)ccc1N1CCCC1,0.355525739,0.708697232,0.85349999,-5.126758129,22.42842536,23.15620087,0.226448886,0.495850486,0.163690315,0.177345635,0.628522434,0.206875002,0.381096485,11.45200134,0.798801203,0.965497908,2.555138772,1.643910191,0.938791392,99.77558837,-4.809991987,1.57130776
CN1CCN(c2ccc(Nc3ncc4cc5n(c4n3)C3(CCCCC3)CNC5=O)nc2)CC1,0.681326156,0.846979861,0.790469554,-5.25685891,22.89461574,28.61721329,0.232339198,0.344021716,0.245652747,0.160403733,0.599125534,0.594655162,0.806923821,5.36930449,0.787059871,0.9618226,3.010517924,2.755805342,0.838246744,90.89711837,-3.537615551,7.08386104
C[C@]12CC[C@H]3[C@@H](CC[C@@]45O[C@@H]4C(O)=C(C#N)C[C@]35C)[C@@H]1CC[C@@H]2O,0.216981881,0.809983019,0.733208361,-4.952007785,27.29438001,31.33330077,0.196345065,0.175069366,0.2121395,0.094579113,0.689594642,0.422715519,0.315547037,16.17539553,0.421496392,0.964191562,2.546503304,2.595610868,0.638101506,92.7248842,-3.423333434,4.590647949
O=C1N(Cc2ccccc2)C2C[S+]3CCCC3C2N1Cc1ccccc1,0.162180428,0.909294931,0.829613269,-4.997751667,32.45733029,33.21966066,0.218868961,0.640418055,0.204368071,0.162998842,0.606712176,0.659992467,0.337460219,8.671755974,0.882652668,0.965505319,2.50256145,3.32783449,0.856683946,96.25243034,-4.126680723,3.317590052
CC(C)C[C@H](NC(=O)[C@@H](Cc1c[nH]c2ccccc12)NC(=O)[C@H](Cc1ccc(O)cc1)NC(=O)[C@H](CO)NC(=O)[C@H](Cc1c[nH]c2ccccc12)NC(=O)[C@H](Cc1c[nH]cn1)NC(=O)[C@@H]1CCC(=O)N1)C(=O)N[C@@H](CCCNC(=N)N)C(=O)N1CCC[C@H]1C(=O)NCC(N)=O,0.239078099,0.258652388,0.41997524,-6.425908793,54.49178161,55.92105798,0.252349397,0.376100027,0.213212056,0.11703548,0.579461496,0.832330117,0.832927745,24.69050577,0.715956021,0.443746238,3.030942933,1.949082862,0.644225415,74.64117307,-3.23528224,5.468825055
CCOc1c(N)c2c(c(OCC)c1OCC)C(C1c3c(cc4c(c3OC)OCO4)CCN1C)OC2=O,0.736068846,0.87067479,0.845981974,-4.945678474,33.29151163,41.53653402,0.190863957,0.254792247,0.192210428,0.343291261,0.641016245,0.817683833,0.464927639,4.598172914,0.761093705,0.957331072,2.723853346,2.612092306,0.883943757,91.53367554,-4.204026575,4.058765786
O=C(O)c1ccccc1O.OCCN(CCO)CCO,0.112366291,0.688859205,0.856722912,-5.290931758,19.96387704,22.17712367,0.190271813,0.107152871,0.153094814,0.131506259,0.408322478,0.096129758,0.130874937,10.1279253,0.423898842,0.969056722,2.181104549,1.138163943,0.139386636,92.73286496,-0.65962369,1.697071576
CN(C)CCOCC(=O)NC12CC3CC(CC(C3)C1)C2,0.107968881,0.930908359,0.836896235,-4.729472265,22.74126547,25.57016433,0.17877804,0.109300227,0.219758302,0.201704684,0.540339463,0.134293687,0.134837535,14.53158031,0.831221941,0.963866103,2.251031695,2.218305107,0.12004319,89.8382341,-1.917734076,2.207202089
O=C(O[C@H]1C[C@H]2CC[C@@H](C1)[N+]21CCCC1)C(O)(c1ccccc1)c1ccccc1,0.155601421,0.870546106,0.802778527,-5.103957877,19.49182272,37.3519996,0.195432103,0.109469353,0.185240924,0.360765946,0.57105848,0.195651536,0.157911455,18.27247517,0.815191002,0.492900049,2.393365737,2.054068478,0.890579965,92.63844678,-3.635028087,5.79961376
Cc1cc(-c2ccc(/N=N/c3c(S(=O)(=O)O)cc4cc(S(=O)(=O)O)cc(N)c4c3O)c(C)c2)ccc1/N=N/c1c(S(=O)(=O)O)cc2cc(S(=O)(=O)O)cc(N)c2c1O,0.563783289,0.327120765,0.657059593,-5.92161672,36.87982688,43.70689519,0.264040006,0.180839577,0.160176137,0.073837649,0.423805248,0.105207435,0.863782324,104.0151119,0.642957576,0.61590726,2.134976882,2.222239207,0.816444301,90.48437647,-4.487721702,4.834589348
COc1cc2c3cc1Oc1cc(ccc1O)C[C@@H]1c4c(cc(OC)c(O)c4Oc4ccc(cc4)C[C@@H]3N(C)CC2)CC[N+]1(C)C,0.489915916,0.895682794,0.727281539,-5.096326466,29.64714646,44.86973986,0.236105135,0.132024515,0.261825824,0.148733055,0.623494197,0.516927619,0.264832896,18.62478024,0.80897406,0.669696826,2.764590588,2.626600976,0.927359726,92.26523367,-5.051524661,3.420036812
Cc1cc(Nc2ncnc3ccc(NC4=NC(C)(C)CO4)cc23)ccc1Oc1ccn2ncnc2c1,0.713638296,0.736627164,0.834518863,-5.330275953,37.18128823,50.77566947,0.21357389,0.535224357,0.19754331,0.136554387,0.631267229,0.639606996,0.854445693,20.42864404,0.466229634,0.956517535,3.106570727,2.773851767,0.912931731,93.43467045,-4.396668512,6.426113043
CCCC(=O)Nc1c(I)cc(I)c(CC(CC)C(=O)O)c1I,0.26511063,0.805160352,0.845877751,-5.033573798,28.34263701,16.96632692,0.238267585,0.632011023,0.15366238,0.104784934,0.590693256,0.181657684,0.523524154,9.901966076,0.380766822,0.946812749,2.513053012,1.805320885,0.40947805,93.34124019,-4.275593923,4.929854901
N[C@@H](Cc1ccc(O)cc1)C(=O)O,0.109927014,0.76418816,0.865953934,-5.033990868,18.42414811,7.614910645,0.231008052,0.137046096,0.177230357,0.081942924,0.396517472,0.114210686,0.139137315,5.178554782,0.207007591,0.969679667,2.348232444,0.86946237,0.075752171,94.70867836,-1.067676971,1.077937002
COC1=C(OC)C(=O)C(C/C=C(\C)CC/C=C(\C)CC/C=C(\C)CC/C=C(\C)CC/C=C(\C)CC/C=C(\C)CC/C=C(\C)CC/C=C(\C)CC/C=C(\C)CCC=C(C)C)=C(C)C1=O,0.172479944,0.850379482,0.737261945,-4.931220188,17.25696223,53.07737695,0.191990299,0.415153933,0.15064812,0.105249834,0.500988482,0.58548156,0.208583802,12.66870571,0.445610802,0.952649033,2.323168638,3.184595057,0.83791043,93.28372778,-5.896935522,7.996989983
COc1c(O)c(C)c(C/C=C(\C)CC/C=C(\C)CC/C=C(\C)CC/C=C(\C)CC/C=C(\C)CC/C=C(\C)CC/C=C(\C)CC/C=C(\C)CC/C=C(\C)CCC=C(C)C)c(O)c1OC,0.158861067,0.847320621,0.748732019,-5.20974377,39.75048183,49.05717089,0.207674177,0.343700347,0.208917113,0.137756932,0.503985776,0.67942023,0.237665165,11.79150199,0.555863128,0.951560179,2.355852361,3.097376962,0.864485762,91.13828394,-5.976112013,5.742630494
C[C@@H]1[C@H](c2ccccc2)C[C@H](NC(=O)c2cnc3c(c2)C[C@@]2(C3)C(=O)Nc3ncccc32)C(=O)N1CC(F)(F)F,0.463322046,0.909114766,0.743593052,-5.272449938,29.74684187,37.29470745,0.197875541,0.758977635,0.166001931,0.093083531,0.682308061,0.820471865,0.760469039,13.46290929,0.646071699,0.967680441,2.938953363,2.816906176,0.914397356,91.73454696,-3.503743892,4.651563334
CCCOc1ccc(S(=O)(=O)NCCC2CCCN2C)cc1-c1nc(=O)c2c([nH]1)c(CCC)nn2C,0.529188016,0.78496591,0.827127714,-5.09831759,32.23317222,28.10777897,0.208994785,0.640404181,0.299644715,0.147961118,0.613459477,0.719314596,0.821908862,7.460318589,0.820292471,0.964540491,2.825127936,2.112986082,0.878750996,92.96342176,-3.832508144,2.417734544
C[C@H]1C[C@H]2[C@@H]3C[C@H](F)C4=CC(=O)C=C[C@]4(C)[C@@]3(F)[C@@H](O)C[C@]2(C)[C@@]1(O)C(=O)CCl,0.213616691,0.9197537,0.831074351,-4.906018903,37.94464783,29.70045159,0.164139918,0.145433157,0.143767953,0.065691866,0.697873844,0.538060573,0.254779279,13.38697221,0.504149734,0.96913473,2.765074752,2.623521592,0.598436197,92.27855787,-3.295318385,4.169402945
CC(C)Oc1ccc(-c2nn([C@@H](C)c3oc4ccc(F)cc4c(=O)c3-c3cccc(F)c3)c3ncnc(N)c23)cc1F,0.704334888,0.758710473,0.795964777,-4.98857204,37.35277561,27.59512961,0.25181475,0.778842854,0.184515214,0.101481658,0.662087787,0.376677429,0.866349952,17.211597,0.465953018,0.961118829,2.766848842,3.419671046,0.926034967,95.98807296,-5.504761353,4.780654705
OC(c1ccccc1)(c1ccccc1)C12CC[N+](CCOCc3ccccc3)(CC1)CC2,0.221756784,0.852058593,0.81109628,-5.186003216,23.60848483,35.54893751,0.200895751,0.157994052,0.254016182,0.684044692,0.540466178,0.222707311,0.145109608,29.51052341,0.820213958,0.420700815,2.578485626,2.882478895,0.900498137,95.21081732,-4.359948772,5.297947483
CCC(=O)OCCNC(=O)C[n+]1ccccc1.[Cl-],0.183165473,0.930124301,0.846701349,-4.773064993,32.39232435,46.3944855,0.168131456,0.131239051,0.178058588,0.083868243,0.43357808,0.111240797,0.179138755,16.77854514,0.520043534,0.963280337,2.248535913,1.692109054,0.113613253,83.33124948,-0.591058511,0.912091079
CCCCCCCC(=O)CC[C@@H]1[C@@H](C/C=C\CCCC(=O)O)[C@@H](O)C[C@H]1O,0.129808102,0.833060131,0.779719412,-5.111817347,33.91075745,13.11622928,0.191727577,0.309115943,0.152034823,0.072431572,0.51594795,0.251254425,0.135665479,12.88881575,0.281884635,0.96767228,2.419967235,1.728300031,0.663908725,93.5262662,-3.622926409,3.392632777
CC[C@@H]1CN(C(=O)NCC(F)(F)F)C[C@@H]1c1cnc2cnc3[nH]ccc3n12,0.484090164,0.880380165,0.787019339,-5.008509642,26.60342564,41.10717294,0.218707515,0.370668206,0.189063275,0.117119828,0.60564166,0.677581966,0.50475895,23.70819346,0.785905066,0.965502152,2.662275374,2.934570695,0.685797778,92.92264933,-2.987415614,2.854473422
N[13C](N)=O,0.213113437,0.948454401,0.878160701,-4.688170467,22.00943678,27.43297412,0.182823445,0.077979856,0.172637355,0.060795045,0.361782276,0.088746463,0.169411981,14.7714583,0.164507787,0.966743734,2.143852668,2.306848545,0.067514748,92.31896908,0.076114684,2.032524174
N[14C](N)=O,0.24534117,0.943672626,0.875337373,-4.698915369,23.27794273,26.58919281,0.18907921,0.079661273,0.178420888,0.061964992,0.372435211,0.089601647,0.16686288,14.97413834,0.164507787,0.966743731,2.452936282,2.325806366,0.066039366,92.34590121,0.065141989,2.04232925
CC(=O)OC[C@H]1O[C@@H](n2ccc(=O)[nH]c2=O)[C@H](OC(C)=O)[C@@H]1OC(C)=O,0.362484881,0.915156033,0.832578955,-5.037796235,22.18513784,41.05221045,0.19229309,0.151964351,0.191193643,0.075406629,0.516465177,0.141383212,0.893613095,10.91498902,0.248545012,0.958108705,2.272494871,2.066946239,0.269419836,94.1037719,-1.906063347,2.230459459
O=C(O)C[C@@H]1CC[C@H](NC(=O)Cc2cccs2)B(O)O1,0.261992287,0.844312389,0.806205906,-5.06565996,30.63403842,28.36760246,0.219940659,0.241026591,0.17574954,0.144692833,0.454876733,0.12116551,0.764785461,11.73380659,0.285999492,0.958868841,2.416280296,1.033282771,0.128483963,93.20303722,-1.718255632,1.259804305
COc1cc2c(cc1OC)[C@H]1C[C@@H](OC(=O)[C@@H](N)C(C)C)[C@H](CC(C)C)CN1CC2,0.200608079,0.906180569,0.68239592,-4.97245576,15.46978225,44.82389777,0.193047712,0.150866206,0.31731249,0.436254752,0.6489947,0.506538809,0.278888522,15.85761725,0.835970228,0.967995306,2.658896689,2.367640627,0.713847007,92.53439836,-3.548468621,2.702112299
CC(C)[C@H](N)C(=O)O,0.1800191,0.861370462,0.867134167,-4.759842012,16.18671418,14.84847171,0.23365229,0.090720728,0.16544185,0.069934118,0.385174177,0.088405385,0.111060105,9.056834574,0.21444433,0.967859792,1.994997399,0.935372934,0.068998289,93.09049523,-0.629543363,0.81281379
CCCC(CCC)C(=O)[O-].CCCC(CCC)C(=O)[O-].CCCC(CCC)C(=O)[O-].[Bi+3],0.084332134,0.873101134,0.813676253,-5.287006969,21.3450627,34.80657177,0.227111239,0.193414554,0.150517398,0.069283101,0.483694088,0.120292297,0.18670084,11.08824686,0.430279554,0.964168901,2.187445725,1.584513108,0.257138364,87.77531041,-3.128263391,0.714565979
CCCCC(=O)OCC(=O)[C@]1(O)Cc2c(O)c3c(c(O)c2[C@@H](O[C@H]2C[C@H](NC(=O)C(F)(F)F)[C@H](O)[C@H](C)O2)C1)C(=O)c1c(OC)cccc1C3=O,0.749438598,0.3620627,0.694638992,-5.481490489,33.40393642,45.84291137,0.181229561,0.278891621,0.153071066,0.084411507,0.609990492,0.702623027,0.867203862,16.8884868,0.690155341,0.956772932,3.239534386,2.488316654,0.58744365,90.65743564,-4.09243089,18.72186312
COc1cc2c(Nc3ccc(Br)cc3F)ncnc2cc1OCC1CCN(C)CC1,0.703113452,0.929481261,0.855357545,-4.866033989,21.70379132,22.54116235,0.185991071,0.209297974,0.447755147,0.706690552,0.439341261,0.408186288,0.77991249,17.86854021,0.858683456,0.964543625,2.822638838,3.004866307,0.935078639,92.56561044,-4.386749886,5.488851523
c1cnc2cc3c(cc2n1)C1CNCC3C1,0.545167441,0.917318007,0.845547459,-4.744704035,17.49812638,21.81682475,0.215167424,0.206221984,0.587991512,0.699052633,0.645856178,0.259805343,0.27334818,15.95124598,0.664460226,0.96826584,2.53634785,1.833592336,0.240800676,90.70784795,-1.969211181,5.124678158
NC(=O)CCC1NC(=O)C(Cc2ccccc2)NC(=O)C(Cc2ccc(O)cc2)NC(=O)C(N)CSSCC(C(=O)N2CCCC2C(=O)NC(CCCN=C(N)N)C(=O)NCC(N)=O)NC(=O)C(CC(N)=O)NC1=O.NCCCCC(NC(=O)C1CCCN1C(=O)C1CSSCC(N)C(=O)NC(Cc2ccc(O)cc2)C(=O)NC(Cc2ccccc2)C(=O)NC(CCC(N)=O)C(=O)NC(CC(N)=O)C(=O)N1)C(=O)NCC(N)=O,0.203661549,0.185951528,0.405184794,-6.438975603,50.83129656,41.53993477,0.243751953,0.131431763,0.376367644,0.130964912,0.519507776,0.302352845,0.582951815,24.74573517,0.729871533,0.15498203,2.909001468,0.636249129,0.321455526,62.25626175,-2.582135636,5.578734444
COC[C@H]1C[C@@H](c2ncc(-c3ccc4c(c3)COc3cc5c(ccc6nc([C@@H]7CC[C@H](C)N7C(=O)[C@@H](NC(=O)OC)C(C)C)[nH]c65)cc3-4)[nH]2)N(C(=O)[C@H](NC(=O)OC)c2ccccc2)C1,0.541220226,0.61042866,0.757311319,-5.437963428,44.16742726,82.68505755,0.24902486,0.819096731,0.181750968,0.262714814,0.643636648,0.805428955,0.817678931,30.64509324,0.777190068,0.958269831,3.225010305,2.795049264,0.88462727,95.30801505,-5.433433082,5.833043301
CC1(C)CCC(CN2CCN(c3ccc(C(=O)NS(=O)(=O)c4ccc(NCC5CCOCC5)c([N+](=O)[O-])c4)c(Oc4cnc5[nH]ccc5c4)c3)CC2)=C(c2ccc(Cl)cc2)C1,0.598629864,0.653152038,0.729523954,-5.432376634,35.98937233,43.61121152,0.232729893,0.670369864,0.199276764,0.192528032,0.594497912,0.79988076,0.848315271,26.73366971,0.687691125,0.955239226,2.917777187,2.470804989,0.910705317,94.93576214,-4.729180072,7.219735227
COC(=O)Nc1c(N)nc(-c2nn(Cc3ccccc3F)c3ncc(F)cc23)nc1N,0.782532018,0.838864361,0.830188265,-5.071430768,36.63476379,8.97556683,0.220388706,0.451257214,0.192810489,0.138276201,0.633355062,0.410522431,0.887772839,28.03821501,0.4845931,0.966456346,2.693905838,2.847798052,0.849421693,92.33505921,-3.511150535,7.208272299
C=Cc1c(C)c2cc3nc(cc4[nH]c(cc5nc(cc1[nH]2)C(C)=C5CCC(=O)O)c(CCC(=O)OC)c4C)[C@@]1(C)C3=CC=C(C(=O)OC)[C@H]1C(=O)OC,0.60979719,0.731088842,0.732013879,-5.251599929,39.88024569,77.4293049,0.241988782,0.816933583,0.157600024,0.113481877,0.614161785,0.619209279,0.788967264,26.13685921,0.531468722,0.956542589,2.820653363,1.803233834,0.84529365,95.13374682,-5.171074048,4.217838175
O=C(Nc1ccc(C[C@@H]2CC[C@H]([C@H](O)c3ccccc3)N2)cc1)[C@@H]1CCc2nccc(=O)n21,0.380882839,0.799213921,0.822977975,-5.332846146,32.38977192,27.40762832,0.207263704,0.522961001,0.167016083,0.22877285,0.530480076,0.458892412,0.59749245,12.99122903,0.51868033,0.965515944,2.81850787,2.095423784,0.91634434,94.20887301,-3.189256949,2.389464301
OCc1cc([C@@H](O)CNCCCCCCOCCOCc2c(Cl)cccc2Cl)ccc1O,0.171905827,0.696687987,0.844607426,-5.187994845,35.36566259,25.39155908,0.19243668,0.53687819,0.197108314,0.721274925,0.522319678,0.496784556,0.133916777,2.894373072,0.831579023,0.963161821,2.53903718,2.826482835,0.880217322,97.59202453,-4.007237184,3.620484177
N#Cc1ccc2[nH]cc(CCCCN3CCN(c4ccc5oc(C(N)=O)cc5c4)CC3)c2c1,0.626449416,0.923682557,0.836869462,-5.351537523,27.0546162,34.36039608,0.185269219,0.364726754,0.501864739,0.272670482,0.530421625,0.641525169,0.833223127,10.13548445,0.827001272,0.969141028,3.169470651,3.056487918,0.933750315,96.66811069,-4.062818607,3.091827295
CC[C@]1(O)C[C@@H]2C[N@@](CCc3c([nH]c4ccccc34)[C@@](C(=O)OC)(c3cc4c(cc3OC)N(C=O)[C@H]3[C@@](O)(C(=O)OC)[C@H](OC(C)=O)[C@]5(CC)C=CCN6CC[C@]43[C@@H]65)C2)C1,0.296348876,0.843466653,0.68784733,-5.287177589,49.5918905,59.75365492,0.179226691,0.332383224,0.389151219,0.118483015,0.730448511,0.827213508,0.546041757,18.56532883,0.739230488,0.953120784,3.043362703,2.877317871,0.856863894,91.62105304,-4.02962887,9.890989771
CC[C@]12C=CCN3CC[C@@]4(c5cc([C@@]6(C(=O)OC)C[C@@H]7C[C@@H](C(C)(F)F)C[N@](Cc8c6[nH]c6ccccc86)C7)c(OC)cc5N(C)[C@H]4[C@@](O)(C(=O)OC)[C@@H]1OC(C)=O)[C@@H]32,0.38454433,0.843636434,0.696332536,-5.150542471,48.7523648,58.81312535,0.188815598,0.484137321,0.403180664,0.121841855,0.712475823,0.828259657,0.647401954,18.01565482,0.668304286,0.948179056,2.949264474,2.636510029,0.804630363,91.49708247,-4.610515832,9.381196094
N=C1N[C@@H](O)C[C@H]([C@@H]2NC(=O)/C(=C/NC(N)=O)NC(=O)[C@H](CO)NC(=O)[C@H](CO)NC(=O)[C@@H](NC(=O)C[C@@H](N)CCCN)CNC2=O)N1,0.43438246,0.279480309,0.611909371,-6.715570427,17.9285447,20.47506925,0.200580849,0.101700922,0.196421176,0.076196329,0.517023713,0.124383183,0.68752823,9.58693713,0.375321691,0.783531187,2.392712881,0.803365824,0.184958913,66.91631941,-1.60680198,1.241441633
C=C/C=C/C[C@@H](C)[C@@H](O)[C@H]1C(=O)N[C@@H](CC)C(=O)N(C)CC(=O)N(C)[C@@H](CC(C)C)C(=O)N[C@@H](C(C)C)C(=O)N(C)[C@@H](CC(C)C)C(=O)N[C@@H](C)C(=O)N[C@H](C)C(=O)N(C)[C@@H](CC(C)C)C(=O)N(C)[C@@H](CC(C)C)C(=O)N(C)[C@@H](C(C)C)C(=O)N1C,0.141335197,0.425005955,0.637463551,-5.476700663,51.06456111,56.22328783,0.197804387,0.119379897,0.163430147,0.068002329,0.621112696,0.739854449,0.55175076,11.01557083,0.357920042,0.852729182,2.801573287,2.363803745,0.759860308,82.2334214,-4.673477054,5.242210183
CNCc1cc(-c2ccccc2F)n(S(=O)(=O)c2cccnc2)c1,0.401339582,0.867895358,0.869350224,-4.854332345,28.69692499,28.56463337,0.265718974,0.65440602,0.19352065,0.150866857,0.419174921,0.845952801,0.832248145,18.91747645,0.794968229,0.965823017,2.447120484,2.376405929,0.812460263,93.71716208,-3.25799243,2.496168146
CCOC(=O)N[C@@H]1CC[C@@H]2[C@@H](C1)C[C@H]1C(=O)O[C@H](C)[C@H]1[C@H]2/C=C/c1ccc(-c2cccc(F)c2)cn1,0.312403382,0.897749801,0.789645403,-5.029397947,35.89587017,51.12269051,0.199539233,0.466585429,0.165375296,0.079200749,0.686045729,0.67126438,0.610992027,19.77687245,0.770697768,0.966777574,2.556592283,3.355435451,0.887824582,96.55201414,-4.395980928,2.370169739
Cc1ccc(Sc2ccccc2N2CCNCC2)c(C)c1,0.308698521,0.948461114,0.855907977,-4.836449836,21.71482574,20.54474087,0.217771305,0.269925637,0.709303279,0.567315193,0.429720492,0.465130768,0.360883937,11.83667767,0.873259364,0.9651875,2.567759484,2.49837297,0.773223388,97.98486289,-3.765220503,8.314846595
CC(C)n1nccc1-c1ncccc1COc1cccc(O)c1C=O,0.364307934,0.884163997,0.817736431,-4.949549133,28.53799751,35.6661005,0.211584311,0.667661483,0.154262257,0.129222037,0.635134283,0.514231156,0.846570021,7.121891589,0.599728857,0.968563174,2.532472827,3.028687886,0.865104479,98.78361595,-3.535787389,2.84166748
CC[C@@H]1[C@@H]2CN(C(=O)[C@H](C(C)(C)C)NC(=O)O[C@@H]3C[C@H]3CCCCC(F)(F)c3nc4ccc(OC)cc4nc3O2)[C@@H]1C(=O)N[C@]1(C(=O)NS(=O)(=O)C2(C)CC2)C[C@H]1C(F)F,0.483052022,0.560587153,0.688915015,-5.197647629,44.62172149,60.88720982,0.215990618,0.390219853,0.17078598,0.099342433,0.674161114,0.81241022,0.808895412,23.65416631,0.566745203,0.955608228,3.831356555,2.565244125,0.730179636,94.35742726,-4.710346285,7.535357533
O,0.138120782,0.94351194,0.86395825,-4.529063162,21.23310345,37.87385686,0.190191243,0.085438522,0.153975172,0.065454506,0.403513339,0.088188922,0.179298405,15.89795366,0.210715287,0.967618275,2.137216309,2.425673332,0.067307879,88.35372769,-0.482530485,2.506139968
CN(CCO)CC(O)Cn1cnc2c1c(=O)n(C)c(=O)n2C,0.368847153,0.915051261,0.869434673,-5.007681149,29.12708352,22.28007099,0.21616675,0.14360147,0.350392194,0.081650014,0.565877106,0.217551526,0.496948082,7.68150739,0.709964566,0.967669939,2.494992352,1.343354297,0.312644438,84.66427906,-0.778384424,2.535816817
[127Xe],0.133248109,0.936348171,0.851906916,-4.48940544,21.09381048,38.13044829,0.190385987,0.087862348,0.162168295,0.080629717,0.406823722,0.089418444,0.156856076,17.60434972,0.205896723,0.9612104,2.628514664,2.702047128,0.078488821,89.45976689,-2.927996389,2.789942221
[129Xe],0.135780429,0.936348498,0.851906916,-4.48940544,21.10469013,37.95997101,0.191758281,0.087862348,0.161236217,0.080596047,0.409646108,0.088914632,0.156856076,17.58929745,0.205896723,0.956672004,2.600436901,2.720190697,0.074895968,89.57488812,-2.938889277,2.789942221
[133Xe],0.130628375,0.936348498,0.851906916,-4.48940544,21.20656992,37.95997101,0.193580404,0.087862348,0.161236217,0.080596047,0.40689873,0.089418444,0.156856076,17.60533505,0.205896723,0.9612104,2.613138799,2.693171901,0.07351898,89.47401419,-2.874243992,2.772221795
O=C[C@H](O)[C@@H](O)[C@H](O)CO,0.222616951,0.909764137,0.83637285,-5.278370543,13.45478247,5.796878078,0.189998298,0.089207316,0.205627392,0.061633685,0.410084646,0.089407229,0.121446724,16.5677819,0.22569595,0.964613737,1.888552442,1.455359928,0.072425548,85.90354589,0.140609579,1.2161229
[90Y],0.154462732,0.940650241,0.856777445,-4.497931558,21.02418428,37.31509788,0.195182984,0.088286585,0.159881756,0.083070198,0.404007474,0.088258876,0.164023642,17.07935577,0.205896723,0.967351412,2.17748908,2.694689262,0.071930214,89.78580019,-3.288865575,2.751239986
C=CC(=O)N1CCC([C@@H]2CCNc3c(C(N)=O)c(-c4ccc(Oc5ccccc5)cc4)nn32)CC1,0.725698003,0.829868115,0.816647189,-5.173808981,25.51261486,42.80351774,0.214405957,0.803835157,0.179891936,0.123037061,0.622764832,0.612692384,0.622029405,17.69456078,0.777529781,0.964544218,2.811629813,2.963249479,0.904231822,94.42382652,-3.935120369,2.776673772
CC1=C(/C=C/C(C)=C/C=C/C(C)=C/C=C/C=C(C)/C=C/C=C(C)/C=C/C2=C(C)C[C@@H](O)CC2(C)C)C(C)(C)C[C@H](O)C1,0.204210622,0.9049254,0.796547225,-5.223489791,18.21193247,42.84054514,0.199356189,0.495498087,0.159501777,0.132698291,0.667782929,0.308373967,0.336161385,21.29289303,0.526551896,0.965850571,2.473342558,3.207308822,0.855064011,96.50902691,-5.795645772,5.678287255
CSCC[C@@H]1NC(=O)[C@H](CC(C)C)NC(=O)[C@H](CCCNC(=N)N)NC(=O)[C@H](CO)NC(=O)[C@@H]2CSSC[C@@H]3NC(=O)[C@H](CO)NC(=O)CNC(=O)[C@H]([C@@H](C)O)NC(=O)[C@H](CSSC[C@H](N)C(=O)N[C@@H](CCCCN)C(=O)NCC(=O)N[C@@H](CCCCN)C(=O)NCC(=O)N[C@@H](C)C(=O)N[C@@H](CCCCN)C(=O)N2)NC(=O)[C@H](CSSC[C@@H](C(N)=O)NC(=O)[C@H](CCCCN)NC(=O)CNC(=O)[C@H](CO)NC(=O)[C@H](CCCNC(=N)N)NC3=O)NC(=O)[C@H](CC(=O)O)NC(=O)[C@H](Cc2ccc(O)cc2)NC1=O,0.232959828,0.244484205,0.402053367,-6.543393551,54.08232217,34.87872308,0.246911674,0.119205249,0.195761912,0.104277705,0.546022847,0.169967411,0.600705316,36.78043443,0.48357204,0.140106829,3.352010204,-0.376100373,0.272604474,62.88172454,-1.984215968,4.694751745
[Zn],0.169006344,0.936262051,0.855635905,-4.50342029,21.24710135,37.32178305,0.190261252,0.089432819,0.155708549,0.083586778,0.397902224,0.087010523,0.168583022,17.31941308,0.205896723,0.967357532,2.141470972,2.65941651,0.071910728,89.88750422,-2.613098871,2.64523231
O=C1O[C@H]([C@@H](O)CO)C([O-])=C1O.O=C1O[C@H]([C@@H](O)CO)C([O-])=C1O.[Zn+2],0.178167069,0.716831177,0.815203899,-5.755897285,22.9559323,44.96020361,0.194655406,0.109177956,0.158479202,0.066518014,0.448215285,0.103451608,0.43710144,21.15954076,0.182598386,0.95567396,2.210760693,1.470820204,0.128829427,79.06520859,-0.619516557,1.031324665
O=C([O-])[C@H](O)[C@@H](O)[C@H](O)[C@H](O)CO.O=C([O-])[C@H](O)[C@@H](O)[C@H](O)[C@H](O)CO.[Zn+2],0.162156898,0.705042078,0.67842888,-6.32212728,16.05538708,4.435816663,0.208022341,0.085012733,0.14810717,0.063646127,0.490157362,0.090494888,0.220501244,15.44221825,0.198688993,0.601638541,1.907612873,0.786041986,0.097991006,66.47898468,-0.597733608,0.325869131
O=S(=O)([O-])c1ccc(O)cc1.O=S(=O)([O-])c1ccc(O)cc1.[Zn+2],0.149234926,0.601861977,0.83686036,-5.12746624,22.99465875,25.64115593,0.223523379,0.147193506,0.153769084,0.067588809,0.392307365,0.118067631,0.545526255,13.86256052,0.260548974,0.963888041,2.169209099,2.551470004,0.127420053,90.84869872,-2.699608206,1.560756121
O=S(=O)([O-])[O-].[Zn+2],0.21232173,0.935958002,0.85092617,-4.611828185,20.58670124,33.67742083,0.204672523,0.086155681,0.162952066,0.068780222,0.381134644,0.08823313,0.487640198,17.62781539,0.203820432,0.966437609,2.11944542,2.348156094,0.069055372,88.37933182,-1.032956174,0.930099508
[OH][Zr][Cl],0.300043412,0.937118682,0.832586939,-4.488968154,23.3765704,36.2528654,0.197860379,0.094783122,0.166425776,0.065137009,0.409950719,0.091618837,0.242008805,15.78112425,0.21384642,0.964453949,2.160855248,2.671196792,0.070806918,88.61789711,-1.614268084,1.517782182
C[C@H](CSC(=O)c1ccccc1)C(=O)N1C[C@@H](Sc2ccccc2)C[C@H]1C(=O)O,0.187719972,0.761013639,0.851077475,-5.145007061,37.64437375,24.97107617,0.258815748,0.500592431,0.16753619,0.086500565,0.579393467,0.203738875,0.577216694,15.68675265,0.536257412,0.966447017,2.451917603,1.753675306,0.840071162,97.76242325,-3.816100101,2.271055571
NCCCCC(N)C(=O)O.O.O=P(O)(O)C(O)(Cn1ccnc1)P(=O)(O)O,0.446732808,0.761006033,0.773520105,-6.252669405,25.46276106,33.76932863,0.201789891,0.240947726,0.159197641,0.171600675,0.464415542,0.418045473,0.480976101,21.29561349,0.29577948,0.926605062,3.089569491,-0.030785547,0.189862669,80.75748285,-1.150377042,0.636268809
OC[C@H]1O[C@H](Oc2ccc(O)cc2)[C@H](O)[C@@H](O)[C@@H]1O,0.185733729,0.84547027,0.837500085,-5.296550858,23.38782087,14.38322162,0.213491598,0.10678636,0.200731443,0.080596553,0.424980793,0.111809071,0.196986953,11.7718544,0.450907571,0.962478373,2.216297897,1.751426063,0.119814783,89.74212121,-0.608033856,2.555135249
CC/C=C\C/C=C\C/C=C\CCCCCCCC(=O)O,0.111785679,0.914033679,0.869484769,-4.860754276,19.80871668,13.14148176,0.206608075,0.416525626,0.151065107,0.085932341,0.484376959,0.163646431,0.14838341,9.924891965,0.306649015,0.967856162,2.056206183,1.912243832,0.428226028,95.92539726,-4.731420863,3.020013291
Cc1c(C)c2c(c(C)c1OC(=O)CCC(=O)O)CC[C@@](C)(CCC[C@H](C)CCC[C@H](C)CCCC(C)C)O2,0.115754999,0.857218485,0.813324868,-5.17220442,21.63631842,30.60367715,0.210228853,0.358487788,0.166243393,0.085651032,0.655165055,0.25867624,0.473808223,12.64622475,0.597193406,0.968544633,2.482186532,2.050437717,0.797165724,95.62116667,-6.217139452,3.147155335
O=C(O)CCCO,0.146467927,0.932514212,0.867308687,-4.712862975,20.72409351,25.98236325,0.216424962,0.083302168,0.150707412,0.059506444,0.395401323,0.087094355,0.128752396,11.32432444,0.231380377,0.968405905,1.909492673,1.158132248,0.060835067,92.63388314,-0.271308617,0.697151528
CC1(C)CCC2C3CCC4=CC(=O)OC4(C)C3CC(O)C2(O)C1OC1OC(CO)C(O)C(O)C1O,0.249560225,0.666837926,0.682718367,-5.59289181,48.66059406,46.56762423,0.175239093,0.092365174,0.197970113,0.069667951,0.66142591,0.23181662,0.413247906,14.08998024,0.702138164,0.955682771,2.999857135,2.303631473,0.323212189,87.63696277,-2.175093182,1.348124716
CC(=O)Nc1ccc(O)cc1,0.251583902,0.936286103,0.865880739,-4.656187525,21.23695514,16.40548072,0.235174483,0.21648242,0.356655089,0.076778954,0.548735633,0.147111481,0.278162008,8.48655916,0.207583447,0.969062995,2.172464123,2.790449922,0.070653775,95.73297236,-1.407091385,2.01602778
CC(=O)CC(c1ccccc1)c1c(O)c2ccccc2oc1=O,0.358425765,0.728382975,0.843383037,-4.836382715,17.19475835,19.8572248,0.230229757,0.786647439,0.155082364,0.08416013,0.449697464,0.244909881,0.765792288,14.536336,0.278650199,0.969145151,2.754652634,2.371388946,0.736073083,98.01314309,-3.527822233,3.002705318
Cn1c(=O)c2c(ncn2C)n(C)c1=O,0.39508881,0.921149196,0.879930772,-4.493141836,34.82745426,20.98485914,0.247174229,0.125459308,0.377206691,0.064808589,0.618464218,0.177810835,0.712501986,5.976754675,0.600272221,0.968841091,2.359763383,2.195287912,0.295171059,94.49131511,-1.166264067,2.507731794
CC(C)Cc1ccc(C(C)C(=O)O)cc1,0.089406402,0.71849534,0.868895018,-4.60341962,15.38843133,11.9614677,0.291512478,0.195994214,0.149019595,0.073304178,0.414833004,0.126284456,0.335893235,10.11766624,0.285334285,0.969097625,2.293141254,1.819936216,0.075506418,95.9778538,-2.980563713,1.485500402
CNC(=O)c1cc(Oc2ccc(NC(=O)Nc3ccc(Cl)c(C(F)(F)F)c3)cc2)ccn1,0.268409518,0.892783389,0.853292045,-5.116676762,31.29057194,19.35513821,0.202718602,0.800284525,0.173989167,0.151230045,0.614604312,0.417645861,0.877656881,4.167560238,0.314390479,0.967973749,2.631172101,3.32799373,0.867164137,99.32662085,-4.402756431,5.337806165
CC(C)(C)c1ccc(C(O)CCCN2CCC(C(O)(c3ccccc3)c3ccccc3)CC2)cc1,0.134958058,0.865619581,0.845409705,-5.165737522,27.42134166,43.80938273,0.16570232,0.266183976,0.455081518,0.868912889,0.680245913,0.243891624,0.098989208,3.300752559,0.793857284,0.967917719,2.452561918,3.196382156,0.930711493,96.38668713,-5.024839846,3.57884149
Fc1ccc([C@@H]2CCNC[C@H]2COc2ccc3c(c2)OCO3)cc1,0.328719465,0.897042653,0.850762452,-5.18998017,28.058524,22.3880425,0.184920533,0.10435749,0.415002686,0.470588242,0.411105996,0.378189745,0.316969845,14.12470259,0.716204571,0.967063671,2.453014237,1.653349496,0.299381418,84.45282628,-1.751129595,1.591958073
Cc1oncc1C(=O)Nc1ccc(C(F)(F)F)cc1,0.307396543,0.903768385,0.845535468,-5.114430676,59.59671526,26.63880088,0.180497255,0.081328283,0.151757613,0.068778902,0.591565075,0.172811739,0.86413032,7.719043945,0.222285115,0.959146208,2.622336631,2.508419974,0.075366377,84.28168684,-1.006477221,1.73770493
CN1[C@@H]2CCC[C@H]1C[C@@H](NC(=O)c1nn(C)c3ccccc13)C2,0.3223968,0.89345007,0.833543036,-5.343051954,27.43808331,16.45639013,0.197121462,0.092763257,0.304060253,0.218767951,0.623407093,0.123450004,0.611678222,16.17866464,0.648728757,0.961095526,2.189944503,1.493117015,0.231395827,73.59864388,-1.721048341,3.322342248
CCCN1C[C@H](CSC)C[C@@H]2c3cccc4[nH]cc(c34)C[C@H]21,0.710079324,0.913087357,0.77496766,-5.087822831,41.07425738,53.0980609,0.192983643,0.111287704,0.237881236,0.8832863,0.642827258,0.205573521,0.197626231,16.37274052,0.763323356,0.95965344,2.67228098,2.400419457,0.596182753,87.36488859,-3.546303164,13.02834247
CCc1c(C)[nH]c2c1C(=O)C(CN1CCOCC1)CC2,0.426561456,0.885548643,0.829308092,-5.088114372,20.82889425,15.42467881,0.200974347,0.07588992,0.490453008,0.134445525,0.525836092,0.178693357,0.154420286,18.87077817,0.709649253,0.961408977,2.464373097,1.490292575,0.213960225,70.36246663,-0.281305974,5.188701138
CCCCCCCCCCCCCCCC(=O)OC[C@@H](NC(=O)C(Cl)Cl)[C@H](O)c1ccc([N+](=O)[O-])cc1,0.342672524,0.658188724,0.788485806,-5.706373655,39.25349583,31.43542641,0.202412602,0.41573193,0.182755787,0.146937642,0.534629288,0.354827891,0.397985163,5.623660935,0.484642059,0.855522348,2.46884767,2.765069961,0.661986275,84.86410322,-5.255688631,5.25678542
CCC[C@@H]1C[C@@H](C(=O)N[C@@H]([C@H]2O[C@H](SC)[C@H](O)[C@@H](O)[C@H]2O)[C@H](C)Cl)N(C)C1,0.217967812,0.4764262,0.741173286,-6.368656016,51.97604713,22.81628186,0.220323531,0.084506166,0.175981623,0.078302541,0.535872635,0.096773104,0.565882958,13.50751138,0.392010915,0.92561409,2.517594496,0.65015266,0.798193455,59.58996862,-2.130915896,4.285606195
CO[C@H]1/C=C/O[C@@]2(C)Oc3c(C)c(O)c4c(O)c(c(/C=N/N5CCN(C6CCCC6)CC5)c(O)c4c3C2=O)NC(=O)/C(C)=C\C=C\[C@H](C)[C@H](O)[C@@H](C)[C@@H](O)[C@@H](C)[C@H](OC(C)=O)[C@@H]1C,0.337507429,0.138513723,0.56119068,-6.148187421,49.05985874,64.96896576,0.179349707,0.123932645,0.141597614,0.086366713,0.500148889,0.149979678,0.815545509,42.13648537,0.612709993,0.727635627,3.061168227,2.241875756,0.584444181,81.53243209,-4.824128404,7.40520488
CCOc1nc2cccc(C(=O)OC(C)OC(=O)OC3CCCCC3)c2n1Cc1ccc(-c2ccccc2-c2nnn[nH]2)cc1,0.442172643,0.580522894,0.768872581,-5.474514296,43.23582486,50.70709851,0.260440306,0.731654645,0.15656507,0.120398428,0.487466373,0.790924645,0.828284113,0.459644143,0.626218143,0.947834541,2.374761537,2.765992267,0.90227339,97.97063203,-5.625228812,3.758173954
CO[C@H]1/C=C/O[C@@]2(C)Oc3c(C)c(O)c4c(O)c(c(/C=N/N5CCN(C)CC5)c(O)c4c3C2=O)NC(=O)/C(C)=C\C=C\[C@H](C)[C@H](O)[C@@H](C)[C@@H](O)[C@@H](C)[C@H](OC(C)=O)[C@@H]1C,0.485947752,0.131108214,0.590179868,-6.10030716,43.73286508,73.52085117,0.173470949,0.111837187,0.134953198,0.079341655,0.609908573,0.194399121,0.822004989,48.07933676,0.515742929,0.735652654,3.024744165,1.849644323,0.660504312,80.43383291,-4.119314608,7.507800135
CN(C)CC/C=C1/c2ccccc2Sc2ccc(Cl)cc21,0.387228187,0.923287501,0.831500873,-4.679754793,42.30553603,18.82788919,0.204015733,0.151605283,0.741580553,0.830988926,0.567202453,0.159117311,0.542594913,67.19989149,0.755782346,0.964517689,2.417255892,2.754769345,0.931980868,88.01035071,-4.934381252,10.2936555
O=C1C(O)=C([C@H]2CC[C@H](c3ccc(Cl)cc3)CC2)C(=O)c2ccccc21,0.211659862,0.7993037,0.597278228,-5.068015194,16.25875235,33.61236948,0.196046501,0.634749957,0.163756941,0.142140003,0.45292175,0.274010745,0.606491648,21.11640336,0.380450055,0.966395891,2.698413768,3.156837116,0.79750052,97.70609946,-5.226119554,7.419934517
CN(C)CCCN1c2ccccc2CCc2ccc(Cl)cc21,0.252662153,0.924999865,0.848413147,-4.716420669,30.81485269,28.75409049,0.292044368,0.120326714,0.762197332,0.893920773,0.641841349,0.20187323,0.288561657,65.59182386,0.843409282,0.967352873,2.45415761,2.612705761,0.708528118,93.69726452,-4.496255686,10.20419584
CN1CCCC(CC2c3ccccc3Sc3ccccc32)C1,0.344925889,0.916634916,0.831321561,-4.73751258,30.34472212,28.63533457,0.210789113,0.114765021,0.660363285,0.893923555,0.581533256,0.143012401,0.197888614,66.2461362,0.796807399,0.965152125,2.265998968,2.423849117,0.929958106,86.97685239,-4.429116014,14.66757333
CCN(CC)C(C)CN1c2ccccc2Sc2ccccc21,0.185925138,0.920714199,0.84949259,-4.679218728,46.12119034,26.09492011,0.212710989,0.148038665,0.464683794,0.884779305,0.435130367,0.167726576,0.472756255,14.15239537,0.745046694,0.967340376,2.373178436,2.908195659,0.838831027,96.46371213,-4.644247874,13.93311722
NC(N)=Nc1nc(CSCCC(N)=NS(N)(=O)=O)cs1,0.56273871,0.684003199,0.789932805,-6.514348561,37.96882964,-1.587655126,0.18860225,0.106493481,0.17888308,0.091141745,0.383452783,0.121668735,0.735157373,15.80671501,0.638061371,0.887881749,2.162774436,-0.42439327,0.126526555,63.27111288,-1.062596568,1.562490322
CN/C(=N/C#N)NCCSCc1nc[nH]c1C,0.39934997,0.346613852,0.821064123,-6.024977402,41.02814191,19.65944162,0.209077574,0.090549417,0.654926568,0.109107806,0.51776902,0.11184034,0.452034399,11.51882153,0.180417119,0.944753176,2.150610068,-0.245768319,0.107823679,54.53721449,-1.351904845,2.453573924
CCCCCNC(=N)N/N=C/c1c[nH]c2ccc(OC)cc12,0.640568978,0.767375197,0.80161569,-6.282353484,34.89931281,19.8365501,0.20285864,0.116336972,0.717050697,0.147487827,0.481295304,0.203189555,0.328597874,19.06004889,0.438996936,0.958601366,2.756031119,1.486979053,0.161111415,82.46592479,-0.648201883,2.094273117
C=CC1=C(C(=O)O)N2C(=O)[C@@H](NC(=O)/C(=N\O)c3csc(N)n3)[C@H]2SC1,0.298465875,0.138578333,0.500673485,-6.382738028,60.64458778,20.5515448,0.216898575,0.092262767,0.172965115,0.073742421,0.476214471,0.103779384,0.873417971,49.47703905,0.220042281,0.460076374,2.951418221,0.513765337,0.097118508,71.95505505,-1.149698378,2.349210098
CC1(C)S[C@@H]2[C@H](NC(=O)C(C(=O)Oc3ccc4c(c3)CCC4)c3ccccc3)C(=O)N2[C@H]1C(=O)O,0.110212139,0.204139062,0.724388346,-6.159183867,40.07895965,67.1723054,0.214996177,0.102304477,0.172972458,0.093427388,0.527858558,0.164120634,0.693773789,55.44677296,0.427412539,0.799956067,2.545163513,0.131471167,0.205893535,81.72863137,-2.104320316,3.546195409
